icao24,callsign,origin_country,time_position,last_contact,longitude,latitude,baro_altitude,on_ground,velocity,heading,vertical_rate,sensors,geo_altitude,squawk,spi,position_source,timestamp
39de4e,TVF58DM ,France,1790574574.0,1790574574,4.4933,49.4392,5890.26,False,173.92,252.26,-9.75,,6187.44,1000,False,0,2026-09-28 05:49:42.078546
80162d,AXB1896 ,India,1790574574.0,1790574574,77.2579,12.0742,7620.0,False,197.66,23.63,0.0,,8046.72,,False,0,2026-09-28 05:49:42.078546
80162a,IGO7671 ,India,1790574574.0,1790574574,76.4536,30.4538,5791.2,False,139.46,340.16,-0.65,,6027.42,,False,0,2026-09-28 05:49:42.078546
801638,AXB1385 ,India,1790574574.0,1790574574,77.7072,13.6459,4869.18,False,196.73,15.78,8.13,,5082.54,,False,0,2026-09-28 05:49:42.078546
39de4b,TVF13DQ ,France,1790574574.0,1790574575,-6.5293,43.1896,11894.82,False,205.06,220.52,0.0,,12252.96,1000,False,0,2026-09-28 05:49:42.078546
39de4d,TVF45BX ,France,1790574574.0,1790574574,5.4611,45.7819,10828.02,False,224.71,323.47,-5.2,,11285.22,1000,False,0,2026-09-28 05:49:42.078546
39de4c,TVF24KU ,France,1790574574.0,1790574575,-0.5372,39.9659,11887.2,False,215.18,196.53,0.0,,12397.74,7646,False,0,2026-09-28 05:49:42.078546
39de59,TVF8153 ,France,1790574572.0,1790574574,9.3575,38.352,11574.78,False,217.17,351.97,0.0,,12039.6,6153,False,0,2026-09-28 05:49:42.078546
39de58,TVF83YA ,France,1790574574.0,1790574574,7.5181,44.9234,11887.2,False,229.91,135.54,-0.33,,12344.4,1000,False,0,2026-09-28 05:49:42.078546
801645,AIC4JT  ,India,1790574574.0,1790574574,77.205,26.3515,9753.6,False,218.88,357.31,0.0,,10332.72,,False,0,2026-09-28 05:49:42.078546
a3feee,N357BG  ,United States,1790574574.0,1790574574,-83.6028,41.3914,281.94,False,48.87,270.6,-3.58,,259.08,,False,0,2026-09-28 05:49:42.078546
39de55,TVF97KC ,France,1790574574.0,1790574574,-1.9051,42.4297,10050.78,False,198.78,206.43,0.0,,10469.88,2310,False,0,2026-09-28 05:49:42.078546
801649,IGO2365 ,India,1790574572.0,1790574572,77.0809,28.565,,True,10.8,241.88,,,,,False,0,2026-09-28 05:49:42.078546
801647,IGO1606 ,India,1790574574.0,1790574574,101.7898,2.798,11590.02,False,248.66,291.74,0.0,,12352.02,4123,False,0,2026-09-28 05:49:42.078546
76eac4,UT3     ,Singapore,1790574394.0,1790574394,103.9871,1.3764,,True,11.32,22.5,,,,,False,0,2026-09-28 05:49:42.078546
801657,AIC5XK  ,India,1790574574.0,1790574574,76.2387,27.078,9037.32,False,217.95,204.99,4.23,,9540.24,,False,0,2026-09-28 05:49:42.078546
aae316,,United States,1790574532.0,1790574532,-112.0003,33.4367,,True,0.77,30.94,,,,,False,0,2026-09-28 05:49:42.078546
00b22e,SAA530  ,South Africa,1790574574.0,1790574574,28.5391,-26.5854,5783.58,False,154.02,290.74,-6.83,,6126.48,,False,0,2026-09-28 05:49:42.078546
ab1667,VXP725  ,United States,1790574574.0,1790574574,-76.8494,41.4187,8991.6,False,212.04,60.01,-5.53,,9265.92,0035,False,0,2026-09-28 05:49:42.078546
50049a,T7G45   ,San Marino,1790574565.0,1790574565,107.9398,-6.7242,8023.86,False,212.77,102.99,7.48,,8534.4,,False,0,2026-09-28 05:49:42.078546
ad5623,AAL3176 ,United States,1790574574.0,1790574575,-82.9876,31.1281,10668.0,False,237.01,154.55,0.0,,11148.06,6232,False,0,2026-09-28 05:49:42.078546
39de46,TVF591U ,France,1790574574.0,1790574574,-1.9597,43.2671,11879.58,False,201.15,232.69,0.0,,12283.44,7650,False,0,2026-09-28 05:49:42.078546
39de45,TVF83MR ,France,1790574574.0,1790574574,2.8049,48.781,1173.48,False,113.7,323.65,0.0,,1303.02,1000,False,0,2026-09-28 05:49:42.078546
39de48,TVF783R ,France,1790574574.0,1790574574,0.677,45.7966,11887.2,False,203.74,210.0,0.0,,12275.82,7655,False,0,2026-09-28 05:49:42.078546
a2ded8,SWA1429 ,United States,1790574574.0,1790574574,-102.9328,39.7153,12192.0,False,199.47,248.2,-0.33,,12717.78,1354,False,0,2026-09-28 05:49:42.078546
51113f,NYX801  ,Estonia,1790574574.0,1790574574,17.5974,59.0034,2849.88,False,146.97,353.77,-6.18,,3002.28,1000,False,0,2026-09-28 05:49:42.078546
801632,AKJ7004 ,India,1790574332.0,1790574332,81.4878,15.0163,11277.6,False,228.92,32.33,-0.33,,11948.16,,False,0,2026-09-28 05:49:42.078546
8a02cb,AWQ154  ,Indonesia,1790574574.0,1790574574,100.3645,10.114,10988.04,False,237.56,352.66,0.0,,,,False,0,2026-09-28 05:49:42.078546
51113c,NYX202  ,Estonia,1790574575.0,1790574575,23.0814,58.5194,2743.2,False,145.79,37.11,-0.33,,2887.98,,False,0,2026-09-28 05:49:42.078546
0d1314,VIV1021 ,Mexico,1790574574.0,1790574574,-98.4031,19.9765,8785.86,False,238.83,257.94,-4.23,,9387.84,,False,0,2026-09-28 05:49:42.078546
39de40,TVF54ZE ,France,1790574574.0,1790574574,1.5411,46.534,10035.54,False,244.4,22.79,-4.88,,10431.78,1000,False,0,2026-09-28 05:49:42.078546
39de42,TVF8336 ,France,1790574574.0,1790574575,5.2267,44.5323,11894.82,False,237.85,146.38,0.0,,12359.64,7653,False,0,2026-09-28 05:49:42.078546
8a02d9,J067KT  ,Indonesia,1790574451.0,1790574570,110.3481,-7.5415,2392.68,False,18.56,136.12,57.22,,2430.78,,False,0,2026-09-28 05:49:42.078546
39de41,TVF21BA ,France,1790574575.0,1790574575,2.6581,48.5209,3962.4,False,191.46,88.31,0.33,,4183.38,,False,0,2026-09-28 05:49:42.078546
39de44,TVF88JV ,France,1790574574.0,1790574574,2.3667,48.725,,True,0.0,75.94,,,,,False,0,2026-09-28 05:49:42.078546
39de43,TVF59WT ,France,1790574574.0,1790574574,14.3552,43.0356,11582.4,False,226.17,302.93,0.0,,12047.22,3202,False,0,2026-09-28 05:49:42.078546
511187,MBU7JU  ,Estonia,1790574574.0,1790574574,22.2213,39.844,10972.8,False,213.04,326.92,0.0,,11330.94,,False,0,2026-09-28 05:49:42.078546
80166d,AXB1498 ,India,1790574574.0,1790574574,77.7622,14.0224,6690.36,False,198.51,21.91,7.15,,7040.88,,False,0,2026-09-28 05:49:42.078546
44028a,EJU34LP ,Austria,1790574574.0,1790574574,-4.5175,45.4767,11574.78,False,246.04,48.65,-3.25,,11902.44,1000,False,0,2026-09-28 05:49:42.078546
511188,MBU7MX  ,Estonia,1790574574.0,1790574575,3.8203,41.4497,11277.6,False,231.34,197.87,0.0,,11772.9,1000,False,0,2026-09-28 05:49:42.078546
511189,CFG9TC  ,Estonia,1790574574.0,1790574574,11.024,41.9874,8427.72,False,215.49,176.3,-10.4,,8846.82,0123,False,0,2026-09-28 05:49:42.078546
470beb,HAENJ   ,Hungary,1790574574.0,1790574574,21.4878,47.5326,1158.24,False,35.0,24.3,-1.63,,1333.5,,False,0,2026-09-28 05:49:42.078546
abacd2,UAL2866 ,United States,1790574574.0,1790574574,-120.0906,34.4924,1607.82,False,104.49,178.03,0.0,,1615.44,2476,True,0,2026-09-28 05:49:42.078546
4acb01,NSZ3LW  ,Sweden,1790574575.0,1790574575,17.9273,59.6518,,True,3.09,191.25,,,,1000,False,0,2026-09-28 05:49:42.078546
4acb03,NSZ5YB  ,Sweden,1790574574.0,1790574574,12.7779,55.6965,510.54,False,86.73,221.63,-4.23,,617.22,0412,False,0,2026-09-28 05:49:42.078546
4acb02,NSZ5NE  ,Sweden,1790573293.0,1790574572,16.7277,57.8533,10972.8,False,224.93,195.66,3.58,,11170.92,1000,False,0,2026-09-28 05:49:42.078546
801683,AXB1273 ,India,1790574574.0,1790574575,77.0976,28.209,4457.7,False,160.06,134.74,10.4,,4617.72,,False,0,2026-09-28 05:49:42.078546
801689,AXB1894 ,India,1790574574.0,1790574574,77.9068,13.1127,2171.7,False,104.47,62.43,0.65,,2202.18,1000,False,0,2026-09-28 05:49:42.078546
e80251,LPE2377 ,Chile,1790574562.0,1790574562,-76.3164,-14.9955,10668.0,False,235.35,165.05,0.0,,11407.14,,False,0,2026-09-28 05:49:42.078546
4bc8c8,PGT2265 ,Turkey,1790574468.0,1790574468,29.2936,40.8813,144.78,False,64.67,65.07,-2.93,,205.74,5154,False,0,2026-09-28 05:49:42.078546
4bc8c6,PGT1912 ,Turkey,1790574574.0,1790574574,31.9479,37.8333,10668.0,False,234.64,155.8,0.0,,10949.94,5366,False,0,2026-09-28 05:49:42.078546
4bc8c4,PGT268L ,Turkey,1790574574.0,1790574574,22.0789,43.4301,10370.82,False,216.26,299.19,0.0,,10683.24,6017,False,0,2026-09-28 05:49:42.078546
801681,AXB1236 ,India,1790574575.0,1790574575,77.1909,27.9276,3817.62,False,154.52,9.78,-7.48,,3954.78,,False,0,2026-09-28 05:49:42.078546
e80259,LPE2402 ,Chile,1790574574.0,1790574574,-77.0041,-12.2399,2613.66,False,147.7,139.1,11.05,,2788.92,,False,0,2026-09-28 05:49:42.078546
511171,CFG7ME  ,Estonia,1790574574.0,1790574574,-1.3482,43.1891,10675.62,False,204.38,209.73,0.0,,11094.72,3743,False,0,2026-09-28 05:49:42.078546
511170,MBU5TA  ,Estonia,1790574574.0,1790574574,15.7452,44.9406,11277.6,False,241.74,151.25,0.0,,11727.18,6521,False,0,2026-09-28 05:49:42.078546
841a6c,ADO78   ,Japan,1790574574.0,1790574574,143.7959,41.1725,12192.0,False,188.62,196.8,0.0,,12565.38,,False,0,2026-09-28 05:49:42.078546
4bc8d5,PGT46U  ,Turkey,1790574574.0,1790574575,30.7334,40.3181,8092.44,False,220.33,277.11,-8.78,,8328.66,0762,False,0,2026-09-28 05:49:42.078546
80164a,VTXIB   ,India,1790574572.0,1790574574,69.9077,22.8546,800.1,False,54.8,279.73,-2.6,,762.0,,False,0,2026-09-28 05:49:42.078546
80164f,AIC8RN  ,India,1790574571.0,1790574574,77.6906,28.5166,2659.38,False,128.99,303.12,-3.58,,2705.1,,False,0,2026-09-28 05:49:42.078546
478891,BNO2B   ,Norway,1790574328.0,1790574328,14.4828,67.3691,1676.4,False,92.18,2.56,11.7,,1516.38,,False,0,2026-09-28 05:49:42.078546
80164c,IGO078  ,India,1790574575.0,1790574575,74.7498,15.4189,10668.0,False,239.53,126.35,0.0,,11330.94,,False,0,2026-09-28 05:49:42.078546
471efa,WZZ5918 ,Hungary,1790574574.0,1790574574,16.6146,50.033,10980.42,False,226.17,302.93,0.0,,11376.66,3252,False,0,2026-09-28 05:49:42.078546
801659,AIC161  ,India,1790574574.0,1790574574,2.4427,49.8164,12192.0,False,254.35,313.61,0.0,,12496.8,5246,False,0,2026-09-28 05:49:42.078546
471efd,WMT8QP  ,Hungary,1790574574.0,1790574574,16.7846,43.5,10363.2,False,219.08,310.05,0.0,,10782.3,5601,False,0,2026-09-28 05:49:42.078546
801661,IGO2317 ,India,1790574574.0,1790574575,76.8873,28.6404,2750.82,False,150.52,298.14,13.0,,2804.16,,False,0,2026-09-28 05:49:42.078546
801662,IGO648  ,India,1790574574.0,1790574574,77.5301,31.1575,11590.02,False,215.55,183.97,0.33,,12260.58,,False,0,2026-09-28 05:49:42.078546
e80278,LPE2462 ,Chile,1790574575.0,1790574575,-77.1049,-12.0611,411.48,False,100.4,148.83,3.9,,464.82,,False,0,2026-09-28 05:49:42.078546
801666,AIC105  ,India,1790574574.0,1790574575,-4.6133,52.786,11582.4,False,237.71,297.73,0.0,,11673.84,5741,False,0,2026-09-28 05:49:42.078546
00b230,,South Africa,1790574569.0,1790574569,20.494,-32.4331,10980.42,False,210.54,227.97,0.0,,,,False,0,2026-09-28 05:49:42.078546
51118a,MBU3UM  ,Estonia,1790574574.0,1790574574,2.7958,43.6378,11285.22,False,230.03,178.59,0.0,,11750.04,1117,False,0,2026-09-28 05:49:42.078546
44029f,AUA15L  ,Austria,1790574574.0,1790574574,13.4037,47.1187,10066.02,False,219.18,245.6,0.0,,10515.6,1000,False,0,2026-09-28 05:49:42.078546
8744d4,ANA764  ,Japan,1790574574.0,1790574574,135.4657,34.7606,152.4,False,79.3,315.53,-4.88,,175.26,,False,0,2026-09-28 05:49:42.078546
80165d,AXB242  ,India,1790574575.0,1790574575,98.4421,14.1631,10866.12,False,229.62,74.94,-4.88,,12009.12,0311,False,0,2026-09-28 05:49:42.078546
a59530,SCW3522 ,United States,1790574575.0,1790574575,-84.1106,35.4965,8587.74,False,220.74,277.9,-9.1,,8923.02,2113,False,0,2026-09-28 05:49:42.078546
e8026c,LAN603  ,Chile,1790574574.0,1790574574,-77.7043,-13.3888,11879.58,False,258.19,156.14,0.0,,12664.44,,False,0,2026-09-28 05:49:42.078546
80165e,AXB2892 ,India,1790574574.0,1790574575,85.2696,22.0365,11277.6,False,228.89,30.08,0.0,,11993.88,7267,False,0,2026-09-28 05:49:42.078546
7c7239,WUJ     ,Australia,1790574574.0,1790574575,144.3842,-38.2662,1226.82,False,69.82,196.7,-0.33,,1363.98,1200,False,0,2026-09-28 05:49:42.078546
801669,IGO6084 ,India,1790574573.0,1790574575,77.47,30.4001,10599.42,False,248.03,3.92,2.93,,11201.4,,False,0,2026-09-28 05:49:42.078546
511194,MBU6146 ,Estonia,1790574574.0,1790574574,20.6467,39.9908,10668.0,False,248.57,151.84,0.0,,11049.0,6035,False,0,2026-09-28 05:49:42.078546
488206,SPARG   ,Poland,1790574575.0,1790574575,16.8431,48.7611,9022.08,False,229.64,46.72,9.75,,9387.84,5150,False,0,2026-09-28 05:49:42.078546
801674,AIC4PX  ,India,1790574396.0,1790574396,75.1521,30.6022,5981.7,False,215.98,345.8,-19.51,,6240.78,,False,0,2026-09-28 05:49:42.078546
801672,AIC4UV  ,India,1790574574.0,1790574574,76.8507,26.2527,10241.28,False,232.2,177.71,4.55,,10866.12,,False,0,2026-09-28 05:49:42.078546
3442c2,ANE19KG ,Spain,1790574388.0,1790574388,-3.5865,40.4968,,True,5.92,174.38,,,,,False,0,2026-09-28 05:49:42.078546
505f15,ENT9CF  ,Slovakia,1790574574.0,1790574575,26.8684,36.522,8001.0,False,187.62,292.06,7.8,,8252.46,,False,0,2026-09-28 05:49:42.078546
3455da,VOE96MN ,Spain,1790574574.0,1790574575,1.8452,48.5101,3352.8,False,164.67,34.43,0.0,,3543.3,1000,False,0,2026-09-28 05:49:42.078546
e80210,LPE2469 ,Chile,1790574503.0,1790574503,-76.9948,33.0641,10363.2,False,214.18,200.09,0.33,,10805.16,3020,False,0,2026-09-28 05:49:42.078546
e80219,ARE4098 ,Chile,1790574574.0,1790574574,-76.2203,3.7852,4076.7,False,146.24,44.71,11.38,,4358.64,,False,0,2026-09-28 05:49:42.078546
39470b,TJT1511 ,France,1790574574.0,1790574574,2.1531,43.574,3771.9,False,131.94,294.17,-4.55,,4023.36,1000,False,0,2026-09-28 05:49:42.078546
0d11d1,,Mexico,1790574360.0,1790574360,-86.8632,21.0389,0.0,False,8.56,212.74,0.0,,0.0,,False,0,2026-09-28 05:49:42.078546
86cfa0,ANA494  ,Japan,1790574574.0,1790574574,140.7681,36.9744,5570.22,False,194.7,171.18,-5.2,,5852.16,3440,False,0,2026-09-28 05:49:42.078546
440248,EJU81AT ,Austria,1790574574.0,1790574574,10.775,45.948,6964.68,False,202.26,134.79,-9.75,,7360.92,1000,False,0,2026-09-28 05:49:42.078546
3455d9,VOE2EM  ,Spain,1790574574.0,1790574574,3.9797,43.4745,1394.46,False,125.68,118.35,-2.93,,1546.86,1000,False,0,2026-09-28 05:49:42.078546
e8020c,LAP1321 ,Chile,1790574574.0,1790574574,-76.5962,-12.4389,5204.46,False,190.5,116.29,11.38,,5562.6,,False,0,2026-09-28 05:49:42.078546
3455d5,IBE03TH ,Spain,1790574574.0,1790574574,-3.5724,40.4949,,True,5.4,0.0,,,,3331,False,0,2026-09-28 05:49:42.078546
4acb58,SAS211  ,Sweden,1790574574.0,1790574574,8.0746,58.2007,,True,6.94,30.94,,,,,False,0,2026-09-28 05:49:42.078546
440251,CHG572  ,Austria,1790574574.0,1790574574,-2.7171,50.7485,11887.2,False,270.38,76.02,-0.33,,12070.08,3420,False,0,2026-09-28 05:49:42.078546
0d11cc,VIV7067 ,Mexico,1790574570.0,1790574570,-99.2089,19.7207,3276.6,False,115.79,174.39,-4.88,,3474.72,,False,0,2026-09-28 05:49:42.078546
a0f4a2,DAL216  ,United States,1790574574.0,1790574574,2.5168,41.2397,11582.4,False,249.76,102.49,0.0,,12062.46,5751,False,0,2026-09-28 05:49:42.078546
3c5ee6,EWG79EB ,Germany,1790574574.0,1790574574,17.1666,44.6572,11277.6,False,238.69,131.59,0.0,,11689.08,6420,False,0,2026-09-28 05:49:42.078546
3c5ee5,EWG3Y   ,Germany,1790574575.0,1790574575,-0.816,52.0216,4549.14,False,170.22,303.79,-8.45,,4709.16,4117,False,0,2026-09-28 05:49:42.078546
0d11e6,VIV1229 ,Mexico,1790574574.0,1790574575,-99.1139,19.4112,2331.72,False,79.14,59.1,-4.23,,2446.02,,False,0,2026-09-28 05:49:42.078546
adda51,CAP2028 ,United States,1790574575.0,1790574575,-84.2444,42.1902,1638.3,False,56.2,23.75,0.0,,1653.54,,False,0,2026-09-28 05:49:42.078546
4acb23,NSZ2JM  ,Sweden,1790574574.0,1790574574,-3.2467,40.853,10972.8,False,253.06,8.89,0.0,,11414.76,4637,False,0,2026-09-28 05:49:42.078546
4bc8ca,PGT618  ,Turkey,1790574573.0,1790574574,30.9433,33.2492,10668.0,False,224.94,178.03,0.0,,11132.82,5342,False,0,2026-09-28 05:49:42.078546
ad41cd,SWA4578 ,United States,1790574399.0,1790574399,-110.9379,32.1192,,True,0.06,78.75,,,,3261,False,0,2026-09-28 05:49:42.078546
3c5ee2,EWG2618 ,Germany,1790574428.0,1790574428,19.4913,40.6495,8061.96,False,250.31,159.93,-20.16,,8587.74,6420,False,0,2026-09-28 05:49:42.078546
4bc8e2,PGT1911 ,Turkey,1790574573.0,1790574574,29.7922,39.4663,8107.68,False,222.31,336.4,-12.68,,8351.52,2574,False,0,2026-09-28 05:49:42.078546
3c5ee1,EWG30Y  ,Germany,1790574335.0,1790574335,16.557,48.1191,,True,0.26,25.31,,,,7711,False,0,2026-09-28 05:49:42.078546
e8022a,LPE2477 ,Chile,1790574574.0,1790574575,-110.5842,29.1714,10058.4,False,241.14,129.63,0.0,,10690.86,3274,False,0,2026-09-28 05:49:42.078546
3c5ef8,EWG84T  ,Germany,1790574574.0,1790574574,8.8375,49.3124,9730.74,False,213.05,189.03,-7.48,,10165.08,1115,False,0,2026-09-28 05:49:42.078546
80169d,IGO294Y ,India,1790574566.0,1790574566,77.0907,28.5625,,True,6.43,194.06,,,,,False,0,2026-09-28 05:49:42.078546
80169e,AKJ590  ,India,1790574348.0,1790574348,73.3459,15.2301,10972.8,False,241.21,298.26,0.0,,11643.36,0642,False,0,2026-09-28 05:49:42.078546
3c5ef6,EWG17V  ,Germany,1790574574.0,1790574574,9.4327,48.4807,11894.82,False,223.21,152.25,0.0,,12336.78,1000,False,0,2026-09-28 05:49:42.078546
46b82a,AEE990  ,Greece,1790574529.0,1790574529,23.9315,37.9348,,True,2.06,2.81,,,,,False,0,2026-09-28 05:49:42.078546
46b82d,AEE6IM  ,Greece,1790574574.0,1790574574,22.2135,38.6316,8999.22,False,216.42,300.89,3.9,,9364.98,,False,0,2026-09-28 05:49:42.078546
46b82b,AEE2BR  ,Greece,1790574566.0,1790574574,23.9329,37.9323,,True,0.0,270.0,,,,,False,0,2026-09-28 05:49:42.078546
3c5eed,EWG61X  ,Germany,1790574306.0,1790574306,2.5564,49.0222,,True,9.77,177.19,,,,1343,False,0,2026-09-28 05:49:42.078546
3c5eec,EWG8C   ,Germany,1790574574.0,1790574575,8.495,48.2159,4892.04,False,135.44,177.39,-6.18,,5189.22,1000,False,0,2026-09-28 05:49:42.078546
4bc8da,PGT93HX ,Turkey,1790574574.0,1790574574,14.3958,49.2201,10363.2,False,220.16,303.95,0.0,,10789.92,3240,False,0,2026-09-28 05:49:42.078546
3d2530,DEMII   ,Germany,1790574574.0,1790574574,10.2618,47.0093,3048.0,False,83.53,196.09,2.28,,3284.22,7000,False,0,2026-09-28 05:49:42.078546
3c5eeb,EWG2FC  ,Germany,1790574574.0,1790574575,7.5125,50.9256,6957.06,False,202.03,152.39,11.38,,7284.72,1000,False,0,2026-09-28 05:49:42.078546
e80244,LPE2468 ,Chile,1790574574.0,1790574574,-78.5609,-8.3756,9753.6,False,247.81,345.33,0.0,,10424.16,,False,0,2026-09-28 05:49:42.078546
3c5ef0,EWG68N  ,Germany,1790574574.0,1790574574,16.3258,49.0133,7002.78,False,205.06,139.48,-10.73,,7353.3,7604,False,0,2026-09-28 05:49:42.078546
3c5ef2,EWG4JP  ,Germany,1790574574.0,1790574575,11.6351,51.2094,9601.2,False,212.5,55.16,-4.88,,9997.44,5025,False,0,2026-09-28 05:49:42.078546
44025c,SKV557  ,Austria,1790574572.0,1790574573,1.3775,38.8773,,True,0.0,149.06,,,,,False,0,2026-09-28 05:49:42.078546
440219,EJU516K ,Austria,1790574499.0,1790574499,-0.5571,46.0799,1211.58,False,145.49,301.55,-11.7,,1417.32,1000,False,0,2026-09-28 05:49:42.078546
46b831,AEE3RE  ,Greece,1790574335.0,1790574491,24.2585,35.8223,3436.62,False,131.88,138.16,-5.53,,3566.16,,False,0,2026-09-28 05:49:42.078546
46b832,AEE104  ,Greece,1790574574.0,1790574574,23.6283,39.7265,6423.66,False,214.88,326.42,-11.7,,6690.36,,False,0,2026-09-28 05:49:42.078546
46b835,AEE2LK  ,Greece,1790574574.0,1790574574,26.4097,36.9978,10043.16,False,264.98,118.65,1.63,,10370.82,,False,0,2026-09-28 05:49:42.078546
46b836,AEE13   ,Greece,1790574574.0,1790574574,23.9512,37.9376,,True,3.6,216.56,,,,,False,0,2026-09-28 05:49:42.078546
44020c,EJU68CA ,Austria,1790574575.0,1790574575,9.7786,51.4955,10668.0,False,228.19,9.08,0.0,,11087.1,7516,False,0,2026-09-28 05:49:42.078546
50043e,T7AFP   ,San Marino,1790574573.0,1790574574,51.1566,26.496,13106.4,False,219.99,289.54,0.33,,13830.3,3406,False,0,2026-09-28 05:49:42.078546
46b833,AEE3IR  ,Greece,,1790574574,,,,False,177.39,330.46,11.38,,,,False,0,2026-09-28 05:49:42.078546
44020a,AUA97J  ,Austria,1790571195.0,1790574574,18.22,58.1747,11277.6,False,239.34,203.7,7.15,,,1000,False,0,2026-09-28 05:49:42.078546
a8eed8,FFT2996 ,United States,1790574574.0,1790574574,-99.1541,33.8147,11285.22,False,285.95,137.99,0.0,,11932.92,3527,False,0,2026-09-28 05:49:42.078546
440209,EJU53KR ,Austria,1790574574.0,1790574574,-0.0462,45.2857,10668.0,False,218.65,143.8,0.0,,11064.24,1000,False,0,2026-09-28 05:49:42.078546
46b824,AEE353  ,Greece,1790574574.0,1790574574,24.9256,36.8141,6256.02,False,179.83,298.91,7.48,,6492.24,,False,0,2026-09-28 05:49:42.078546
46b825,AEE5RF  ,Greece,1790574574.0,1790574574,20.8629,39.239,10728.96,False,220.85,300.21,5.85,,11102.34,,False,0,2026-09-28 05:49:42.078546
46b822,AEE61CG ,Greece,1790574559.0,1790574566,23.9313,37.933,,True,0.0,2.81,,,,,False,0,2026-09-28 05:49:42.078546
46b823,AEE283  ,Greece,1790574574.0,1790574574,21.4708,38.4899,9227.82,False,243.82,131.49,8.13,,9593.58,,False,0,2026-09-28 05:49:42.078546
46b828,AEE7CH  ,Greece,1790574574.0,1790574574,23.0394,38.2058,6507.48,False,198.0,280.03,9.75,,6774.18,,False,0,2026-09-28 05:49:42.078546
46b827,AEE911  ,Greece,1790574574.0,1790574575,25.6368,37.1863,10584.18,False,208.12,293.14,-8.45,,10934.7,7342,False,0,2026-09-28 05:49:42.078546
440237,EJU18TV ,Austria,1790574574.0,1790574575,4.6812,45.2752,6842.76,False,202.09,57.69,-4.88,,7231.38,1000,False,0,2026-09-28 05:49:42.078546
440235,OEXYZ   ,Austria,1790574522.0,1790574547,12.5456,45.5006,502.92,False,54.7,211.15,0.33,,632.46,4211,False,0,2026-09-28 05:49:42.078546
44022d,AUA90T  ,Austria,1790574575.0,1790574575,15.1953,52.115,11277.6,False,230.85,161.69,0.0,,11689.08,1000,False,0,2026-09-28 05:49:42.078546
44022b,AUA148  ,Austria,1790574574.0,1790574574,8.5563,47.4502,,True,4.37,334.69,,,,1000,False,0,2026-09-28 05:49:42.078546
a8a82f,QXE2189 ,United States,1790574573.0,1790574574,-122.2842,47.846,457.2,False,70.5,358.75,-3.58,,464.82,2137,False,0,2026-09-28 05:49:42.078546
47880d,SAS916  ,Norway,1790574574.0,1790574574,-1.3579,56.1212,12496.8,False,254.86,92.31,0.0,,12565.38,1405,False,0,2026-09-28 05:49:42.078546
3d257b,DEMLF   ,Germany,1790574574.0,1790574574,6.6873,51.4836,1546.86,False,69.06,236.55,-2.28,,1684.02,1000,False,0,2026-09-28 05:49:42.078546
a4fa16,N42JH   ,United States,1790574574.0,1790574574,-6.8719,53.7374,4419.6,False,162.98,100.0,-4.55,,4465.32,7720,False,0,2026-09-28 05:49:42.078546
aa07f9,UAL2258 ,United States,1790574481.0,1790574481,-87.9266,41.9714,,True,9.26,0.0,,,,3230,False,0,2026-09-28 05:49:42.078546
a101f9,EJA164  ,United States,1790574574.0,1790574575,-122.1303,43.7226,13106.4,False,245.95,350.85,0.0,,13441.68,5020,False,0,2026-09-28 05:49:42.078546
4aca9a,NSZ3752 ,Sweden,1790574570.0,1790574570,16.7961,43.2219,11887.2,False,244.69,165.26,0.0,,12321.54,0532,False,0,2026-09-28 05:49:42.078546
7c1c55,AL483   ,Australia,1790574575.0,1790574575,153.0734,-27.076,1645.92,False,120.39,126.14,-3.9,,1813.56,,False,0,2026-09-28 05:49:42.078546
885225,THA656  ,Thailand,1790574574.0,1790574574,126.977,36.1476,6949.44,False,221.09,5.21,-9.75,,7284.72,7010,False,0,2026-09-28 05:49:42.078546
87455c,ANA555  ,Japan,1790574529.0,1790574533,140.9722,41.7264,777.24,False,80.25,292.62,-5.53,,746.76,4720,False,0,2026-09-28 05:49:42.078546
c04830,CGBIT   ,Canada,1790574571.0,1790574571,-112.8421,52.0887,1965.96,False,55.65,356.82,0.0,,1943.1,,False,0,2026-09-28 05:49:42.078546
ab5d2c,DAL130  ,United States,1790574574.0,1790574574,10.1827,49.1752,7680.96,False,211.31,131.84,-9.43,,8069.58,2050,False,0,2026-09-28 05:49:42.078546
c0481b,ROU1949 ,Canada,1790574574.0,1790574574,-119.9821,49.9807,11574.78,False,223.37,252.02,-1.3,,11696.7,6546,False,0,2026-09-28 05:49:42.078546
e0b215,ARG1133 ,Argentina,1790574574.0,1790574574,-55.4256,-28.0543,12192.0,False,225.68,188.39,0.0,,12885.42,,False,0,2026-09-28 05:49:42.078546
8014ae,AXB1256 ,India,1790574574.0,1790574574,87.4835,20.793,10248.9,False,230.8,39.94,-3.9,,10888.98,1000,False,0,2026-09-28 05:49:42.078546
8a0490,BTK7631 ,Indonesia,1790574575.0,1790574575,100.6741,14.1535,822.96,False,83.53,163.91,0.0,,822.96,,False,0,2026-09-28 05:49:42.078546
7c1c45,FD575   ,Australia,1790574574.0,1790574574,136.7123,-34.6688,5181.6,False,137.91,95.14,0.0,,5448.3,,False,0,2026-09-28 05:49:42.078546
7cf9ce,ASY172  ,Australia,1790574562.0,1790574563,175.3958,-40.2437,571.5,False,107.38,107.57,-0.98,,563.88,,False,0,2026-09-28 05:49:42.078546
a00929,RPA4727 ,United States,1790574561.0,1790574561,-71.0225,42.3611,,True,4.12,315.0,,,,1162,False,0,2026-09-28 05:49:42.078546
7cf9cc,ASY169  ,Australia,1790574573.0,1790574573,134.5019,35.9126,9144.0,False,203.36,252.02,0.33,,9677.4,2416,False,0,2026-09-28 05:49:42.078546
4aca81,NSZ6RD  ,Sweden,1790574575.0,1790574575,20.6154,59.8674,8732.52,False,207.25,255.48,-11.7,,8991.6,2507,False,0,2026-09-28 05:49:42.078546
4aca84,NSZ23Y  ,Sweden,1790574574.0,1790574574,17.9054,59.5689,861.06,False,101.68,161.11,11.05,,975.36,0432,False,0,2026-09-28 05:49:42.078546
4aca83,NSZ2900 ,Sweden,1790574574.0,1790574575,7.3585,47.0663,11277.6,False,226.69,211.92,0.0,,11727.18,1000,False,0,2026-09-28 05:49:42.078546
4aca86,NSZ21U  ,Sweden,1790574574.0,1790574574,12.9859,56.8161,10972.8,False,215.75,221.52,0.0,,11308.08,0762,False,0,2026-09-28 05:49:42.078546
4aca85,NSZ3YT  ,Sweden,1790573160.0,1790574574,16.0409,57.3761,10972.8,False,233.07,203.96,0.0,,11308.08,1000,False,0,2026-09-28 05:49:42.078546
ab5d52,DAL228  ,United States,1790574575.0,1790574575,1.4717,49.3044,3055.62,False,156.76,93.95,0.33,,3223.26,6317,False,0,2026-09-28 05:49:42.078546
4aca87,NSZ2766 ,Sweden,1790574574.0,1790574574,18.6268,59.1505,11582.4,False,215.33,247.97,0.0,,11864.34,6203,False,0,2026-09-28 05:49:42.078546
a234db,N241MT  ,United States,1790574386.0,1790574386,-103.3484,32.9664,1127.76,False,0.51,180.0,0.0,,1173.48,,False,0,2026-09-28 05:49:42.078546
e07584,ARG1271 ,Argentina,1790574574.0,1790574574,-48.0479,-25.2964,10972.8,False,212.13,242.88,0.33,,11582.4,7226,True,0,2026-09-28 05:49:42.078546
e07582,ARG1221 ,Argentina,1790574573.0,1790574573,-42.6003,-21.9143,10972.8,False,218.13,218.68,0.0,,11590.02,,False,0,2026-09-28 05:49:42.078546
84d283,JJP332  ,Japan,1790574575.0,1790574575,140.8918,34.3908,6987.54,False,228.73,37.23,-5.85,,7421.88,1746,False,0,2026-09-28 05:49:42.078546
4aca90,NOZ31EZ ,Sweden,1790574574.0,1790574574,11.1599,60.494,1554.48,False,116.3,166.7,-3.9,,1630.68,,False,0,2026-09-28 05:49:42.078546
4aca93,NSZ3374 ,Sweden,1790574574.0,1790574574,15.1532,52.6562,11277.6,False,239.03,147.3,0.0,,11681.46,7614,False,0,2026-09-28 05:49:42.078546
4aca95,NSZ80W  ,Sweden,1790574574.0,1790574574,-2.1855,45.7607,11582.4,False,248.8,20.83,0.33,,11925.3,2345,False,0,2026-09-28 05:49:42.078546
4aca94,NSZ3194 ,Sweden,1790574574.0,1790574574,17.6698,59.8119,1485.9,False,151.62,68.92,-4.55,,1623.06,0417,False,0,2026-09-28 05:49:42.078546
4aca96,NSZ2TC  ,Sweden,1790574574.0,1790574575,0.5435,48.4688,11277.6,False,201.75,236.23,0.0,,11620.5,0740,False,0,2026-09-28 05:49:42.078546
c81d8e,ANZ626  ,New Zealand,1790574574.0,1790574575,173.6666,-40.2383,11269.98,False,239.22,40.99,0.33,,11117.58,,False,0,2026-09-28 05:49:42.078546
4aca99,NSZ5TQ  ,Sweden,1790574574.0,1790574574,-3.3274,40.2319,10972.8,False,252.49,16.33,0.0,,11437.62,4530,False,0,2026-09-28 05:49:42.078546
4aca98,NSZ8FU  ,Sweden,1790574574.0,1790574574,-2.2213,42.8057,11582.4,False,255.24,29.46,0.0,,11993.88,4630,False,0,2026-09-28 05:49:42.078546
84d28e,SFJ82   ,Japan,1790574550.0,1790574550,134.2799,34.2642,11445.24,False,260.4,76.4,4.88,,12039.6,,False,0,2026-09-28 05:49:42.078546
4aca8a,NSZ4AW  ,Sweden,1790574574.0,1790574575,9.4558,48.6503,11277.6,False,224.83,224.26,0.0,,11727.18,3115,False,0,2026-09-28 05:49:42.078546
ac47de,SWA1848 ,United States,1790574574.0,1790574575,-114.8311,33.6221,10477.5,False,268.01,104.22,-11.38,,11041.38,3267,False,0,2026-09-28 05:49:42.078546
4aca8c,NOZ9CQ  ,Sweden,1790574574.0,1790574575,7.2706,55.6296,10972.8,False,209.68,203.42,0.0,,11277.6,0754,False,0,2026-09-28 05:49:42.078546
4aca8f,NOZ2WA  ,Sweden,1790574574.0,1790574574,13.9149,56.6523,11277.6,False,236.16,158.8,0.0,,11628.12,6007,False,0,2026-09-28 05:49:42.078546
4aca8e,NOZ2XM  ,Sweden,1790574574.0,1790574574,10.5475,59.1279,8343.9,False,196.28,194.73,4.88,,8572.5,,False,0,2026-09-28 05:49:42.078546
a1ad5a,,United States,1790574495.0,1790574495,-104.6704,39.8599,,True,0.9,180.0,,,,,False,0,2026-09-28 05:49:42.078546
344498,IBS1881 ,Spain,1790574554.0,1790574555,-3.5712,40.4923,,True,6.69,180.0,,,,,False,0,2026-09-28 05:49:42.078546
8014e5,IGO139V ,India,1790574574.0,1790574574,78.1068,13.8267,4556.76,False,181.74,197.46,-8.13,,4777.74,,False,0,2026-09-28 05:49:42.078546
e49eed,GLO7603 ,Brazil,1790574574.0,1790574574,-39.7939,-5.9504,11887.2,False,234.44,26.73,0.0,,12618.72,,False,0,2026-09-28 05:49:42.078546
5110fa,ESPKY   ,Estonia,1790574575.0,1790574575,20.2311,59.0177,5486.4,False,136.89,286.6,0.0,,5692.14,0405,False,0,2026-09-28 05:49:42.078546
3c5eef,EWG52VU ,Germany,1790574574.0,1790574574,4.5183,42.8138,11269.98,False,225.57,204.81,0.0,,11742.42,2576,False,0,2026-09-28 05:49:42.078546
3c5eee,EWG51Y  ,Germany,1790574574.0,1790574575,11.2155,48.3933,1752.6,False,127.12,150.95,-0.33,,1927.86,1000,False,0,2026-09-28 05:49:42.078546
8014db,AIC1QB  ,India,1790574573.0,1790574574,85.1227,22.6021,11590.02,False,237.65,253.53,0.0,,12321.54,2653,False,0,2026-09-28 05:49:42.078546
7c1c99,FD531   ,Australia,1790574574.0,1790574574,138.2899,-34.2741,4876.8,False,131.08,344.05,0.0,,5143.5,,False,0,2026-09-28 05:49:42.078546
85188c,JAL577  ,Japan,1790574573.0,1790574573,140.1916,37.4343,9448.8,False,252.82,7.72,-0.33,,9974.58,2173,False,0,2026-09-28 05:49:42.078546
471f8e,WZZ33YN ,Hungary,1790574575.0,1790574575,9.4445,55.7488,883.92,False,99.84,268.52,0.65,,982.98,1000,False,0,2026-09-28 05:49:42.078546
4400f3,EJU5015 ,Austria,1790574574.0,1790574575,1.759,47.0537,11292.84,False,213.42,210.89,-0.33,,11696.7,1135,False,0,2026-09-28 05:49:42.078546
8a044e,GIA155  ,Indonesia,1790574373.0,1790574376,104.725,0.092,8953.5,False,232.21,194.5,8.45,,9547.86,2461,False,0,2026-09-28 05:49:42.078546
86cec5,SNJ35   ,Japan,1790574574.0,1790574574,130.2933,33.4279,3642.36,False,176.79,224.76,-4.55,,3840.48,2215,False,0,2026-09-28 05:49:42.078546
344481,IBE0474 ,Spain,1790574574.0,1790574574,-4.123,40.4245,4175.76,False,195.1,116.63,-8.45,,4450.08,3407,False,0,2026-09-28 05:49:42.078546
4400ec,EJU38JD ,Austria,1790574574.0,1790574574,3.3471,45.3103,11582.4,False,207.91,288.17,0.0,,12031.98,1000,False,0,2026-09-28 05:49:42.078546
ac6a1f,SWA265  ,United States,1790574574.0,1790574574,-111.9778,45.2444,10972.8,False,209.75,276.62,0.0,,11247.12,6554,False,0,2026-09-28 05:49:42.078546
4400eb,EJU45EF ,Austria,1790574575.0,1790574575,7.8928,47.0392,11879.58,False,220.08,150.14,0.33,,12344.4,7555,False,0,2026-09-28 05:49:42.078546
4520d0,LZB8883 ,Bulgaria,1790574574.0,1790574574,19.8165,41.0039,9761.22,False,239.58,237.09,-0.33,,10142.22,,False,0,2026-09-28 05:49:42.078546
343147,PUE702  ,Spain,1790574574.0,1790574574,-15.7356,35.2655,11582.4,False,237.43,55.86,0.0,,12153.9,,False,0,2026-09-28 05:49:42.078546
471f9a,WZZ3705 ,Hungary,1790574574.0,1790574575,12.9779,45.0427,10972.8,False,227.33,304.77,0.0,,11430.0,4323,False,0,2026-09-28 05:49:42.078546
4400f9,MJF19E  ,Austria,1790574511.0,1790574511,2.4445,48.9677,,True,5.92,196.88,,,,6306,False,0,2026-09-28 05:49:42.078546
4400f8,AUA4PW  ,Austria,1790574574.0,1790574574,5.618,50.6432,11879.58,False,227.77,102.66,0.0,,12245.34,4615,False,0,2026-09-28 05:49:42.078546
471f9e,WMT9NH  ,Hungary,1790574575.0,1790574575,14.1982,51.6569,5120.64,False,193.83,311.77,-9.43,,5417.82,5146,False,0,2026-09-28 05:49:42.078546
3c0583,ADN92A  ,Germany,1790574506.0,1790574506,11.0709,49.4955,,True,0.06,8.44,,,,,False,0,2026-09-28 05:49:42.078546
8a043b,GIA128  ,Indonesia,1790574575.0,1790574575,106.3714,-5.7864,4084.32,False,159.69,295.57,12.03,,4274.82,,False,0,2026-09-28 05:49:42.078546
8014c1,IGO136H ,India,1790574574.0,1790574574,78.4372,13.2273,4030.98,False,157.09,258.29,-5.2,,4175.76,,False,0,2026-09-28 05:49:42.078546
00b1c3,ZSIMP   ,South Africa,1790574387.0,1790574387,37.4616,55.2404,5219.7,False,26.95,283.24,8.13,,,,False,0,2026-09-28 05:49:42.078546
8014c4,AIC2355 ,India,1790574574.0,1790574574,91.2411,18.4199,11277.6,False,225.34,127.39,-0.33,,11978.64,0510,False,0,2026-09-28 05:49:42.078546
392035,FGIBV   ,France,1790574388.0,1790574388,9.3791,42.0616,2712.72,False,58.64,262.44,-31.86,,3070.86,,False,0,2026-09-28 05:49:42.078546
343141,IBS17BK ,Spain,1790574574.0,1790574575,-3.743,40.527,3825.24,False,157.11,165.01,8.78,,4061.46,5073,False,0,2026-09-28 05:49:42.078546
8014af,IGO5307 ,India,1790574574.0,1790574575,77.7844,27.6733,6835.14,False,228.78,118.18,5.53,,7178.04,,False,0,2026-09-28 05:49:42.078546
471f86,WMT133  ,Hungary,1790574574.0,1790574575,8.2896,51.4445,2491.74,False,125.84,306.35,-6.18,,2689.86,7545,False,0,2026-09-28 05:49:42.078546
8a0449,GIA611  ,Indonesia,1790574574.0,1790574574,106.4705,-6.1747,617.22,False,90.55,89.35,-0.33,,655.32,,False,0,2026-09-28 05:49:42.078546
a2ba4f,AAY32   ,United States,1790574574.0,1790574574,-115.0971,36.0737,800.1,False,75.63,269.61,-3.58,,762.0,1360,False,0,2026-09-28 05:49:42.078546
8a0442,AWQ322  ,Indonesia,1790574574.0,1790574574,105.9846,-0.1947,11582.4,False,244.98,303.52,0.0,,12359.64,,False,0,2026-09-28 05:49:42.078546
471f6d,WMT565  ,Hungary,1790574574.0,1790574575,12.2047,41.511,10972.8,False,234.24,247.94,0.0,,11422.38,7364,False,0,2026-09-28 05:49:42.078546
471f6e,WMT2455 ,Hungary,1790574574.0,1790574574,25.6004,37.5588,10683.24,False,255.06,125.23,0.0,,11010.9,,False,0,2026-09-28 05:49:42.078546
e48ba7,TAM8191 ,Brazil,1790574574.0,1790574574,-54.2521,-13.4038,10668.0,False,240.46,152.34,0.0,,11361.42,,False,0,2026-09-28 05:49:42.078546
abad6c,SWA4172 ,United States,1790574574.0,1790574574,-121.1481,38.1721,3078.48,False,155.46,310.44,-2.28,,3124.2,2043,False,0,2026-09-28 05:49:42.078546
4400ff,JVW119  ,Austria,1790574574.0,1790574575,4.8998,52.3815,502.92,False,70.37,221.15,-1.95,,586.74,1000,False,0,2026-09-28 05:49:42.078546
3c058b,BVR606  ,Germany,1790574574.0,1790574574,-78.0324,-12.2089,12184.38,False,242.98,337.07,0.33,,12984.48,,False,0,2026-09-28 05:49:42.078546
471f7a,WMT1QR  ,Hungary,1790574574.0,1790574574,11.5557,40.5348,10972.8,False,234.8,336.64,0.0,,11414.76,1000,False,0,2026-09-28 05:49:42.078546
344459,AEA5032 ,Spain,1790574574.0,1790574575,-3.9595,39.5492,5105.4,False,191.96,1.54,-8.78,,5379.72,5064,False,0,2026-09-28 05:49:42.078546
8014d9,IGO65VR ,India,1790574574.0,1790574574,77.575,13.1895,2034.54,False,142.61,272.27,20.48,,2042.16,,False,0,2026-09-28 05:49:42.078546
471f68,WMT282  ,Hungary,1790574574.0,1790574574,12.5754,48.9548,8115.3,False,204.05,111.91,8.45,,8488.68,4375,False,0,2026-09-28 05:49:42.078546
8a03b2,CTV906  ,Indonesia,1790574573.0,1790574574,106.5566,-6.2303,4328.16,False,139.23,258.27,12.68,,4594.86,,False,0,2026-09-28 05:49:42.078546
8a03b3,CTV764  ,Indonesia,1790574551.0,1790574551,110.3833,-7.1136,4351.02,False,162.88,102.59,-3.25,,4831.08,,False,0,2026-09-28 05:49:42.078546
4a2023,HLJ5GH  ,Romania,1790574573.0,1790574573,11.8081,38.8493,11285.22,False,236.6,199.7,0.0,,11742.42,7345,False,0,2026-09-28 05:49:42.078546
471f62,WZZ17ZC ,Hungary,1790574574.0,1790574575,13.2546,48.1971,10370.82,False,226.62,243.73,0.0,,10789.92,4553,False,0,2026-09-28 05:49:42.078546
344449,IBE0527 ,Spain,1790574574.0,1790574575,-4.437,38.4218,10066.02,False,203.29,202.15,0.0,,10546.08,5064,False,0,2026-09-28 05:49:42.078546
4400c8,EJU65GF ,Austria,1790574575.0,1790574575,4.9971,42.0291,10972.8,False,222.2,28.94,0.0,,11468.1,1000,False,0,2026-09-28 05:49:42.078546
344446,AEA13EF ,Spain,1790574573.0,1790574574,-2.5347,40.1939,5059.68,False,179.34,278.25,-10.08,,5349.24,1000,False,0,2026-09-28 05:49:42.078546
ada541,N979BV  ,United States,1790574575.0,1790574575,-122.8847,46.5613,1950.72,False,63.81,358.61,0.0,,1965.96,4616,False,0,2026-09-28 05:49:42.078546
4400b0,JFL039  ,Austria,1790574574.0,1790574575,13.7402,48.1204,3535.68,False,162.98,245.38,5.53,,3771.9,1000,False,0,2026-09-28 05:49:42.078546
0d123a,VIV4290 ,Mexico,1790574574.0,1790574574,-98.6572,25.3727,7650.48,False,224.71,107.31,7.15,,8138.16,,False,0,2026-09-28 05:49:42.078546
7809a7,CCD8909 ,China,1790574274.0,1790574274,116.8967,39.696,2392.68,False,137.12,333.72,-8.78,,2613.66,,False,0,2026-09-28 05:49:42.078546
471f71,WMT2GJ  ,Hungary,1790574313.0,1790574313,13.5069,52.3675,,True,0.0,160.31,,,,1000,False,0,2026-09-28 05:49:42.078546
a9a1b6,N72FF   ,United States,1790574574.0,1790574574,-119.2171,35.6563,754.38,False,39.93,338.06,-1.3,,716.28,,False,0,2026-09-28 05:49:42.078546
aa2a7f,SKW6456 ,United States,1790574191.0,1790574271,-104.2519,36.2217,9631.68,False,216.04,246.12,-11.05,,10172.7,,False,0,2026-09-28 05:49:42.078546
4786e7,DOC33   ,Norway,1790574574.0,1790574574,5.386,60.3364,388.62,False,58.37,145.05,0.0,,441.96,,False,0,2026-09-28 05:49:42.078546
739222,4XCDE   ,Israel,1790574575.0,1790574575,35.1144,32.8201,487.68,False,45.7,31.18,-0.65,,510.54,,False,0,2026-09-28 05:49:42.078546
7c7181,WPF     ,Australia,1790574568.0,1790574573,115.8852,-32.0929,,True,0.0,146.25,,,,,False,0,2026-09-28 05:49:42.078546
7809b7,CXA8624 ,China,1790574574.0,1790574574,113.2716,23.2371,4122.42,False,141.23,199.36,-5.2,,4358.64,,False,0,2026-09-28 05:49:42.078546
4400b7,EJU857Y ,Austria,1790574575.0,1790574575,7.302,42.9948,8839.2,False,215.14,143.46,0.0,,9281.16,1000,False,0,2026-09-28 05:49:42.078546
7809b4,CSH9312 ,China,1790574572.0,1790574572,113.4841,23.2816,2118.36,False,152.08,63.69,4.23,,2217.42,,False,0,2026-09-28 05:49:42.078546
471f5c,WZZ422  ,Hungary,1790574574.0,1790574575,12.1574,52.3548,9517.38,False,202.19,325.78,-4.55,,9921.24,6610,False,0,2026-09-28 05:49:42.078546
471f5d,WMT5876 ,Hungary,1790574574.0,1790574574,12.0269,54.7003,11102.34,False,233.58,130.35,6.83,,11490.96,1000,False,0,2026-09-28 05:49:42.078546
51119a,MBU3NX  ,Estonia,1790574572.0,1790574574,18.01,43.2083,11277.6,False,248.61,147.59,0.0,,11696.7,5562,False,0,2026-09-28 05:49:42.078546
51119b,MBU6238 ,Estonia,1790574574.0,1790574575,20.3949,41.9505,10668.0,False,252.81,150.1,0.0,,11018.52,4373,False,0,2026-09-28 05:49:42.078546
4400b2,EJU78HD ,Austria,1790574574.0,1790574574,3.1062,49.5049,10660.38,False,206.5,194.28,0.0,,11026.14,1000,False,0,2026-09-28 05:49:42.078546
471f41,WZZ993  ,Hungary,1790574574.0,1790574575,27.2107,38.5131,10652.76,False,234.48,143.21,0.0,,10957.56,7410,False,0,2026-09-28 05:49:42.078546
a59601,UAL108  ,United States,1790574574.0,1790574574,6.678,48.0814,10980.42,False,260.15,107.61,-7.48,,11430.0,2035,False,0,2026-09-28 05:49:42.078546
471f58,WZZ57X  ,Hungary,1790574574.0,1790574574,2.0074,51.901,5745.48,False,183.3,267.59,-5.85,,5974.08,3107,False,0,2026-09-28 05:49:42.078546
34440a,VLG9YY  ,Spain,1790574574.0,1790574574,1.5042,42.0027,7818.12,False,224.52,344.72,6.83,,8244.84,5360,False,0,2026-09-28 05:49:42.078546
34440b,VLG8633 ,Spain,1790574574.0,1790574574,-0.905,43.7739,10058.4,False,211.53,209.74,0.0,,10492.74,7652,False,0,2026-09-28 05:49:42.078546
471f3e,WMT9214 ,Hungary,1790574574.0,1790574574,8.065,51.5499,1447.8,False,107.84,299.74,-5.2,,1592.58,3563,False,0,2026-09-28 05:49:42.078546
344417,IBE05GC ,Spain,1790574574.0,1790574574,2.0743,48.2502,4998.72,False,171.32,191.78,12.03,,5257.8,,False,0,2026-09-28 05:49:42.078546
c07c92,WEN3415 ,Canada,1790574456.0,1790574456,-123.0912,52.1286,7620.0,False,163.67,190.32,0.33,,7703.82,,False,0,2026-09-28 05:49:42.078546
74283a,JAV815  ,Jordan,1790574556.0,1790574556,35.5704,30.3555,7871.46,False,216.03,202.84,5.85,,7665.72,,False,0,2026-09-28 05:49:42.078546
a5d1b9,UAL2229 ,United States,1790574574.0,1790574575,-79.3867,43.0978,10370.82,False,242.33,269.15,0.0,,10721.34,3420,False,0,2026-09-28 05:49:42.078546
7cf9b3,GLET20  ,Australia,1790574574.0,1790574574,150.4957,-34.5179,914.4,False,61.99,5.24,0.0,,1097.28,4612,False,0,2026-09-28 05:49:42.078546
a88d47,FFT1178 ,United States,1790574574.0,1790574575,-119.0812,34.4675,5501.64,False,187.68,143.7,-7.15,,5684.52,3522,False,0,2026-09-28 05:49:42.078546
344409,VLG1377 ,Spain,1790574574.0,1790574574,1.0305,47.8876,10972.8,False,246.13,15.52,0.65,,11346.18,1000,False,0,2026-09-28 05:49:42.078546
0d1201,VOI504  ,Mexico,1790574575.0,1790574575,-95.8458,25.1774,11292.84,False,214.74,33.27,0.0,,11993.88,,False,0,2026-09-28 05:49:42.078546
7c1c10,FTU     ,Australia,1790574377.0,1790574377,150.9826,-33.9201,,True,5.4,165.94,,,,,False,0,2026-09-28 05:49:42.078546
471f35,WZZ3LA  ,Hungary,1790574574.0,1790574574,7.6088,51.5153,,True,0.77,61.88,,,,1731,False,0,2026-09-28 05:49:42.078546
471f36,WZZ40   ,Hungary,1790574574.0,1790574574,1.4838,51.4696,4747.26,False,144.27,242.61,-8.45,,4937.76,0531,False,0,2026-09-28 05:49:42.078546
471f38,WZZ64   ,Hungary,1790574574.0,1790574575,30.1329,36.8645,10668.0,False,244.15,145.47,-0.33,,10965.18,5545,False,0,2026-09-28 05:49:42.078546
801605,AXB882  ,India,1790574574.0,1790574574,83.1652,17.024,11277.6,False,232.12,85.81,0.0,,11963.4,,False,0,2026-09-28 05:49:42.078546
801606,AXB2931 ,India,1790574574.0,1790574574,88.8669,24.5898,11887.2,False,224.59,56.97,0.0,,12649.2,2743,False,0,2026-09-28 05:49:42.078546
801603,AIC6NX  ,India,1790574573.0,1790574573,73.236,19.0875,1912.62,False,108.35,300.22,-2.93,,1943.1,,False,0,2026-09-28 05:49:42.078546
471f31,WZZ9252 ,Hungary,1790574556.0,1790574573,16.0849,42.6156,11285.22,False,240.18,194.01,0.0,,11734.8,1000,False,0,2026-09-28 05:49:42.078546
471f32,WZZ9EF  ,Hungary,1790574574.0,1790574574,25.0141,37.0844,9959.34,False,244.19,161.83,-16.58,,10325.1,6713,False,0,2026-09-28 05:49:42.078546
801608,IGO372Y ,India,1790574575.0,1790574575,88.116,21.778,8686.8,False,225.21,202.99,6.5,,9227.82,2635,False,0,2026-09-28 05:49:42.078546
801613,AXB5LK  ,India,1790574572.0,1790574572,78.3896,15.4275,11277.6,False,239.45,188.77,0.0,,11963.4,,False,0,2026-09-28 05:49:42.078546
471f02,WMT506  ,Hungary,1790574574.0,1790574574,12.9175,48.2837,10972.8,False,221.65,311.24,0.0,,11414.76,1000,False,0,2026-09-28 05:49:42.078546
471f03,WMT709  ,Hungary,1790574574.0,1790574574,8.4369,49.5656,10972.8,False,221.66,281.65,0.33,,11391.9,1000,False,0,2026-09-28 05:49:42.078546
a1acb5,N207HB  ,United States,1790574574.0,1790574574,-118.7916,47.4875,6096.0,False,131.26,258.47,0.0,,6149.34,,False,0,2026-09-28 05:49:42.078546
471f05,WZZ518  ,Hungary,1790574565.0,1790574573,22.9961,44.774,10370.82,False,223.39,311.55,-0.33,,10645.14,2261,False,0,2026-09-28 05:49:42.078546
46c9a1,AEZ2030 ,Greece,1790574574.0,1790574574,10.4593,42.9688,9753.6,False,234.2,323.94,-0.33,,10210.8,,False,0,2026-09-28 05:49:42.078546
7809ec,CSN3987 ,China,1790574497.0,1790574500,118.11,42.18,9479.28,False,227.0,37.73,0.0,,9646.92,,False,0,2026-09-28 05:49:42.078546
a977bb,DAL610  ,United States,1790574575.0,1790574575,-93.4305,39.2901,10972.8,False,233.87,258.84,0.0,,11399.52,4131,False,0,2026-09-28 05:49:42.078546
7c2f20,JLE     ,Australia,1790574574.0,1790574574,152.7078,-31.5989,1005.84,False,56.82,222.06,-1.3,,1181.1,,False,0,2026-09-28 05:49:42.078546
a08021,AAL2775 ,United States,1790574574.0,1790574575,-115.7826,36.3796,10980.42,False,212.02,298.55,0.33,,11452.86,,False,0,2026-09-28 05:49:42.078546
a977d4,AAL1551 ,United States,1790574574.0,1790574574,-84.6523,30.9475,10972.8,False,217.26,316.63,0.0,,11468.1,4276,False,0,2026-09-28 05:49:42.078546
885281,THA910  ,Thailand,1790574574.0,1790574574,76.9186,30.2045,10363.2,False,248.55,300.33,0.0,,10942.32,,False,0,2026-09-28 05:49:42.078546
7809fd,CSN8965 ,China,1790574555.0,1790574558,112.6813,23.718,8732.52,False,232.6,299.12,5.2,,9357.36,,False,0,2026-09-28 05:49:42.078546
0d1233,VIV2180 ,Mexico,1790574574.0,1790574575,-100.2328,25.8864,1188.72,False,83.1,193.61,-0.33,,1219.2,,False,0,2026-09-28 05:49:42.078546
aa9440,N781AC  ,United States,1790574574.0,1790574574,-91.1599,41.6262,617.22,False,79.25,276.71,0.0,,662.94,,False,0,2026-09-28 05:49:42.078546
80174b,IGO1013 ,India,1790574316.0,1790574392,87.7808,18.3334,10066.02,False,232.84,135.9,0.0,,10683.24,0522,False,0,2026-09-28 05:49:42.078546
80174c,IGO7737 ,India,1790574575.0,1790574575,77.9535,13.4601,3505.2,False,106.63,54.62,3.25,,3596.64,1000,False,0,2026-09-28 05:49:42.078546
407b54,WUK7KG  ,United Kingdom,1790574575.0,1790574575,0.8353,51.8644,6111.24,False,212.86,75.73,5.85,,6324.6,3452,False,0,2026-09-28 05:49:42.078546
407b55,WUK78   ,United Kingdom,1790574574.0,1790574574,4.3613,52.2764,11277.6,False,239.51,99.64,0.0,,11628.12,3416,False,0,2026-09-28 05:49:42.078546
4cc278,ICE630  ,Iceland,1790574566.0,1790574566,-22.6092,63.9917,,True,10.29,270.0,,,,,False,0,2026-09-28 05:49:42.078546
80175f,IGO31VD ,India,1790574324.0,1790574369,80.8102,26.7861,10668.0,False,239.55,117.78,-0.33,,11330.94,,False,0,2026-09-28 05:49:42.078546
505ceb,TOM2ND  ,Slovakia,1790574574.0,1790574575,-2.1225,49.9695,10530.84,False,202.48,214.34,5.53,,10782.3,5227,False,0,2026-09-28 05:49:42.078546
abadc0,SWA4105 ,United States,1790574574.0,1790574574,-90.1029,41.2172,7315.2,False,212.51,81.93,0.0,,7612.38,1005,False,0,2026-09-28 05:49:42.078546
8a01e0,GIA898  ,Indonesia,1790574575.0,1790574575,114.1267,21.5527,6804.66,False,231.79,343.5,-2.93,,7292.34,,False,0,2026-09-28 05:49:42.078546
c81ac5,SDA351  ,New Zealand,1790574385.0,1790574386,174.2449,-41.1876,2468.88,False,82.76,300.23,-1.3,,2438.4,,False,0,2026-09-28 05:49:42.078546
c81ac0,ANZ736L ,New Zealand,1790574574.0,1790574574,174.7882,-41.4903,944.88,False,94.32,30.48,-4.23,,922.02,,False,0,2026-09-28 05:49:42.078546
801771,SDG620  ,India,1790574574.0,1790574574,88.382,23.0956,4419.6,False,163.01,341.79,9.1,,4610.1,1474,False,0,2026-09-28 05:49:42.078546
ac3751,SWA3461 ,United States,1790574574.0,1790574574,-118.935,38.0965,11582.4,False,207.15,259.56,-0.33,,11978.64,6072,False,0,2026-09-28 05:49:42.078546
801772,IGO164F ,India,1790574574.0,1790574574,77.2284,28.1216,3048.0,False,138.87,9.81,0.0,,3124.2,,False,0,2026-09-28 05:49:42.078546
3813da,00000000,France,1790574573.0,1790574573,1.3604,43.615,,True,0.0,182.81,,,,,False,0,2026-09-28 05:49:42.078546
8a01cd,LNI303  ,Indonesia,1790574574.0,1790574574,102.0724,0.3948,10058.4,False,228.81,134.73,0.0,,10728.96,,False,0,2026-09-28 05:49:42.078546
00c451,SFR298  ,South Africa,1790574574.0,1790574574,26.4951,-27.443,11521.44,False,203.71,224.8,3.9,,12054.84,,False,0,2026-09-28 05:49:42.078546
50037d,VAJ92J  ,San Marino,1790574574.0,1790574574,71.9814,31.4162,13106.4,False,234.91,297.24,0.33,,13708.38,,False,0,2026-09-28 05:49:42.078546
a5e64e,N48AP   ,United States,1790574575.0,1790574575,-101.1094,37.0243,3040.38,False,130.23,238.57,-6.5,,3169.92,,False,0,2026-09-28 05:49:42.078546
7c1cd4,FZA     ,Australia,1790574574.0,1790574574,150.683,-34.0217,236.22,False,45.55,243.15,-0.98,,411.48,3000,False,0,2026-09-28 05:49:42.078546
801736,IGO1632 ,India,1790574574.0,1790574574,99.2644,21.1736,10972.8,False,242.89,290.58,-0.33,,11689.08,,False,0,2026-09-28 05:49:42.078546
a64ce6,DAL571  ,United States,1790574575.0,1790574575,-116.0474,33.6016,7863.84,False,246.18,51.79,5.2,,8244.84,6741,False,0,2026-09-28 05:49:42.078546
801741,IGO954W ,India,1790574184.0,1790574271,75.25,12.3493,10972.8,False,239.19,329.35,0.0,,11643.36,,False,0,2026-09-28 05:49:42.078546
ac1106,N877H   ,United States,1790574574.0,1790574575,-113.6124,51.4056,3284.22,False,138.45,252.04,-6.83,,3307.08,7150,False,0,2026-09-28 05:49:42.078546
4402a3,AUA21V  ,Austria,1790574574.0,1790574575,10.9628,49.3241,7612.38,False,231.96,297.76,-9.75,,8008.62,1000,False,0,2026-09-28 05:49:42.078546
a41fed,N365LV  ,United States,1790574568.0,1790574570,128.6156,36.469,7780.02,False,211.23,305.08,-8.13,,8130.54,,False,0,2026-09-28 05:49:42.078546
407b1e,GCLWB   ,United Kingdom,1790574574.0,1790574574,1.422,52.6625,1066.8,False,53.01,178.33,-0.65,,1165.86,,False,0,2026-09-28 05:49:42.078546
a85964,SKW5424 ,United States,1790574574.0,1790574574,-119.1063,34.0,6126.48,False,191.63,330.75,7.8,,6347.46,1315,False,0,2026-09-28 05:49:42.078546
a7130c,SWA127  ,United States,1790574568.0,1790574568,-112.0114,33.43,,True,11.83,90.0,,,,1443,False,0,2026-09-28 05:49:42.078546
8852e5,THA643  ,Thailand,1790574574.0,1790574574,132.219,32.6767,12184.38,False,235.8,234.68,-0.33,,12946.38,6076,False,0,2026-09-28 05:49:42.078546
c035d4,JZA86   ,Canada,1790574574.0,1790574574,-109.8064,50.0064,11277.6,False,264.76,87.1,0.0,,11430.0,2644,False,0,2026-09-28 05:49:42.078546
8852e1,THA644  ,Thailand,1790574573.0,1790574574,119.4607,21.6221,11887.2,False,242.94,76.41,-0.33,,12740.64,,False,0,2026-09-28 05:49:42.078546
c06b22,CGOOV   ,Canada,1790574574.0,1790574574,-123.2149,48.6832,1280.16,False,42.33,64.06,2.6,,1295.4,,False,0,2026-09-28 05:49:42.078546
8852e2,THA934  ,Thailand,1790574574.0,1790574574,79.6516,28.1228,10965.18,False,262.66,314.37,0.0,,11635.74,,False,0,2026-09-28 05:49:42.078546
a64cdb,DAL389  ,United States,1790574574.0,1790574574,128.8491,33.0114,12192.0,False,228.06,244.76,0.0,,12923.52,6103,False,0,2026-09-28 05:49:42.078546
00c45d,SFR310  ,South Africa,1790574575.0,1790574575,19.4459,-32.9287,9540.24,False,251.24,47.49,6.18,,9875.52,,False,0,2026-09-28 05:49:42.078546
407b8b,WUK2LA  ,United Kingdom,1790574574.0,1790574574,3.4172,54.0748,11277.6,False,259.61,28.14,0.0,,11559.54,1407,False,0,2026-09-28 05:49:42.078546
3c4b33,DLH755  ,Germany,1790574574.0,1790574574,19.6432,46.7592,10972.8,False,245.55,293.72,0.0,,11323.32,3206,False,0,2026-09-28 05:49:42.078546
407b8e,BAW399  ,United Kingdom,1790574574.0,1790574574,26.0012,36.6033,10972.8,False,214.03,325.78,0.0,,11346.18,5516,False,0,2026-09-28 05:49:42.078546
407b8f,BAW765  ,United Kingdom,1790574575.0,1790574575,0.796,50.8427,6347.46,False,185.52,315.22,-11.38,,6598.92,6725,False,0,2026-09-28 05:49:42.078546
3c4b29,DLH572  ,Germany,1790574574.0,1790574575,27.658,-25.8388,5844.54,False,189.61,121.58,-6.5,,6195.06,,False,0,2026-09-28 05:49:42.078546
80179e,VJI513  ,India,1790574574.0,1790574574,87.7491,21.3274,7924.8,False,221.57,226.03,0.0,,8412.48,1472,False,0,2026-09-28 05:49:42.078546
3c4b2f,DLH507  ,Germany,1790574574.0,1790574574,-8.9063,37.4126,10972.8,False,269.82,31.75,0.0,,11445.24,4470,False,0,2026-09-28 05:49:42.078546
3c4b45,EWG7F   ,Germany,1790574574.0,1790574574,10.2712,49.3154,11544.3,False,226.46,137.39,5.53,,11971.02,7662,False,0,2026-09-28 05:49:42.078546
80179a,AXB1524 ,India,1790574571.0,1790574574,88.4415,22.6468,45.72,True,1.03,275.62,,,,1347,False,0,2026-09-28 05:49:42.078546
80179b,AKJ1871 ,India,1790574574.0,1790574574,76.7589,28.3249,3886.2,False,174.09,208.99,15.61,,4008.12,,False,0,2026-09-28 05:49:42.078546
c0107d,CFGGI   ,Canada,1790574574.0,1790574574,-123.5529,54.0536,2987.04,False,72.11,87.14,4.88,,2964.18,,False,0,2026-09-28 05:49:42.078546
3c4b2c,DLH511  ,Germany,1790574574.0,1790574574,-7.3449,34.0014,10972.8,False,263.8,24.67,0.0,,11475.72,6471,False,0,2026-09-28 05:49:42.078546
a8dd7b,UAL3940 ,United States,1790574574.0,1790574574,-74.5721,41.0546,5227.32,False,209.65,311.12,0.33,,5303.52,7101,False,0,2026-09-28 05:49:42.078546
ab048d,DAL98   ,United States,1790574574.0,1790574574,-0.9079,49.34,10561.32,False,265.96,86.45,-17.23,,10888.98,6356,False,0,2026-09-28 05:49:42.078546
801783,AXB65V  ,India,1790574573.0,1790574574,77.3591,27.4804,10972.8,False,250.11,1.53,0.0,,11628.12,,False,0,2026-09-28 05:49:42.078546
407b70,WUK4SW  ,United Kingdom,1790574574.0,1790574575,9.2759,51.9677,11277.6,False,242.48,96.82,0.0,,11689.08,4626,False,0,2026-09-28 05:49:42.078546
80177c,AXB1462 ,India,1790574574.0,1790574574,77.4229,28.5625,1638.3,False,98.32,272.1,-5.2,,1638.3,,False,0,2026-09-28 05:49:42.078546
80177d,IGO175  ,India,1790574559.0,1790574559,77.9091,14.3443,7940.04,False,226.48,16.09,3.58,,8389.62,,False,0,2026-09-28 05:49:42.078546
80177b,AXB375  ,India,1790574574.0,1790574574,74.1234,14.5752,10972.8,False,241.82,334.14,0.0,,11635.74,,False,0,2026-09-28 05:49:42.078546
80044d,AXB81P  ,India,1790574305.0,1790574305,77.7446,13.1893,982.98,False,85.91,270.34,-5.2,,1173.48,6311,False,0,2026-09-28 05:49:42.078546
80177f,VTVIK   ,India,1790574546.0,1790574546,78.2331,14.7408,11887.2,False,234.43,198.95,-0.33,,,,False,0,2026-09-28 05:49:42.078546
00b101,LNK730D ,South Africa,1790574574.0,1790574575,28.3083,-26.4237,3543.3,False,137.88,290.53,-8.13,,3771.9,,False,0,2026-09-28 05:49:42.078546
a008c9,DAL1254 ,United States,1790574567.0,1790574573,-111.9831,40.7957,,True,0.39,171.56,,,,,False,0,2026-09-28 05:49:42.078546
801793,IGO357L ,India,1790574411.0,1790574411,75.253,25.4257,10988.04,False,225.61,200.42,0.0,,11658.6,,False,0,2026-09-28 05:49:42.078546
801798,IGO6047 ,India,1790574574.0,1790574574,76.9721,28.5919,1478.28,False,133.28,271.33,15.93,,1447.8,,False,0,2026-09-28 05:49:42.078546
3c4b4e,EWG99VN ,Germany,1790574574.0,1790574574,6.5933,47.3033,8031.48,False,218.57,206.26,-12.03,,8442.96,1000,False,0,2026-09-28 05:49:42.078546
3c4b4c,EWG3MJ  ,Germany,1790574574.0,1790574575,5.191,43.8761,11277.6,False,226.91,205.23,0.0,,11742.42,1000,False,0,2026-09-28 05:49:42.078546
3c4b4b,EWG4SC  ,Germany,1790574574.0,1790574575,11.3956,48.3338,1744.98,False,124.65,84.08,-1.95,,1927.86,1246,False,0,2026-09-28 05:49:42.078546
a6905d,TWY522  ,United States,1790574574.0,1790574574,-100.8943,40.592,13106.4,False,248.02,268.81,0.0,,13632.18,0514,False,0,2026-09-28 05:49:42.078546
ada5ee,JBU778  ,United States,1790574574.0,1790574574,-93.763,41.5437,10668.0,False,241.56,76.2,0.0,,11079.48,1323,False,0,2026-09-28 05:49:42.078546
3443d5,VLG883P ,Spain,1790574574.0,1790574574,-2.2107,43.1801,5044.44,False,176.86,136.65,-7.48,,5364.48,1000,False,0,2026-09-28 05:49:42.078546
3443d2,VLG14AV ,Spain,1790574575.0,1790574575,-1.7901,39.8258,11574.78,False,238.58,116.51,0.0,,12062.46,6573,False,0,2026-09-28 05:49:42.078546
c0104f,ACA806  ,Canada,1790574574.0,1790574574,-3.2601,56.0968,1592.58,False,142.36,78.32,-7.48,,1661.16,5176,False,0,2026-09-28 05:49:42.078546
c0103a,ACA826  ,Canada,1790574574.0,1790574574,2.8683,51.1197,7018.02,False,201.64,103.58,-6.18,,7315.2,2214,False,0,2026-09-28 05:49:42.078546
a092c8,N136PH  ,United States,1790574574.0,1790574575,-115.1461,36.1724,944.88,False,39.67,260.29,-0.98,,906.78,,False,0,2026-09-28 05:49:42.078546
c01049,ACA66   ,Canada,1790574574.0,1790574574,142.7969,36.9307,11277.6,False,289.53,85.41,0.33,,11902.44,0711,False,0,2026-09-28 05:49:42.078546
c01074,ACA8    ,Canada,1790574544.0,1790574544,144.4579,37.0595,10668.0,False,285.05,81.49,0.33,,11269.98,3537,False,0,2026-09-28 05:49:42.078546
a9b63c,LRT0725 ,United States,1790574575.0,1790574575,-101.3074,36.181,12192.0,False,189.31,261.56,0.33,,12862.56,,False,0,2026-09-28 05:49:42.078546
4aca06,NSZ3LZ  ,Sweden,1790574574.0,1790574574,0.841,42.0146,10972.8,False,239.17,354.82,0.0,,11445.24,5502,False,0,2026-09-28 05:49:42.078546
4aca05,NSZ3730 ,Sweden,1790574574.0,1790574575,13.4742,52.8248,11582.4,False,223.04,177.09,0.0,,11971.02,6042,False,0,2026-09-28 05:49:42.078546
4aca08,NSZ5430 ,Sweden,1790574573.0,1790574574,4.3431,41.182,11582.4,False,227.11,23.78,0.0,,12077.7,1000,False,0,2026-09-28 05:49:42.078546
0d10bc,VIV4169 ,Mexico,1790574575.0,1790574575,-100.0183,25.7755,2034.54,False,148.88,312.9,-13.0,,2164.08,,False,0,2026-09-28 05:49:42.078546
4aca09,NSZ3288 ,Sweden,1790574575.0,1790574575,14.767,50.1542,12496.8,False,232.48,162.09,0.0,,12908.28,1000,False,0,2026-09-28 05:49:42.078546
a02b27,TWY1111 ,United States,1790574574.0,1790574575,-93.2008,42.3264,11277.6,False,259.77,76.02,0.33,,11704.32,1316,False,0,2026-09-28 05:49:42.078546
440389,EJU69XP ,Austria,1790574574.0,1790574575,7.2248,44.4777,10088.88,False,235.02,228.28,5.2,,10538.46,4027,False,0,2026-09-28 05:49:42.078546
4aca13,NSZ3080 ,Sweden,1790574575.0,1790574575,11.942,55.9012,5928.36,False,189.55,322.17,5.2,,6164.58,0443,False,0,2026-09-28 05:49:42.078546
4aca14,NSZ3654 ,Sweden,1790574574.0,1790574574,12.5137,55.5252,830.58,False,124.16,214.88,11.38,,929.64,0766,False,0,2026-09-28 05:49:42.078546
4aca0b,NSZ6UK  ,Sweden,1790574574.0,1790574575,10.1965,52.4323,11887.2,False,221.28,200.84,0.0,,12268.2,0763,False,0,2026-09-28 05:49:42.078546
4aca0a,NSZ5420 ,Sweden,1790574574.0,1790574575,3.9696,51.2103,11887.2,False,247.67,36.3,0.33,,12199.62,5510,False,0,2026-09-28 05:49:42.078546
4aca0d,NSZ3220 ,Sweden,1790574574.0,1790574574,11.2777,59.1408,7840.98,False,203.35,18.43,-10.08,,8077.2,0221,False,0,2026-09-28 05:49:42.078546
a1ae05,SWA3009 ,United States,1790574548.0,1790574548,-117.1908,32.7299,,True,3.09,284.06,,,,4423,True,0,2026-09-28 05:49:42.078546
4bb4f4,MGH875  ,Turkey,1790574573.0,1790574573,28.8949,41.3948,10363.2,False,240.95,324.65,-0.33,,10637.52,5351,False,0,2026-09-28 05:49:42.078546
4bb4f2,MGH148  ,Turkey,1790574575.0,1790574575,29.3817,40.8838,10972.8,False,235.51,324.78,0.0,,11239.5,3217,False,0,2026-09-28 05:49:42.078546
8016a2,AKJ903U ,India,1790574553.0,1790574564,75.5472,25.8804,10363.2,False,229.36,204.09,0.0,,10988.04,,False,0,2026-09-28 05:49:42.078546
4aca66,SAS930  ,Sweden,1790574574.0,1790574574,-12.1888,56.1741,12496.8,False,271.21,84.78,0.0,,12367.26,,False,0,2026-09-28 05:49:42.078546
46a60f,SEH408  ,Greece,1790574574.0,1790574575,24.6503,37.5663,3360.42,False,145.51,134.71,0.0,,3474.72,,False,0,2026-09-28 05:49:42.078546
4aca69,SAS4480 ,Sweden,1790574574.0,1790574574,10.3006,63.2838,1889.76,False,147.28,39.47,-7.8,,1912.62,,False,0,2026-09-28 05:49:42.078546
7c2fe7,NWK1732 ,Australia,1790574574.0,1790574574,116.007,-29.2572,10660.38,False,209.87,3.94,0.33,,10942.32,3604,False,0,2026-09-28 05:49:42.078546
8016a7,AIC2GV  ,India,1790574555.0,1790574565,75.5129,25.8029,11590.02,False,220.12,204.29,0.0,,12275.82,,False,0,2026-09-28 05:49:42.078546
4aca79,SAS4489 ,Sweden,1790574574.0,1790574574,7.0662,59.2975,6164.58,False,152.5,230.89,-8.78,,6286.5,,False,0,2026-09-28 05:49:42.078546
76b863,TGW249  ,Singapore,1790574477.0,1790574477,103.9914,1.365,,True,3.09,180.0,,,,,False,0,2026-09-28 05:49:42.078546
8016b8,IGO502  ,India,1790574574.0,1790574574,80.0207,13.1091,1539.24,False,138.52,334.48,14.96,,1508.76,,False,0,2026-09-28 05:49:42.078546
4aca6e,SAS82A  ,Sweden,1790574574.0,1790574574,9.7823,53.4194,10363.2,False,215.99,217.74,-0.33,,10728.96,3532,False,0,2026-09-28 05:49:42.078546
471fa9,WZZ5965 ,Hungary,1790574574.0,1790574574,13.0356,47.9476,10363.2,False,221.09,275.21,0.0,,10812.78,1000,False,0,2026-09-28 05:49:42.078546
440352,EJU73TE ,Austria,1790574574.0,1790574574,8.7231,45.7258,1264.92,False,119.44,342.97,17.56,,1417.32,1000,False,0,2026-09-28 05:49:42.078546
471fa2,WZZ3416 ,Hungary,1790574574.0,1790574574,13.0465,43.3453,9342.12,False,206.63,225.61,-5.85,,9776.46,1000,False,0,2026-09-28 05:49:42.078546
471fa5,WZZ161  ,Hungary,1790574575.0,1790574575,20.9629,44.5276,10972.8,False,208.29,340.22,0.0,,11308.08,,False,0,2026-09-28 05:49:42.078546
471fa0,WZZ2114 ,Hungary,1790574574.0,1790574574,12.9178,55.8221,1127.76,False,109.81,266.24,-2.6,,1249.68,4307,False,0,2026-09-28 05:49:42.078546
44034b,EJU42PQ ,Austria,1790574574.0,1790574574,0.5042,51.4768,571.5,False,94.85,19.32,-0.65,,678.18,5533,False,0,2026-09-28 05:49:42.078546
a355ab,N31399  ,United States,1790574574.0,1790574574,-105.1619,40.1726,2804.16,False,52.02,2.83,-0.33,,2926.08,,False,0,2026-09-28 05:49:42.078546
aa9451,AVA018  ,United States,1790574574.0,1790574574,-0.7756,41.2022,10005.06,False,276.48,84.55,-8.45,,10492.74,3333,False,0,2026-09-28 05:49:42.078546
471fad,WZZ553  ,Hungary,1790574574.0,1790574574,0.7402,38.9001,6697.98,False,175.49,248.32,-5.2,,7086.6,1000,False,0,2026-09-28 05:49:42.078546
471faa,WZZ5009 ,Hungary,1790574528.0,1790574531,25.2846,54.6428,38.1,True,0.06,354.38,,,,1000,False,0,2026-09-28 05:49:42.078546
76b86c,TGW835  ,Singapore,1790574273.0,1790574273,103.991,1.3666,,True,3.6,247.5,,,,,False,0,2026-09-28 05:49:42.078546
76b86d,TGW552  ,Singapore,1790574574.0,1790574574,103.9075,1.8208,6156.96,False,189.81,354.09,10.4,,6560.82,0144,False,0,2026-09-28 05:49:42.078546
471fae,WMT727  ,Hungary,1790574570.0,1790574573,17.7289,43.2838,10972.8,False,237.11,258.1,0.0,,11399.52,7352,False,0,2026-09-28 05:49:42.078546
4aca50,NSZ2002 ,Sweden,1790572699.0,1790574574,23.6002,56.941,11582.4,False,147.25,303.75,9.75,,3322.32,5301,False,0,2026-09-28 05:49:42.078546
4aca53,NSZ4377 ,Sweden,1790574574.0,1790574574,11.8316,47.8425,11887.2,False,223.61,185.02,0.0,,12329.16,1000,False,0,2026-09-28 05:49:42.078546
4aca4a,NSZ3HP  ,Sweden,1790574574.0,1790574574,17.9234,59.6467,,True,3.34,104.06,,,,4024,False,0,2026-09-28 05:49:42.078546
44033e,EJU76WF ,Austria,1790574574.0,1790574575,1.2388,42.7308,10980.42,False,227.52,348.26,0.0,,11445.24,5540,False,0,2026-09-28 05:49:42.078546
4bb4e7,MGH111  ,Turkey,1790574574.0,1790574574,24.6295,44.1769,11582.4,False,240.56,307.09,0.0,,11871.96,5363,False,0,2026-09-28 05:49:42.078546
847114,FDA602  ,Japan,1790574574.0,1790574574,141.9266,42.3647,5265.42,False,194.01,42.96,-7.48,,5394.96,,False,0,2026-09-28 05:49:42.078546
4aca4f,NSZ5610 ,Sweden,1790574575.0,1790574575,2.0491,40.1006,6827.52,False,222.46,302.92,11.05,,7193.28,,False,0,2026-09-28 05:49:42.078546
781a1f,CKK223  ,China,1790574574.0,1790574575,-121.4259,35.6867,10058.4,False,274.8,123.78,0.0,,10386.06,1410,False,0,2026-09-28 05:49:42.078546
8015c5,AIC2146 ,India,1790574574.0,1790574574,92.1032,14.151,10363.2,False,245.56,314.24,0.0,,,,False,0,2026-09-28 05:49:42.078546
8015c7,IGO36DC ,India,1790574485.0,1790574485,76.373,10.1501,114.3,False,72.63,87.16,-4.23,,15.24,2710,False,0,2026-09-28 05:49:42.078546
a8de10,DAL656  ,United States,1790574573.0,1790574574,-114.8676,38.2197,11582.4,False,202.38,265.19,0.0,,12024.36,7163,False,0,2026-09-28 05:49:42.078546
8015d1,IGO7365 ,India,1790574574.0,1790574574,80.2578,12.1924,3962.4,False,135.78,22.97,0.0,,4076.7,,False,0,2026-09-28 05:49:42.078546
8015cb,IGO2304 ,India,1790574573.0,1790574574,82.9683,20.5834,10622.28,False,242.8,275.23,1.95,,11308.08,,False,0,2026-09-28 05:49:42.078546
c81c56,ZKLJD   ,New Zealand,1790574574.0,1790574574,172.4889,-43.4871,335.28,False,40.02,127.16,-2.6,,312.42,,False,0,2026-09-28 05:49:42.078546
8a0374,CTV985  ,Indonesia,1790574405.0,1790574407,106.6313,-6.1474,106.68,False,71.17,68.81,-3.58,,114.3,,False,0,2026-09-28 05:49:42.078546
8a0376,CTV787  ,Indonesia,1790574566.0,1790574569,104.5229,0.5691,5768.34,False,197.02,129.38,11.05,,6141.72,2473,False,0,2026-09-28 05:49:42.078546
ab02c9,N8086K  ,United States,1790574573.0,1790574574,-117.1977,34.0924,632.46,False,53.51,217.97,-1.3,,579.12,0300,False,0,2026-09-28 05:49:42.078546
8015a8,AIC116  ,India,1790574488.0,1790574488,72.8573,19.0903,,True,6.17,90.0,,,,,False,0,2026-09-28 05:49:42.078546
ab5e6c,SWA2372 ,United States,1790574575.0,1790574575,-120.015,36.0526,10980.42,False,232.48,315.99,0.0,,11391.9,6773,False,0,2026-09-28 05:49:42.078546
a9a397,ASA49   ,United States,1790574575.0,1790574575,-157.932,21.2213,2026.92,False,129.54,233.72,-6.5,,2141.22,,False,0,2026-09-28 05:49:42.078546
00b0bf,KEM100  ,South Africa,1790574519.0,1790574526,27.7934,-27.6009,8039.1,False,180.61,199.47,2.93,,8442.96,,False,0,2026-09-28 05:49:42.078546
873378,ANA64   ,Japan,1790574574.0,1790574574,140.6982,37.9654,11910.06,False,218.13,193.09,-10.73,,12611.1,,False,0,2026-09-28 05:49:42.078546
8015ad,IGO6747 ,India,1790574574.0,1790574574,87.8858,21.8262,10972.8,False,235.8,215.32,0.0,,11666.22,3303,False,0,2026-09-28 05:49:42.078546
8015ab,AKJ1323 ,India,1790574575.0,1790574575,84.2855,19.6115,10668.0,False,229.86,38.64,0.0,,11330.94,,False,0,2026-09-28 05:49:42.078546
8015b7,VTRFX   ,India,1790574574.0,1790574574,77.6581,11.2855,3520.44,False,148.49,256.78,-7.48,,3619.5,,False,0,2026-09-28 05:49:42.078546
4b0eb7,HBFOX   ,Switzerland,1790574574.0,1790574574,7.8141,47.6951,4434.84,False,103.92,90.57,7.48,,4716.78,6727,False,0,2026-09-28 05:49:42.078546
343282,SWT7880 ,Spain,1790574574.0,1790574574,2.8553,39.2966,2926.08,False,94.97,192.83,4.88,,3108.96,,False,0,2026-09-28 05:49:42.078546
ad8b1d,ASA314  ,United States,1790574574.0,1790574574,-120.8947,47.5492,7650.48,False,214.61,91.65,4.88,,7780.02,,False,0,2026-09-28 05:49:42.078546
c06a9b,TSC230  ,Canada,1790574573.0,1790574574,-64.9778,49.474,10050.78,False,236.69,66.83,0.33,,10462.26,0564,False,0,2026-09-28 05:49:42.078546
7c71f7,WSK154  ,Australia,1790574574.0,1790574574,117.268,-31.9857,5486.4,False,111.77,287.68,0.0,,5539.74,3741,False,0,2026-09-28 05:49:42.078546
7c0a81,CCZ     ,Australia,1790574574.0,1790574574,152.7482,-31.0762,815.34,False,57.76,175.91,4.23,,982.98,,False,0,2026-09-28 05:49:42.078546
0d115a,WIN953  ,Mexico,1790574574.0,1790574575,-113.7889,39.7486,11277.6,False,237.96,144.59,0.0,,11704.32,,False,0,2026-09-28 05:49:42.078546
0ac3a4,HK5255  ,Colombia,1790574575.0,1790574575,-74.766,4.7123,4922.52,False,157.16,60.16,-3.9,,5234.94,,False,0,2026-09-28 05:49:42.078546
8015e7,IGO503  ,India,1790574574.0,1790574575,84.0026,18.3026,10668.0,False,235.87,49.95,0.0,,11338.56,,False,0,2026-09-28 05:49:42.078546
0180a8,BNL1540 ,Libyan Arab Jamahiriya,1790574574.0,1790574574,15.4672,32.6776,8884.92,False,234.09,90.76,4.23,,9311.64,,False,0,2026-09-28 05:49:42.078546
34324f,IBE04VZ ,Spain,1790574574.0,1790574574,-3.3769,40.7378,3238.5,False,159.48,40.42,15.28,,3444.24,3403,False,0,2026-09-28 05:49:42.078546
a52e50,AAL1842 ,United States,1790574574.0,1790574574,-119.9251,38.1295,9616.44,False,264.5,84.76,2.6,,9867.9,3245,False,0,2026-09-28 05:49:42.078546
3c4acd,DLH780  ,Germany,1790574575.0,1790574575,96.6382,14.8961,11871.96,False,254.51,138.93,-0.33,,12603.48,6433,False,0,2026-09-28 05:49:42.078546
8015f3,IGO59P  ,India,1790574574.0,1790574574,80.3297,13.2613,3048.0,False,150.64,66.24,0.0,,3124.2,,False,0,2026-09-28 05:49:42.078546
8015f7,AIC101  ,India,1790574574.0,1790574574,3.0808,49.5144,12192.0,False,253.98,321.99,0.0,,12527.28,5715,False,0,2026-09-28 05:49:42.078546
a4c5d8,JBU31   ,United States,1790574574.0,1790574574,-8.8598,53.0547,10668.0,False,253.8,76.64,0.0,,10698.48,6251,False,0,2026-09-28 05:49:42.078546
88530f,THA241  ,Thailand,1790574575.0,1790574575,100.0944,12.2854,8260.08,False,218.73,196.82,4.55,,5151.12,,False,0,2026-09-28 05:49:42.078546
abae8f,SWA2026 ,United States,1790574573.0,1790574574,-103.0816,35.7977,11277.6,False,280.69,116.1,0.33,,11887.2,3273,False,0,2026-09-28 05:49:42.078546
88530e,THA102  ,Thailand,1790574573.0,1790574574,98.9624,18.6247,1043.94,False,105.46,0.0,-6.18,,1082.04,3311,False,0,2026-09-28 05:49:42.078546
39348e,TVF55WH ,France,1790574574.0,1790574575,-0.437,48.0176,10690.86,False,212.83,219.11,4.55,,11049.0,7661,False,0,2026-09-28 05:49:42.078546
885313,THA202  ,Thailand,1790574572.0,1790574572,100.9905,14.201,2407.92,False,133.65,14.95,-5.2,,2560.32,,False,0,2026-09-28 05:49:42.078546
728675,IAW443  ,Iraq,1790574571.0,1790574574,53.1104,26.0755,10668.0,False,266.92,110.18,0.0,,11262.36,7262,False,0,2026-09-28 05:49:42.078546
e48b66,TAM3466 ,Brazil,1790574574.0,1790574574,-48.0623,-8.1771,11590.02,False,237.57,9.1,0.0,,12306.3,,False,0,2026-09-28 05:49:42.078546
4bc855,PGT27MP ,Turkey,1790574573.0,1790574574,29.5123,40.9732,1706.88,False,131.69,65.54,4.23,,1783.08,3206,False,0,2026-09-28 05:49:42.078546
4bc852,PGT605  ,Turkey,1790574573.0,1790574574,30.0956,39.0609,10355.58,False,229.07,287.78,0.0,,10607.04,2160,False,0,2026-09-28 05:49:42.078546
c06a75,TSC154  ,Canada,1790574575.0,1790574575,3.7521,51.0326,3962.4,False,198.79,87.33,-10.08,,4175.76,2241,False,0,2026-09-28 05:49:42.078546
4401e9,EJU54MF ,Austria,1790574574.0,1790574575,-1.2499,39.0322,11285.22,False,208.05,232.54,0.0,,11803.38,4051,False,0,2026-09-28 05:49:42.078546
4bc84f,PGT699  ,Turkey,1790574574.0,1790574575,28.9749,40.3288,3360.42,False,136.07,315.92,-3.58,,3482.34,5242,False,0,2026-09-28 05:49:42.078546
4bc84c,PGT831  ,Turkey,1790574573.0,1790574574,32.1718,40.0536,10347.96,False,231.95,283.73,0.0,,10584.18,,False,0,2026-09-28 05:49:42.078546
4401d1,EJU396U ,Austria,1790574574.0,1790574575,4.9232,45.8113,2316.48,False,137.83,17.15,-6.5,,2522.22,1000,False,0,2026-09-28 05:49:42.078546
4bc85a,PGT844X ,Turkey,1790574573.0,1790574573,34.4037,38.0267,8465.82,False,235.92,329.46,4.23,,8694.42,,False,0,2026-09-28 05:49:42.078546
a0e431,AAL1818 ,United States,1790574575.0,1790574575,-122.5999,45.5898,,True,0.0,78.75,,,,3267,False,0,2026-09-28 05:49:42.078546
a60701,ASA1177 ,United States,1790574574.0,1790574574,-158.0325,21.2395,670.56,False,69.76,52.79,0.0,,708.66,,False,0,2026-09-28 05:49:42.078546
34454b,VLG41HG ,Spain,1790574575.0,1790574575,-0.4226,40.898,10050.78,False,204.61,264.66,0.0,,10515.6,,False,0,2026-09-28 05:49:42.078546
344557,VLG7NX  ,Spain,1790574574.0,1790574574,3.4066,41.6183,9144.0,False,216.0,58.24,0.33,,9601.2,1000,False,0,2026-09-28 05:49:42.078546
0d1138,VIV9501 ,Mexico,1790574564.0,1790574568,-99.2253,19.8774,3718.56,False,115.95,173.63,-6.18,,3931.92,,False,0,2026-09-28 05:49:42.078546
aa92fc,UAL23   ,United States,1790574574.0,1790574574,-6.7605,53.0105,5097.78,False,179.5,97.41,-6.83,,5189.22,3602,False,0,2026-09-28 05:49:42.078546
8745c2,ANA996  ,Japan,1790574574.0,1790574574,139.9535,34.3669,4678.68,False,211.46,359.16,-2.93,,4960.62,7357,False,0,2026-09-28 05:49:42.078546
aa92fb,UAL148  ,United States,1790574574.0,1790574574,-65.9881,17.7092,10363.2,False,256.68,326.28,0.0,,11003.28,,False,0,2026-09-28 05:49:42.078546
0d112a,VIV3105 ,Mexico,1790574574.0,1790574574,-112.9455,29.5972,10675.62,False,238.01,133.25,0.33,,11361.42,1410,False,0,2026-09-28 05:49:42.078546
ada699,RPA4502 ,United States,1790574575.0,1790574575,-71.9241,41.5697,5791.2,False,181.24,67.29,0.0,,5935.98,1674,False,0,2026-09-28 05:49:42.078546
4401fa,EJU78PC ,Austria,1790574574.0,1790574575,8.4009,47.3684,11285.22,False,225.87,127.78,-0.33,,11742.42,1000,False,0,2026-09-28 05:49:42.078546
344545,SWT213P ,Spain,1790574573.0,1790574574,-0.2675,41.3226,5494.02,False,145.66,98.53,0.0,,5775.96,1000,False,0,2026-09-28 05:49:42.078546
ad4395,DAL441  ,United States,1790574562.0,1790574569,-84.4405,33.6431,,True,0.0,180.0,,,,2225,False,0,2026-09-28 05:49:42.078546
4bc847,PGT391  ,Turkey,1790574574.0,1790574575,22.4828,47.6092,11277.6,False,253.54,153.75,0.0,,11605.26,5415,False,0,2026-09-28 05:49:42.078546
4bc843,PGT74X  ,Turkey,1790574574.0,1790574574,30.9854,32.7814,10668.0,False,227.38,174.55,-0.33,,11132.82,3377,False,0,2026-09-28 05:49:42.078546
c06a88,TSC382  ,Canada,1790574574.0,1790574575,-5.0735,50.4182,10058.4,False,238.91,94.45,0.0,,10271.76,5160,False,0,2026-09-28 05:49:42.078546
841b6a,SFJ46   ,Japan,1790574574.0,1790574574,140.1104,35.4398,1272.54,False,150.39,8.66,0.33,,1295.4,2041,False,0,2026-09-28 05:49:42.078546
aa92f8,UAL918  ,United States,1790574574.0,1790574574,-0.3816,51.6221,2133.6,False,134.79,101.22,0.0,,2240.28,7646,False,0,2026-09-28 05:49:42.078546
4401f7,EJU79TX ,Austria,1790574574.0,1790574574,6.289,49.8549,9540.24,False,224.26,12.86,-5.2,,9951.72,1000,False,0,2026-09-28 05:49:42.078546
c06a80,TSC244  ,Canada,1790574574.0,1790574574,-4.2287,56.0597,1363.98,False,119.66,76.32,-3.9,,1432.56,,False,0,2026-09-28 05:49:42.078546
4bc88c,PGT48GV ,Turkey,1790574573.0,1790574574,30.1611,38.9436,9464.04,False,236.64,179.88,-0.65,,9715.5,0722,False,0,2026-09-28 05:49:42.078546
4bc88d,PGT1191 ,Turkey,1790574574.0,1790574574,26.9656,38.3113,9761.22,False,225.18,214.67,0.0,,10066.02,5347,False,0,2026-09-28 05:49:42.078546
4787b3,NOZ804  ,Norway,1790574574.0,1790574574,12.1734,60.2839,6309.36,False,208.59,98.51,12.03,,6461.76,,False,0,2026-09-28 05:49:42.078546
8638b0,ANA508  ,Japan,1790574574.0,1790574574,135.5883,34.6591,982.98,False,88.03,315.0,-4.88,,1051.56,,False,0,2026-09-28 05:49:42.078546
801723,IGO58DA ,India,1790574574.0,1790574574,79.959,27.0772,11277.6,False,240.12,110.57,0.0,,11955.78,,False,0,2026-09-28 05:49:42.078546
4bc88e,PGT1457 ,Turkey,1790574574.0,1790574574,24.6424,41.5298,11277.6,False,245.43,157.57,-0.33,,11597.64,1333,False,0,2026-09-28 05:49:42.078546
80171a,IGO6391 ,India,1790574574.0,1790574574,72.3421,21.1653,10454.64,False,229.83,166.27,5.2,,11056.62,,False,0,2026-09-28 05:49:42.078546
80171b,IGO32Y  ,India,1790574540.0,1790574572,57.0779,24.8807,10073.64,False,262.33,112.24,0.0,,,2143,False,0,2026-09-28 05:49:42.078546
4bc89a,PGT691  ,Turkey,1790574573.0,1790574574,29.074,40.799,967.74,False,89.49,57.68,-3.58,,1036.32,4201,False,0,2026-09-28 05:49:42.078546
34450d,7777XASP,Spain,1790574572.0,1790574574,-8.3744,43.3069,,True,0.0,165.94,,,,,False,0,2026-09-28 05:49:42.078546
800401,AIC1DC  ,India,1790574483.0,1790574483,73.9936,23.8119,11277.6,False,238.62,20.31,0.0,,11948.16,,False,0,2026-09-28 05:49:42.078546
ad3098,SWA2922 ,United States,1790574571.0,1790574572,-122.3813,37.6201,,True,0.0,298.12,,,,7337,False,0,2026-09-28 05:49:42.078546
a8de33,DAL781  ,United States,1790574537.0,1790574538,-98.8901,39.8012,10972.8,False,224.55,260.11,0.0,,11468.1,1126,False,0,2026-09-28 05:49:42.078546
344503,IBE03CY ,Spain,1790574575.0,1790574575,-6.3713,40.5974,11582.4,False,250.33,105.01,0.0,,11993.88,3340,False,0,2026-09-28 05:49:42.078546
344501,VLG1DP  ,Spain,1790574574.0,1790574574,0.7236,41.638,8229.6,False,173.86,308.63,0.0,,8663.94,1000,False,0,2026-09-28 05:49:42.078546
702033,BBC388  ,Bangladesh,1790574574.0,1790574574,92.1355,21.8763,9448.8,False,226.71,136.56,0.0,,10035.54,4720,False,0,2026-09-28 05:49:42.078546
8518f2,JAL495  ,Japan,1790574575.0,1790574575,138.5671,35.0326,8702.04,False,213.15,254.89,9.1,,9235.44,3421,False,0,2026-09-28 05:49:42.078546
4bc889,PGT905  ,Turkey,1790574574.0,1790574575,29.2061,41.6119,8473.44,False,218.67,294.76,7.15,,8732.52,2337,False,0,2026-09-28 05:49:42.078546
4787a0,NOZ6FM  ,Norway,1790574574.0,1790574574,10.9463,54.8182,10668.0,False,219.09,174.61,0.0,,11026.14,0761,False,0,2026-09-28 05:49:42.078546
4bc885,PGT741  ,Turkey,1790574574.0,1790574574,29.1796,40.8393,701.04,False,72.7,63.98,-3.58,,762.0,0510,False,0,2026-09-28 05:49:42.078546
702034,BBC128  ,Bangladesh,1790574574.0,1790574574,90.4526,23.7746,457.2,False,79.84,323.65,-4.55,,388.62,5551,False,0,2026-09-28 05:49:42.078546
4bc892,,Turkey,,1790574574,,,,False,243.62,282.69,0.0,,,,False,0,2026-09-28 05:49:42.078546
4bc890,PGT78LH ,Turkey,1790574573.0,1790574574,29.6678,40.8439,5791.2,False,189.08,202.73,-5.2,,5958.84,5074,False,0,2026-09-28 05:49:42.078546
ac7e0f,ASI934  ,United States,1790574306.0,1790574306,-112.0699,33.6873,,True,5.92,84.38,,,,,False,0,2026-09-28 05:49:42.078546
452087,UBD445  ,Bulgaria,1790574574.0,1790574575,29.4636,42.023,10363.2,False,252.26,301.75,0.33,,10660.38,7475,False,0,2026-09-28 05:49:42.078546
73806d,ELY311  ,Israel,1790574574.0,1790574574,9.1384,48.4583,11582.4,False,224.46,315.65,0.0,,12009.12,1141,False,0,2026-09-28 05:49:42.078546
73806c,ELY337  ,Israel,1790574574.0,1790574574,30.3267,39.8466,10972.8,False,234.17,335.74,0.33,,11224.26,1166,False,0,2026-09-28 05:49:42.078546
80186e,IGO751  ,India,1790574575.0,1790574575,88.2993,22.3967,1226.82,False,101.87,84.2,-2.6,,1203.96,6326,False,0,2026-09-28 05:49:42.078546
73806f,ELY5462 ,Israel,1790574574.0,1790574574,31.6818,34.1117,10668.0,False,257.36,127.85,0.0,,11087.1,7407,False,0,2026-09-28 05:49:42.078546
801878,IGO769V ,India,1790574360.0,1790574360,84.3935,25.0396,11582.4,False,239.55,299.32,0.0,,12329.16,2637,False,0,2026-09-28 05:49:42.078546
c058b4,ROU1705 ,Canada,1790574541.0,1790574541,-115.1424,36.0826,,True,5.4,5.62,,,,6302,False,0,2026-09-28 05:49:42.078546
80053f,AIC3YC  ,India,1790574574.0,1790574574,75.0239,26.7091,11727.18,False,237.07,350.89,-4.88,,12420.6,,False,0,2026-09-28 05:49:42.078546
440090,EJU51LD ,Austria,1790574574.0,1790574574,11.9468,51.2219,9578.34,False,222.51,47.72,-7.48,,9997.44,1000,False,0,2026-09-28 05:49:42.078546
7cc429,R0685   ,Australia,1790574574.0,1790574574,144.9102,-38.4486,297.18,False,64.26,289.16,0.65,,434.34,1200,False,0,2026-09-28 05:49:42.078546
80184a,VTMIR   ,India,1790574574.0,1790574574,77.5617,28.4418,2476.5,False,131.66,285.18,-5.85,,2506.98,,False,0,2026-09-28 05:49:42.078546
738061,ELY2521 ,Israel,1790574574.0,1790574574,26.9306,43.9942,10972.8,False,234.25,319.45,0.0,,11231.88,5205,False,0,2026-09-28 05:49:42.078546
738060,ELY5119 ,Israel,1790574573.0,1790574574,33.4403,36.4477,10972.8,False,214.42,317.24,0.0,,11315.7,2247,False,0,2026-09-28 05:49:42.078546
801861,IGO6583 ,India,1790574522.0,1790574522,76.6645,14.68,10226.04,False,238.67,305.44,4.23,,10835.64,,False,0,2026-09-28 05:49:42.078546
738064,ELY347  ,Israel,1790574574.0,1790574574,31.8851,33.4077,10972.8,False,206.61,304.24,0.0,,11430.0,2247,False,0,2026-09-28 05:49:42.078546
738063,ELY381  ,Israel,1790574574.0,1790574574,28.7837,34.9282,10972.8,False,201.35,306.9,0.33,,11361.42,2225,False,0,2026-09-28 05:49:42.078546
a49951,,United States,1790574376.0,1790574376,-80.2812,25.7996,,True,6.94,267.19,,,,,False,0,2026-09-28 05:49:42.078546
c07b05,ACA154  ,Canada,1790574567.0,1790574573,-114.0092,51.1295,,True,0.0,95.62,,,,0536,False,0,2026-09-28 05:49:42.078546
738069,ELY221  ,Israel,1790574574.0,1790574574,28.5144,35.0786,10972.8,False,199.66,301.19,0.0,,11369.04,2211,False,0,2026-09-28 05:49:42.078546
801864,IGO6144 ,India,1790574575.0,1790574575,77.1634,11.2547,10972.8,False,236.98,207.12,0.0,,11650.98,2605,False,0,2026-09-28 05:49:42.078546
ab274f,N818CJ  ,United States,1790574574.0,1790574574,-11.8204,39.2732,12192.0,False,228.11,287.45,0.33,,12618.72,6455,False,0,2026-09-28 05:49:42.078546
80185a,VTTKG   ,India,1790574573.0,1790574573,77.2192,27.6675,7620.0,False,144.08,79.09,0.0,,8016.24,,False,0,2026-09-28 05:49:42.078546
44009e,EJU8078 ,Austria,1790574575.0,1790574575,-2.3587,47.2756,11582.4,False,250.77,10.04,0.0,,11902.44,7451,False,0,2026-09-28 05:49:42.078546
ac340a,SWA3128 ,United States,1790574573.0,1790574574,-117.5383,37.5704,10972.8,False,253.13,343.59,-0.98,,11369.04,,False,0,2026-09-28 05:49:42.078546
738072,ELY002  ,Israel,1790574574.0,1790574574,9.1285,47.604,11277.6,False,247.94,104.79,0.0,,11719.56,2262,False,0,2026-09-28 05:49:42.078546
738076,ELY081  ,Israel,1790574573.0,1790574573,96.2416,13.203,10058.4,False,249.28,65.23,0.0,,,,False,0,2026-09-28 05:49:42.078546
738075,ELY082  ,Israel,1790574574.0,1790574574,34.9656,32.1192,716.28,False,98.79,208.97,-5.53,,784.86,,False,0,2026-09-28 05:49:42.078546
73806a,ELY2365 ,Israel,1790574574.0,1790574574,21.3191,46.6213,8618.22,False,232.35,299.01,-5.53,,8930.64,5227,False,0,2026-09-28 05:49:42.078546
c058bb,ACA924  ,Canada,1790574574.0,1790574574,0.8852,39.3517,7078.98,False,241.1,86.94,-11.38,,7490.46,3146,False,0,2026-09-28 05:49:42.078546
e072cf,ARG1134 ,Argentina,1790574318.0,1790574318,-3.5735,40.4603,,True,3.09,2.81,,,,4447,False,0,2026-09-28 05:49:42.078546
80057d,AIC3HK  ,India,1790574574.0,1790574574,77.3523,13.6462,5768.34,False,192.57,144.57,-3.9,,6088.38,,False,0,2026-09-28 05:49:42.078546
e49e51,PSODF   ,Brazil,1790574573.0,1790574574,-43.1896,-12.5325,14325.6,False,245.17,198.85,0.0,,14973.3,,False,0,2026-09-28 05:49:42.078546
440059,BCS7060 ,Austria,1790574575.0,1790574575,31.9197,35.3831,8945.88,False,244.19,71.07,-9.43,,9243.06,7420,False,0,2026-09-28 05:49:42.078546
a9fa34,CKS601  ,United States,1790574575.0,1790574575,113.6129,23.0528,10088.88,False,252.98,79.81,0.0,,10797.54,,False,0,2026-09-28 05:49:42.078546
8733bc,ANA983  ,Japan,1790574573.0,1790574575,138.8969,38.3211,12489.18,False,278.27,29.46,-0.33,,13007.34,0430,False,0,2026-09-28 05:49:42.078546
3c4a06,DLH439  ,Germany,1790574574.0,1790574574,1.5953,51.0954,11879.58,False,258.25,89.77,0.33,,12176.76,2277,False,0,2026-09-28 05:49:42.078546
440065,EJU92WT ,Austria,1790574574.0,1790574574,3.9007,52.1127,7315.2,False,160.37,257.21,0.0,,7597.14,7345,False,0,2026-09-28 05:49:42.078546
440062,EJU16CR ,Austria,1790574574.0,1790574574,1.3888,48.6976,2438.4,False,139.62,262.38,0.0,,2613.66,1000,False,0,2026-09-28 05:49:42.078546
aa0701,AAL3150 ,United States,1790574574.0,1790574574,-120.4477,35.1271,1120.14,False,97.9,304.94,-6.83,,1112.52,0736,False,0,2026-09-28 05:49:42.078546
484fff,KLM777  ,Kingdom of the Netherlands,1790574575.0,1790574575,3.9977,52.5185,2354.58,False,151.73,110.65,-5.85,,2484.12,7621,False,0,2026-09-28 05:49:42.078546
44004f,AUA571K ,Austria,1790574574.0,1790574574,16.6717,46.8831,8039.1,False,235.86,177.37,7.48,,8389.62,1000,False,0,2026-09-28 05:49:42.078546
44003a,AUA16P  ,Austria,1790574574.0,1790574575,13.7947,48.614,10363.2,False,212.35,285.89,0.0,,10782.3,1000,False,0,2026-09-28 05:49:42.078546
a04e00,00000000,United States,1790574561.0,1790574566,-111.9813,40.7937,,True,0.0,0.0,,,,3653,False,0,2026-09-28 05:49:42.078546
702097,UBG106  ,Bangladesh,1790574575.0,1790574575,91.2519,22.8651,3787.14,False,111.23,322.71,2.93,,3970.02,5566,False,0,2026-09-28 05:49:42.078546
738050,ELY395  ,Israel,1790574574.0,1790574574,5.2781,40.0529,10668.0,False,228.33,259.22,0.0,,11163.3,2271,False,0,2026-09-28 05:49:42.078546
3c4a23,DLH753  ,Germany,1790574574.0,1790574575,15.6467,47.885,11582.4,False,236.21,290.53,0.0,,12024.36,1000,False,0,2026-09-28 05:49:42.078546
3c4a22,DLH501  ,Germany,1790574575.0,1790574575,8.3189,50.0832,2948.94,False,187.86,69.48,-4.88,,3177.54,1000,False,0,2026-09-28 05:49:42.078546
738054,ELY2371 ,Israel,1790574574.0,1790574574,26.0638,45.2634,10972.8,False,229.73,319.0,0.0,,11239.5,2201,False,0,2026-09-28 05:49:42.078546
738053,ELY573  ,Israel,1790574574.0,1790574574,26.0645,44.1939,2819.4,False,158.45,323.32,-8.78,,2956.56,5262,False,0,2026-09-28 05:49:42.078546
440053,EJU823K ,Austria,1790574574.0,1790574575,5.6239,44.042,7018.02,False,207.14,142.16,-9.75,,7437.12,1000,False,0,2026-09-28 05:49:42.078546
738052,ELY393  ,Israel,1790574573.0,1790574574,14.2368,39.666,10972.8,False,239.84,286.06,0.0,,11414.76,5234,False,0,2026-09-28 05:49:42.078546
3453d3,ANE1209 ,Spain,1790574574.0,1790574574,1.3624,43.0596,10972.8,False,253.83,73.88,-0.33,,11437.62,1000,False,0,2026-09-28 05:49:42.078546
738051,ELY319  ,Israel,1790574574.0,1790574574,13.7663,44.3162,10972.8,False,227.19,294.77,0.0,,11414.76,2276,False,0,2026-09-28 05:49:42.078546
440051,EJU12AZ ,Austria,1790574575.0,1790574575,-8.2015,39.9139,10965.18,False,238.35,351.31,0.33,,11376.66,2027,False,0,2026-09-28 05:49:42.078546
738058,ELY223  ,Israel,1790574574.0,1790574574,23.0958,38.0389,11582.4,False,217.87,303.54,-0.33,,11948.16,2722,False,0,2026-09-28 05:49:42.078546
440050,AUA738H ,Austria,1790574574.0,1790574574,16.8047,45.83,10904.22,False,215.88,326.27,-5.53,,11330.94,7112,False,0,2026-09-28 05:49:42.078546
738057,ELY385  ,Israel,1790574574.0,1790574575,18.2685,40.2699,10972.8,False,224.17,290.56,0.0,,11384.28,5622,False,0,2026-09-28 05:49:42.078546
738056,ELY357  ,Israel,1790574574.0,1790574575,24.0371,45.0536,10972.8,False,229.48,302.55,0.0,,11231.88,1000,False,0,2026-09-28 05:49:42.078546
738055,ELY353  ,Israel,1790574574.0,1790574575,20.762,44.6044,10972.8,False,219.16,298.61,0.0,,11308.08,2223,False,0,2026-09-28 05:49:42.078546
3c4a0b,DLH757  ,Germany,1790574574.0,1790574574,10.6325,49.4355,7444.74,False,219.52,297.65,-8.45,,7833.36,3235,False,0,2026-09-28 05:49:42.078546
452023,PJJ214X ,Bulgaria,1790574574.0,1790574574,0.4155,38.5868,12192.0,False,244.37,67.86,0.0,,12710.16,1450,False,0,2026-09-28 05:49:42.078546
44006d,AUA84   ,Austria,1790574573.0,1790574574,23.9581,44.6263,11551.92,False,229.01,310.99,-3.58,,11833.86,5250,False,0,2026-09-28 05:49:42.078546
80188a,VTCCA   ,India,1790574574.0,1790574575,10.2118,49.5127,13106.4,False,242.72,296.29,0.0,,13548.36,7540,False,0,2026-09-28 05:49:42.078546
80188b,OAH713  ,India,1790574574.0,1790574574,93.5186,22.143,11887.2,False,212.59,94.44,-0.33,,12626.34,6346,False,0,2026-09-28 05:49:42.078546
70209a,BBC538  ,Bangladesh,1790574573.0,1790574574,50.6038,23.1246,12496.8,False,263.28,99.33,-0.33,,13228.32,4533,False,0,2026-09-28 05:49:42.078546
3453c1,AEA1159 ,Spain,1790574531.0,1790574531,-9.1307,38.7698,,True,0.0,75.94,,,,3760,False,0,2026-09-28 05:49:42.078546
3453c3,VLG5PP  ,Spain,1790574574.0,1790574574,-1.3539,42.6114,6576.06,False,190.52,295.6,-4.55,,6926.58,1000,False,0,2026-09-28 05:49:42.078546
440083,EJU94GP ,Austria,1790574574.0,1790574574,-2.7513,43.8112,10980.42,False,236.05,9.15,-0.33,,11361.42,4505,False,0,2026-09-28 05:49:42.078546
440081,AUA7    ,Austria,1790574574.0,1790574574,91.0805,19.586,11887.2,False,246.32,127.28,0.0,,12633.96,7106,False,0,2026-09-28 05:49:42.078546
484fde,KLM30N  ,Kingdom of the Netherlands,1790574574.0,1790574574,5.5727,53.0368,5257.8,False,185.73,205.07,-12.03,,5478.78,0747,False,0,2026-09-28 05:49:42.078546
80189d,AIC188  ,India,1790574546.0,1790574569,49.4187,27.1576,11879.58,False,283.18,102.7,0.0,,12573.0,1160,False,0,2026-09-28 05:49:42.078546
80189b,GOA5302 ,India,1790574574.0,1790574574,77.0394,13.8709,4640.58,False,106.31,309.7,1.95,,4914.9,,False,0,2026-09-28 05:49:42.078546
ad6755,ASA269  ,United States,1790574575.0,1790574575,-116.0796,47.4362,11277.6,False,248.76,92.73,0.0,,11430.0,3555,False,0,2026-09-28 05:49:42.078546
70209f,BBC377  ,Bangladesh,1790574574.0,1790574574,137.6814,35.871,11574.78,False,206.6,266.86,0.0,,12245.34,3177,False,0,2026-09-28 05:49:42.078546
440073,EJU52HC ,Austria,1790574575.0,1790574575,10.8109,50.2443,10180.32,False,228.6,106.07,-7.15,,10607.04,1000,False,0,2026-09-28 05:49:42.078546
e80042,SKU7152 ,Chile,1790574574.0,1790574574,-70.8989,-33.6051,4495.8,False,157.82,22.22,-7.48,,4671.06,,False,0,2026-09-28 05:49:42.078546
440070,LDX3    ,Austria,1790574574.0,1790574574,2.4424,49.8447,12496.8,False,265.35,327.91,-0.33,,12786.36,5766,False,0,2026-09-28 05:49:42.078546
8a04d7,GIA717  ,Indonesia,1790574574.0,1790574574,144.1898,-37.2572,6019.8,False,205.92,316.01,9.1,,6271.26,1456,False,0,2026-09-28 05:49:42.078546
440018,EJU57RF ,Austria,1790574571.0,1790574571,2.0613,41.2934,,True,6.69,196.88,,,,,False,0,2026-09-28 05:49:42.078546
a59398,AAL3166 ,United States,1790574575.0,1790574575,-111.8309,39.699,9456.42,False,277.92,70.42,0.0,,9837.42,3277,False,0,2026-09-28 05:49:42.078546
440005,EJU18KE ,Austria,1790574413.0,1790574413,9.3326,41.23,3291.84,False,166.82,103.74,-12.03,,3649.98,0470,False,0,2026-09-28 05:49:42.078546
440002,AUA26   ,Austria,1790574574.0,1790574574,115.6997,41.5712,9174.48,False,219.78,285.34,0.0,,9380.22,,False,0,2026-09-28 05:49:42.078546
80059d,VTEJZ   ,India,1790574574.0,1790574574,75.7057,29.5839,5501.64,False,124.53,331.64,0.0,,5737.86,,False,0,2026-09-28 05:49:42.078546
440039,AUA40Y  ,Austria,1790574574.0,1790574574,9.7116,45.8119,10668.0,False,223.49,235.03,0.0,,11125.2,1000,False,0,2026-09-28 05:49:42.078546
440036,EJU14WG ,Austria,1790574574.0,1790574574,-5.7829,41.6331,10881.36,False,243.12,68.27,3.9,,11285.22,2010,False,0,2026-09-28 05:49:42.078546
aa3ae9,UAL1224 ,United States,1790574574.0,1790574574,-158.1184,21.128,480.06,False,113.44,302.97,0.33,,510.54,,False,0,2026-09-28 05:49:42.078546
ac32f2,SWA634  ,United States,1790574432.0,1790574433,-122.3825,37.6162,,True,2.57,340.31,,,,6731,False,0,2026-09-28 05:49:42.078546
8a0638,BTK6805 ,Indonesia,1790574575.0,1790574575,106.3809,-6.016,2423.16,False,124.86,247.98,-2.6,,2583.18,,False,0,2026-09-28 05:49:42.078546
aa9136,ASA100  ,United States,1790574574.0,1790574574,-115.6919,53.2718,11277.6,False,262.32,38.87,0.0,,11292.84,,False,0,2026-09-28 05:49:42.078546
8a0636,BTK7520 ,Indonesia,1790574574.0,1790574574,107.0594,-6.3413,2339.34,False,120.96,238.74,-7.15,,2499.36,,False,0,2026-09-28 05:49:42.078546
440031,EJU5052 ,Austria,1790574575.0,1790574575,13.7056,44.8684,10972.8,False,220.18,0.27,0.0,,11422.38,1000,False,0,2026-09-28 05:49:42.078546
440030,EJU92NJ ,Austria,1790574574.0,1790574575,-1.6828,49.6593,10058.4,False,248.21,11.96,-0.33,,10347.96,2307,False,0,2026-09-28 05:49:42.078546
c02039,MAL8053 ,Canada,1790574389.0,1790574574,-74.0436,45.6796,,True,0.0,278.44,,,,,False,0,2026-09-28 05:49:42.078546
44001e,AUA56   ,Austria,1790574575.0,1790574575,10.8486,49.9244,11277.6,False,241.12,112.19,0.0,,11666.22,2232,False,0,2026-09-28 05:49:42.078546
44001c,AUA13H  ,Austria,1790574574.0,1790574574,8.9569,47.7073,4061.46,False,133.99,294.5,-5.53,,4351.02,1000,False,0,2026-09-28 05:49:42.078546
44001b,AUA491  ,Austria,1790574574.0,1790574574,10.2676,45.9872,10668.0,False,229.39,238.95,0.0,,11140.44,1337,False,0,2026-09-28 05:49:42.078546
8a061d,CTV176  ,Indonesia,1790574574.0,1790574574,106.9601,-6.274,693.42,False,120.28,123.49,7.15,,731.52,,False,0,2026-09-28 05:49:42.078546
500205,MEA235  ,San Marino,1790574574.0,1790574574,25.2932,42.8252,10363.2,False,222.24,289.19,0.0,,10652.76,5606,False,0,2026-09-28 05:49:42.078546
8960f1,UAE185  ,United Arab Emirates,1790574562.0,1790574570,51.8927,22.9816,11582.4,False,248.76,250.93,0.0,,9250.68,0504,False,0,2026-09-28 05:49:42.078546
8960f0,UAE1EW  ,United Arab Emirates,1790574452.0,1790574574,48.9819,26.7656,12192.0,False,228.41,270.0,0.0,,12900.66,0514,False,0,2026-09-28 05:49:42.078546
a245b7,UAL1752 ,United States,1790574574.0,1790574574,-87.9198,41.9674,,True,17.49,270.0,,,,2420,False,0,2026-09-28 05:49:42.078546
8a060e,CTV512  ,Indonesia,1790574564.0,1790574570,106.0926,-5.3035,6263.64,False,197.23,316.48,7.15,,6690.36,,False,0,2026-09-28 05:49:42.078546
8a060d,CTV916  ,Indonesia,1790574491.0,1790574493,102.0708,-1.0319,10972.8,False,242.28,318.18,0.0,,11719.56,,False,0,2026-09-28 05:49:42.078546
47c1f7,NOZ40T  ,Norway,1790574574.0,1790574574,11.0223,63.0912,3147.06,False,147.68,308.07,-4.88,,3208.02,,False,0,2026-09-28 05:49:42.078546
8840f9,BKP807  ,Thailand,1790574511.0,1790574511,102.3865,14.0008,11879.58,False,230.27,36.46,0.33,,12702.54,,False,0,2026-09-28 05:49:42.078546
3c4a8c,DLH441  ,Germany,1790574574.0,1790574575,8.83,50.0979,1051.56,False,93.57,250.07,-5.2,,1188.72,2234,False,0,2026-09-28 05:49:42.078546
a03b67,DAL2146 ,United States,1790574574.0,1790574574,-109.4444,36.2559,10355.58,False,201.14,244.88,0.0,,10904.22,5315,False,0,2026-09-28 05:49:42.078546
a97639,CKS528  ,United States,1790574321.0,1790574322,140.3671,35.776,114.3,False,71.73,149.39,-4.23,,106.68,3722,False,0,2026-09-28 05:49:42.078546
344197,ANE54ER ,Spain,1790574574.0,1790574574,-2.3177,41.0787,7223.76,False,224.64,38.86,5.85,,7574.28,1000,False,0,2026-09-28 05:49:42.078546
344195,ANE17ZM ,Spain,1790574574.0,1790574574,-5.2379,41.3864,8839.2,False,231.95,295.49,0.33,,9220.2,3405,False,0,2026-09-28 05:49:42.078546
8017a0,IGO1074 ,India,1790574574.0,1790574574,92.4096,13.8562,9136.38,False,246.28,315.59,0.0,,,,False,0,2026-09-28 05:49:42.078546
8a0603,BTK6825 ,Indonesia,1790574572.0,1790574572,106.8,-5.678,5196.84,False,158.87,219.88,-11.05,,5684.52,,False,0,2026-09-28 05:49:42.078546
a5e339,ASA1122 ,United States,1790574482.0,1790574482,-155.7308,20.408,5425.44,False,202.46,116.57,-15.61,,5981.7,,False,0,2026-09-28 05:49:42.078546
50020a,SLS7A   ,San Marino,1790574574.0,1790574574,6.2139,44.6403,7924.8,False,127.98,331.68,0.0,,8351.52,6774,False,0,2026-09-28 05:49:42.078546
ad9b94,SKW406P ,United States,1790574574.0,1790574574,-104.5628,39.8854,2148.84,False,119.93,74.83,6.83,,2225.04,1471,False,0,2026-09-28 05:49:42.078546
8960e0,UAE309  ,United Arab Emirates,1790574305.0,1790574451,67.9537,30.1523,9753.6,False,247.82,226.6,0.0,,10203.18,,False,0,2026-09-28 05:49:42.078546
ab271f,AAL127  ,United States,1790574568.0,1790574569,134.3151,34.4581,12192.0,False,210.42,257.29,-0.33,,12900.66,3115,False,0,2026-09-28 05:49:42.078546
a2cb33,UAL182  ,United States,1790574574.0,1790574574,-0.9776,53.357,11887.2,False,255.59,107.81,-0.65,,12070.08,2276,False,0,2026-09-28 05:49:42.078546
a39b39,AAL726  ,United States,1790574562.0,1790574562,-109.0365,34.2454,10363.2,False,216.38,299.8,0.0,,10965.18,1412,False,0,2026-09-28 05:49:42.078546
8016db,IGO461W ,India,1790574571.0,1790574574,78.1463,27.5581,8892.54,False,236.05,116.96,4.55,,9403.08,,False,0,2026-09-28 05:49:42.078546
8016de,IGO239V ,India,1790574573.0,1790574574,79.4373,27.3936,10660.38,False,233.19,111.75,0.0,,11323.32,,False,0,2026-09-28 05:49:42.078546
a03b91,FDX42   ,United States,1790574575.0,1790574575,-81.6341,29.6402,10668.0,False,243.48,131.4,0.0,,11155.68,5622,False,0,2026-09-28 05:49:42.078546
89611f,UAE21K  ,United Arab Emirates,1790574541.0,1790574572,49.1392,27.1487,9753.6,False,230.61,299.54,0.0,,10332.72,6225,False,0,2026-09-28 05:49:42.078546
70472b,KBZ813  ,Myanmar,1790574574.0,1790574574,94.4947,18.1275,5189.22,False,124.01,116.88,0.0,,,,False,0,2026-09-28 05:49:42.078546
8003c1,AF321   ,India,1790574574.0,1790574574,77.4631,29.0441,3390.9,False,155.47,182.09,-7.8,,3497.58,,False,0,2026-09-28 05:49:42.078546
46a1d9,SXHNY   ,Greece,1790574574.0,1790574574,24.1569,37.7352,289.56,False,53.99,149.04,3.25,,381.0,,False,0,2026-09-28 05:49:42.078546
8016c5,IGO491  ,India,1790574574.0,1790574574,88.872,22.7234,4716.78,False,171.74,223.79,-7.8,,4937.76,3301,False,0,2026-09-28 05:49:42.078546
4891b4,ENT5991 ,Poland,1790574574.0,1790574575,16.8502,52.4165,182.88,False,83.47,107.21,16.26,,312.42,,False,0,2026-09-28 05:49:42.078546
4891b2,ENT1344 ,Poland,1790574575.0,1790574575,19.9069,50.1394,10972.8,False,219.81,23.45,0.0,,11338.56,1000,False,0,2026-09-28 05:49:42.078546
aa909a,AVA182  ,United States,1790574574.0,1790574574,-9.8688,40.4262,12184.38,False,267.83,85.48,-0.33,,12580.62,3351,False,0,2026-09-28 05:49:42.078546
896110,UAE58Q  ,United Arab Emirates,1790574573.0,1790574574,50.718,26.633,10363.2,False,230.09,289.73,0.0,,10965.18,0523,False,0,2026-09-28 05:49:42.078546
4891ad,ENT5FH  ,Poland,1790574574.0,1790574574,1.4195,47.5614,10370.82,False,239.34,9.4,0.33,,10751.82,1000,False,0,2026-09-28 05:49:42.078546
4891ac,ENT4096 ,Poland,1790574575.0,1790574575,30.0709,40.2796,10972.8,False,230.72,335.78,0.33,,11247.12,5325,False,0,2026-09-28 05:49:42.078546
8016ba,IGO524  ,India,1790574574.0,1790574574,87.4232,21.0315,11277.6,False,223.74,45.84,0.0,,11986.26,7264,False,0,2026-09-28 05:49:42.078546
896112,UAE725  ,United Arab Emirates,1790574574.0,1790574575,55.1826,25.2475,1516.38,False,126.18,237.99,8.13,,1554.48,0522,False,0,2026-09-28 05:49:42.078546
4891b9,ENT5HE  ,Poland,1790574574.0,1790574574,7.1114,44.0505,11277.6,False,226.14,238.3,0.0,,11750.04,7503,False,0,2026-09-28 05:49:42.078546
4891b8,ENT7331 ,Poland,1790574574.0,1790574574,28.9958,38.1586,11277.6,False,247.67,143.7,0.0,,11582.4,5547,False,0,2026-09-28 05:49:42.078546
8016c9,AXB2971 ,India,1790574574.0,1790574574,77.8224,13.1886,1394.46,False,83.85,270.0,-4.55,,1379.22,1000,False,0,2026-09-28 05:49:42.078546
471d6c,WMT9SL  ,Hungary,1790574571.0,1790574574,10.003,53.6306,,True,1.03,84.38,,,,,False,0,2026-09-28 05:49:42.078546
471d6f,WZZ247  ,Hungary,1790574574.0,1790574575,10.834,45.6461,10157.46,False,214.55,270.82,-2.6,,10599.42,2347,False,0,2026-09-28 05:49:42.078546
471d6d,WMT3030 ,Hungary,1790574574.0,1790574575,10.6155,45.6116,7048.5,False,198.06,89.7,7.8,,7406.64,0433,False,0,2026-09-28 05:49:42.078546
471d6e,WZZ91GF ,Hungary,1790574574.0,1790574574,33.9876,34.0432,5448.3,False,213.79,340.61,-12.03,,5669.28,6417,False,0,2026-09-28 05:49:42.078546
5001e3,MEA213  ,San Marino,1790574574.0,1790574574,29.6193,40.5803,9761.22,False,237.74,309.03,0.0,,10035.54,5614,False,0,2026-09-28 05:49:42.078546
8016d2,IGO217W ,India,1790574574.0,1790574574,75.252,27.5144,7940.04,False,252.7,25.05,-9.43,,8374.38,,False,0,2026-09-28 05:49:42.078546
345597,ANE1244 ,Spain,1790574574.0,1790574574,5.4164,43.1885,10058.4,False,229.98,232.36,0.0,,10507.98,1000,False,0,2026-09-28 05:49:42.078546
8016d6,IGO326  ,India,1790574448.0,1790574491,88.4415,22.6431,53.34,True,0.45,185.62,,,,1431,False,0,2026-09-28 05:49:42.078546
5001e5,MEA424  ,San Marino,1790574229.0,1790574573,35.9369,34.2093,7170.42,False,200.39,117.03,7.48,,7467.6,,False,0,2026-09-28 05:49:42.078546
a03b6d,DAL2666 ,United States,1790574574.0,1790574574,-90.3668,38.7457,,True,5.92,120.94,,,,6060,False,0,2026-09-28 05:49:42.078546
896119,UAE332  ,United Arab Emirates,1790574415.0,1790574415,101.8048,13.5971,11277.6,False,257.88,109.34,0.0,,12024.36,0460,False,0,2026-09-28 05:49:42.078546
5001dc,MEA217  ,San Marino,1790574574.0,1790574574,29.0565,41.1705,9745.98,False,243.64,305.2,0.0,,10020.3,5613,False,0,2026-09-28 05:49:42.078546
406948,BAW180  ,United Kingdom,1790574574.0,1790574574,-1.279,51.3217,3649.98,False,160.67,96.99,-4.55,,3787.14,7655,False,0,2026-09-28 05:49:42.078546
345583,ANE1186 ,Spain,1790574575.0,1790574575,-1.9828,40.8704,6873.24,False,199.66,219.14,-7.8,,7200.9,1000,False,0,2026-09-28 05:49:42.078546
471d69,WZZ1004 ,Hungary,1790574574.0,1790574574,20.4766,40.5666,10668.0,False,239.34,103.17,0.0,,11049.0,,False,0,2026-09-28 05:49:42.078546
471d62,WZZ7WM  ,Hungary,1790574574.0,1790574574,1.4529,39.1212,10195.56,False,212.82,242.82,-16.26,,10698.48,1000,False,0,2026-09-28 05:49:42.078546
471d63,WZZ49VJ ,Hungary,1790574574.0,1790574574,32.1203,35.3598,6537.96,False,224.27,113.1,-9.75,,6766.56,7415,False,0,2026-09-28 05:49:42.078546
471d60,WZZ178  ,Hungary,1790574574.0,1790574574,29.7054,37.1476,10660.38,False,246.75,140.67,0.33,,10965.18,6025,False,0,2026-09-28 05:49:42.078546
471d61,WZZ891  ,Hungary,1790574572.0,1790574573,29.8314,41.5754,11277.6,False,227.74,122.83,0.33,,11551.92,4212,False,0,2026-09-28 05:49:42.078546
471d66,WZZ983  ,Hungary,1790574574.0,1790574575,6.1387,43.5919,10668.0,False,225.59,235.88,-0.33,,11155.68,1000,False,0,2026-09-28 05:49:42.078546
471d67,WZZ5006 ,Hungary,1790574437.0,1790574443,7.6101,51.514,,True,0.06,143.44,,,,1107,False,0,2026-09-28 05:49:42.078546
471d64,WZZ323  ,Hungary,1790574575.0,1790574575,19.518,48.1723,7277.1,False,199.73,2.07,10.08,,7581.9,1000,False,0,2026-09-28 05:49:42.078546
471d65,WMT434  ,Hungary,1790574575.0,1790574575,22.8582,43.0282,10660.38,False,231.0,81.42,0.0,,10965.18,,False,0,2026-09-28 05:49:42.078546
c1ea44,ETOW875 ,Canada,1790574573.0,1790574573,-114.0162,51.132,,True,5.92,112.5,,,,,False,0,2026-09-28 05:49:42.078546
471d71,WZZ3XE  ,Hungary,1790574574.0,1790574574,16.4612,43.2826,11574.78,False,231.22,243.72,0.0,,12016.74,7350,False,0,2026-09-28 05:49:42.078546
471d72,WZZ1KM  ,Hungary,1790574574.0,1790574574,10.3366,47.7675,3398.52,False,131.45,341.99,-5.2,,3634.74,1000,False,0,2026-09-28 05:49:42.078546
458d9a,MMD359  ,Denmark,1790574519.0,1790574519,12.6436,55.6272,,True,6.43,22.5,,,,0206,False,0,2026-09-28 05:49:42.078546
471d70,WZZ4ZQ  ,Hungary,1790574574.0,1790574574,0.2459,42.8901,10675.62,False,207.45,223.19,0.0,,11117.58,1000,False,0,2026-09-28 05:49:42.078546
a2de7e,SKW3706 ,United States,1790574574.0,1790574574,-96.1211,41.4813,1684.02,False,121.05,112.75,-7.15,,1760.22,,False,0,2026-09-28 05:49:42.078546
a3c8d1,DAL1649 ,United States,1790574570.0,1790574571,-73.8623,40.7712,,True,0.0,312.19,,,,,False,0,2026-09-28 05:49:42.078546
471d5e,WZZ44RC ,Hungary,1790574574.0,1790574574,25.2802,54.63,,True,5.92,298.12,,,,1144,False,0,2026-09-28 05:49:42.078546
471d5f,WZZ3351 ,Hungary,1790574574.0,1790574574,4.8877,51.6888,10972.8,False,216.53,285.29,0.0,,11323.32,3544,False,0,2026-09-28 05:49:42.078546
471d5c,WZZ2MR  ,Hungary,1790574573.0,1790574575,-3.0662,37.8248,9806.94,False,198.29,226.16,-5.53,,10302.24,4050,False,0,2026-09-28 05:49:42.078546
c1ea23,UTOW508 ,Canada,1790574526.0,1790574526,-114.0067,51.1292,,True,1.54,309.38,,,,,False,0,2026-09-28 05:49:42.078546
3c5ce5,,Germany,,1790574353,,,,False,184.72,307.99,-12.03,,,,False,0,2026-09-28 05:49:42.078546
4784c2,NOZ522  ,Norway,1790574574.0,1790574574,5.642,58.8297,251.46,False,75.5,347.01,-4.23,,312.42,,False,0,2026-09-28 05:49:42.078546
704729,MMA370  ,Myanmar,1790574574.0,1790574574,98.4547,17.6502,5181.6,False,138.62,31.8,0.0,,,,False,0,2026-09-28 05:49:42.078546
344216,AEA27GB ,Spain,1790574575.0,1790574575,-3.738,42.4584,8839.2,False,213.77,198.96,0.0,,9212.58,3446,False,0,2026-09-28 05:49:42.078546
344217,AEA13UR ,Spain,1790574483.0,1790574483,2.082,41.288,,True,3.34,348.75,,,,,False,0,2026-09-28 05:49:42.078546
345543,ANE23UQ ,Spain,1790574574.0,1790574574,-3.5082,38.9387,9144.0,False,233.86,336.54,-0.33,,9563.1,5070,False,0,2026-09-28 05:49:42.078546
8470a0,ADO25   ,Japan,1790574575.0,1790574575,141.0765,40.8762,12489.18,False,244.89,8.33,-0.98,,12839.7,0413,False,0,2026-09-28 05:49:42.078546
a12734,UAL2341 ,United States,1790574575.0,1790574575,-122.3182,47.4311,144.78,False,71.0,0.42,-4.23,,160.02,2525,False,0,2026-09-28 05:49:42.078546
406900,EXS4BA  ,United Kingdom,1790574574.0,1790574574,2.1861,52.595,11887.2,False,226.39,116.16,0.0,,12161.52,4713,False,0,2026-09-28 05:49:42.078546
a90e74,ABX3111 ,United States,1790574574.0,1790574574,-103.9641,40.959,10972.8,False,198.66,258.95,0.0,,11460.48,1344,False,0,2026-09-28 05:49:42.078546
abbce5,SWA2548 ,United States,1790574574.0,1790574574,-97.6589,30.2359,358.14,False,76.71,177.69,-4.23,,342.9,0725,False,0,2026-09-28 05:49:42.078546
e48a49,PSBAS   ,Brazil,1790574574.0,1790574574,-44.7806,-19.6908,13106.4,False,216.24,328.92,0.0,,13769.34,,False,0,2026-09-28 05:49:42.078546
89619a,UAE3MX  ,United Arab Emirates,1790574561.0,1790574561,-1.1561,61.3206,10972.8,False,239.5,296.95,0.0,,10843.26,2257,False,0,2026-09-28 05:49:42.078546
7cb05e,QLK387D ,Australia,1790574574.0,1790574574,152.5831,-29.345,7620.0,False,195.08,41.04,0.0,,7962.9,1510,False,0,2026-09-28 05:49:42.078546
8a05dc,WON1271 ,Indonesia,1790574575.0,1790574575,104.5223,1.0984,1333.5,False,103.53,296.57,-1.95,,1402.08,,False,0,2026-09-28 05:49:42.078546
7cb066,QLK458D ,Australia,1790574574.0,1790574574,152.5294,-26.0073,7315.2,False,176.02,334.18,0.0,,7696.2,3216,False,0,2026-09-28 05:49:42.078546
7cb065,QLK106D ,Australia,1790574574.0,1790574574,151.896,-32.6839,5791.2,False,207.54,25.87,0.0,,6035.04,1430,False,0,2026-09-28 05:49:42.078546
ada302,SKW306R ,United States,1790574574.0,1790574574,-104.6855,38.9399,2537.46,False,69.45,180.0,-3.58,,2644.14,5110,False,0,2026-09-28 05:49:42.078546
7cb060,QLK24D  ,Australia,1790574559.0,1790574569,151.182,-33.9297,,True,1.29,188.44,,,,,False,0,2026-09-28 05:49:42.078546
7cb061,QLK636D ,Australia,1790574574.0,1790574575,150.9662,-34.1684,3139.44,False,120.12,222.92,11.05,,3337.56,6773,False,0,2026-09-28 05:49:42.078546
801806,IGO346K ,India,1790574574.0,1790574575,80.1576,13.0935,2956.56,False,119.94,69.93,-5.2,,3025.14,,False,0,2026-09-28 05:49:42.078546
801811,,India,1790574570.0,1790574570,73.1142,19.0937,1287.78,False,101.0,243.7,-6.5,,1379.22,,False,0,2026-09-28 05:49:42.078546
89617e,UAE376  ,United Arab Emirates,1790574574.0,1790574574,96.8798,13.7504,9448.8,False,260.84,74.68,0.0,,,,False,0,2026-09-28 05:49:42.078546
c044ff,CGADI   ,Canada,1790574271.0,1790574271,-106.6836,52.1703,,True,4.63,219.38,,,,,False,0,2026-09-28 05:49:42.078546
aca99c,DAL1496 ,United States,1790574567.0,1790574567,-112.2025,38.4302,10668.0,False,204.35,186.07,0.0,,11125.2,6025,False,0,2026-09-28 05:49:42.078546
4041e7,GJADJ   ,United Kingdom,1790574574.0,1790574574,-0.4614,53.7749,1021.08,False,54.17,198.26,1.95,,1104.9,7000,False,0,2026-09-28 05:49:42.078546
896190,UAE242  ,United Arab Emirates,1790574561.0,1790574561,38.9073,31.5693,11887.2,False,278.66,130.81,0.0,,12504.42,3756,False,0,2026-09-28 05:49:42.078546
738103,ELY083  ,Israel,1790574574.0,1790574574,79.6881,13.0315,11879.58,False,247.55,95.49,-0.33,,12588.24,0750,False,0,2026-09-28 05:49:42.078546
4a3121,AIZ423  ,Romania,1790574574.0,1790574574,31.385,33.5037,10972.8,False,208.85,300.17,0.0,,11445.24,1336,False,0,2026-09-28 05:49:42.078546
89618d,UAE375  ,United Arab Emirates,1790574574.0,1790574574,91.0594,15.8083,12192.0,False,268.51,283.74,-0.33,,12954.0,6111,False,0,2026-09-28 05:49:42.078546
a40b80,REH13   ,United States,1790574574.0,1790574574,-117.333,34.2835,1760.22,False,75.17,2.35,-3.58,,1783.08,,False,0,2026-09-28 05:49:42.078546
adb656,AAL935  ,United States,1790574574.0,1790574575,-97.16,31.3332,6134.1,False,204.82,198.3,-9.1,,6461.76,3160,False,0,2026-09-28 05:49:42.078546
89618c,UAE52M  ,United Arab Emirates,1790574482.0,1790574544,48.845,27.2964,11582.4,False,218.56,299.16,0.0,,12268.2,0533,False,0,2026-09-28 05:49:42.078546
89618b,UAE30Y  ,United Arab Emirates,1790574575.0,1790574575,13.5261,54.261,10972.8,False,239.8,318.48,0.0,,11346.18,3267,False,0,2026-09-28 05:49:42.078546
3c4b21,DLH463  ,Germany,1790574498.0,1790574498,8.5627,50.0474,,True,0.0,340.31,,,,2055,False,0,2026-09-28 05:49:42.078546
a1270f,UAL196  ,United States,1790574574.0,1790574574,140.3559,35.8357,304.8,False,77.91,149.88,-3.25,,312.42,3643,False,0,2026-09-28 05:49:42.078546
ac337e,SWA4474 ,United States,1790574574.0,1790574575,-119.2982,35.7865,10972.8,False,241.35,333.0,0.0,,11407.14,1213,True,0,2026-09-28 05:49:42.078546
801835,AKJ243Z ,India,1790574574.0,1790574574,88.6757,19.2693,10668.0,False,225.7,187.47,0.0,,11323.32,2623,False,0,2026-09-28 05:49:42.078546
a5e2a1,ATN3321 ,United States,1790574574.0,1790574574,-93.8096,38.5761,10972.8,False,228.99,268.71,0.0,,11407.14,4041,False,0,2026-09-28 05:49:42.078546
896174,UAE81W  ,United Arab Emirates,1790574574.0,1790574574,6.7281,40.9162,11887.2,False,232.6,275.58,0.0,,12359.64,2047,False,0,2026-09-28 05:49:42.078546
896179,UAE1Y   ,United Arab Emirates,1790574574.0,1790574574,55.2942,25.2947,746.76,False,111.4,292.54,7.48,,708.66,0561,False,0,2026-09-28 05:49:42.078546
781b10,CSN8327 ,China,1790574559.0,1790574559,98.9637,18.7714,,True,5.92,90.0,,,,,False,0,2026-09-28 05:49:42.078546
a4870d,FFT3494 ,United States,1790574483.0,1790574567,-115.1368,36.0828,,True,0.0,143.44,,,,,False,0,2026-09-28 05:49:42.078546
ad5384,MTU58   ,United States,1790574513.0,1790574513,-89.0264,31.5286,1668.78,False,62.99,30.96,0.0,,1722.12,,False,0,2026-09-28 05:49:42.078546
80183b,IGO671W ,India,1790574543.0,1790574543,73.3637,22.2208,10058.4,False,255.84,20.11,0.0,,10675.62,,False,0,2026-09-28 05:49:42.078546
89616a,UAE221  ,United Arab Emirates,1790574497.0,1790574500,0.8398,59.5888,10972.8,False,245.56,314.41,0.0,,10965.18,3255,False,0,2026-09-28 05:49:42.078546
801849,SDG187  ,India,1790574574.0,1790574575,77.1586,27.2471,6438.9,False,201.38,357.22,-6.83,,6728.46,,False,0,2026-09-28 05:49:42.078546
896185,UAE366  ,United Arab Emirates,1790574574.0,1790574574,96.2708,22.8043,11277.6,False,237.37,83.03,0.0,,11468.1,0310,False,0,2026-09-28 05:49:42.078546
a12758,UAL725  ,United States,1790574574.0,1790574574,-117.8323,33.7334,396.24,False,70.18,207.5,-3.25,,358.14,1426,False,0,2026-09-28 05:49:42.078546
40690a,EZY929X ,United Kingdom,1790574570.0,1790574570,-3.3569,55.9533,,True,5.14,59.06,,,,,False,0,2026-09-28 05:49:42.078546
ac2082,SWA2470 ,United States,1790574507.0,1790574507,-117.5328,47.6254,,True,5.92,317.81,,,,3740,False,0,2026-09-28 05:49:42.078546
80180b,IGO1064 ,India,1790574574.0,1790574574,98.0799,13.5854,10355.58,False,228.65,302.22,0.65,,9685.02,,False,0,2026-09-28 05:49:42.078546
a602d8,ABX520  ,United States,1790574574.0,1790574574,-85.9927,38.1846,10370.82,False,246.69,229.57,-0.65,,10751.82,,False,0,2026-09-28 05:49:42.078546
a4c2f8,AAL778  ,United States,1790574574.0,1790574574,-102.8289,31.365,10066.02,False,272.64,102.2,0.0,,10690.86,6734,False,0,2026-09-28 05:49:42.078546
801824,IGO6542 ,India,1790574574.0,1790574574,78.4476,14.4781,7132.32,False,206.4,218.73,-10.08,,7566.66,,False,0,2026-09-28 05:49:42.078546
781b48,AMU612  ,China,1790574564.0,1790574564,121.2412,25.0819,,True,0.45,255.94,,,,,False,0,2026-09-28 05:49:42.078546
ae6042,        ,United States,1790574575.0,1790574575,127.9572,26.483,922.02,False,94.66,269.69,-0.33,,975.36,,False,0,2026-09-28 05:49:42.078546
896169,UAE2J   ,United Arab Emirates,1790574574.0,1790574574,6.5359,57.9916,10972.8,False,242.63,314.91,0.0,,11170.92,3120,False,0,2026-09-28 05:49:42.078546
801832,AKJ1939 ,India,1790574574.0,1790574575,74.9539,26.1579,11887.2,False,241.93,20.67,0.0,,12588.24,,False,0,2026-09-28 05:49:42.078546
452199,AIZ1413 ,Bulgaria,1790574564.0,1790574574,40.8185,41.5141,2910.84,False,177.59,53.36,-11.38,,1950.72,3440,False,0,2026-09-28 05:49:42.078546
45a9a8,OYJMH   ,Denmark,1790574574.0,1790574574,5.6004,56.0592,13106.4,False,201.74,264.0,0.0,,13327.38,1412,False,0,2026-09-28 05:49:42.078546
39dd49,CCM27GS ,France,1790574555.0,1790574555,5.2208,43.4382,,True,6.43,45.0,,,,1000,False,0,2026-09-28 05:49:42.078546
a0f46f,DAL232  ,United States,1790574575.0,1790574575,11.757,41.5387,10439.4,False,234.3,124.35,-6.83,,10881.36,2201,False,0,2026-09-28 05:49:42.078546
ac4843,SWA1682 ,United States,1790574574.0,1790574575,-115.9991,35.9448,6995.16,False,207.72,314.5,9.43,,7269.48,,False,0,2026-09-28 05:49:42.078546
ab5bb1,SWA2353 ,United States,1790574573.0,1790574574,-118.7924,38.1898,9456.42,False,228.64,305.01,-4.55,,9700.26,,False,0,2026-09-28 05:49:42.078546
39dd41,CCM69PM ,France,1790574450.0,1790574455,5.2222,43.4375,,True,6.69,45.0,,,,1000,False,0,2026-09-28 05:49:42.078546
39dd42,CCM90BI ,France,1790574574.0,1790574574,7.9408,42.9096,4267.2,False,167.79,335.16,0.0,,4549.14,,False,0,2026-09-28 05:49:42.078546
39dd45,CCM55VN ,France,1790574574.0,1790574574,6.1741,45.1507,10363.2,False,219.88,326.64,0.0,,10828.02,1000,False,0,2026-09-28 05:49:42.078546
a22123,N2360A  ,United States,1790574340.0,1790574340,-84.2239,39.8901,312.42,False,38.28,53.75,-3.9,,304.8,,False,0,2026-09-28 05:49:42.078546
a1278e,N1736T  ,United States,1790574574.0,1790574574,-112.3519,40.7071,1676.4,False,30.35,180.0,0.0,,1684.02,,False,0,2026-09-28 05:49:42.078546
a9fb6f,N742R   ,United States,1790574574.0,1790574574,-114.368,40.2926,7955.28,False,163.36,68.77,-4.23,,8244.84,,False,0,2026-09-28 05:49:42.078546
ac486a,SWA4457 ,United States,1790574574.0,1790574574,-119.2833,37.0525,10248.9,False,258.35,351.76,-4.88,,10599.42,4531,False,0,2026-09-28 05:49:42.078546
452164,LZB972  ,Bulgaria,1790574574.0,1790574574,26.694,43.1892,5958.84,False,203.01,266.8,5.53,,6149.34,4262,False,0,2026-09-28 05:49:42.078546
478794,HKS434  ,Norway,1790574574.0,1790574574,5.4379,58.7617,601.98,False,74.56,205.33,-0.33,,662.94,,False,0,2026-09-28 05:49:42.078546
440181,EJU4685 ,Austria,1790574574.0,1790574574,19.3409,47.3938,289.56,False,74.27,312.75,-4.23,,441.96,1000,False,0,2026-09-28 05:49:42.078546
44015a,EJU19LE ,Austria,1790574574.0,1790574575,13.0458,42.8233,11452.86,False,224.25,343.06,4.23,,11917.68,,False,0,2026-09-28 05:49:42.078546
a7bb77,DAL2139 ,United States,1790574574.0,1790574574,-118.4508,46.3058,10668.0,False,243.44,83.33,0.0,,10828.02,3503,False,0,2026-09-28 05:49:42.078546
488109,SPAIK   ,Poland,1790574083.0,1790574573,18.4715,54.3765,91.44,False,37.74,297.61,2.6,,228.6,,False,0,2026-09-28 05:49:42.078546
47878c,NOZ16Y  ,Norway,1790574574.0,1790574575,3.8468,54.8621,12192.0,False,194.82,191.58,0.0,,12420.6,6202,False,0,2026-09-28 05:49:42.078546
440172,EJU95GK ,Austria,1790574575.0,1790574575,6.493,46.309,3192.78,False,155.48,349.32,-12.03,,3444.24,1000,False,0,2026-09-28 05:49:42.078546
440170,EJU31NC ,Austria,1790574574.0,1790574574,-3.0098,41.8996,10972.8,False,240.11,9.74,0.65,,11399.52,4574,False,0,2026-09-28 05:49:42.078546
ac3558,AAL3144 ,United States,1790574574.0,1790574574,-92.8857,33.3051,11582.4,False,248.49,209.11,0.0,,12115.8,6227,False,0,2026-09-28 05:49:42.078546
452144,ELY551  ,Bulgaria,1790574574.0,1790574574,27.7227,36.65,10363.2,False,214.72,316.75,0.33,,10683.24,5272,False,0,2026-09-28 05:49:42.078546
452186,AMQ1124 ,Bulgaria,1790574575.0,1790574575,6.4347,43.7084,10058.4,False,230.11,239.65,0.0,,10507.98,1000,False,0,2026-09-28 05:49:42.078546
ad9bc8,AAL1862 ,United States,1790574574.0,1790574574,-113.1854,35.6169,9144.0,False,218.7,277.98,0.0,,9593.58,,False,0,2026-09-28 05:49:42.078546
80067f,SEJ9117 ,India,1790574574.0,1790574574,75.8748,12.173,11887.2,False,212.89,145.73,0.0,,12580.62,,False,0,2026-09-28 05:49:42.078546
440198,EJU65CQ ,Austria,1790574575.0,1790574575,9.2294,48.621,10675.62,False,228.18,221.34,-0.33,,11117.58,1123,False,0,2026-09-28 05:49:42.078546
45caaf,NYX224  ,Denmark,1790574511.0,1790574511,24.8168,59.4133,-121.92,False,55.56,90.53,-2.6,,91.44,,False,0,2026-09-28 05:49:42.078546
45caad,DNU32R  ,Denmark,1790574574.0,1790574574,13.9295,55.2283,2834.64,False,147.48,106.41,-7.15,,3002.28,2522,False,0,2026-09-28 05:49:42.078546
300a9d,ITY769  ,Italy,1790574574.0,1790574574,13.9752,42.2491,7513.32,False,237.12,249.95,-12.03,,7894.32,2305,False,0,2026-09-28 05:49:42.078546
8a03c7,GIA175  ,Indonesia,1790574574.0,1790574574,106.5305,-6.1878,708.66,False,77.68,67.0,-3.58,,754.38,,False,0,2026-09-28 05:49:42.078546
ada51e,ASA644  ,United States,1790574574.0,1790574574,-113.5617,37.7521,10668.0,False,233.35,150.55,-0.33,,11109.96,,False,0,2026-09-28 05:49:42.078546
452172,EAF9111 ,Bulgaria,1790574574.0,1790574574,23.8739,41.9927,6964.68,False,221.17,157.43,1.63,,7216.14,,False,0,2026-09-28 05:49:42.078546
a3411f,DAL2226 ,United States,1790574259.0,1790574282,-73.8633,40.7717,,True,0.06,132.19,,,,,False,0,2026-09-28 05:49:42.078546
440189,BCS938  ,Austria,1790574574.0,1790574574,-5.9463,35.6642,11894.82,False,201.55,195.24,0.33,,12382.5,7640,False,0,2026-09-28 05:49:42.078546
a53dac,FFT3378 ,United States,1790574573.0,1790574574,-66.1261,18.4339,579.12,False,89.52,90.66,0.0,,586.74,,False,0,2026-09-28 05:49:42.078546
739483,4XHRI   ,Israel,1790574422.0,1790574424,35.3994,31.5106,929.64,False,58.68,182.01,,,960.12,,False,0,2026-09-28 05:49:42.078546
4b0e15,HBFIR   ,Switzerland,1790574573.0,1790574573,8.4018,46.9721,,True,0.0,239.06,,,,,False,0,2026-09-28 05:49:42.078546
452121,LZB431  ,Bulgaria,1790574574.0,1790574574,10.1543,47.5849,11582.4,False,219.99,266.92,-0.33,,12024.36,1000,False,0,2026-09-28 05:49:42.078546
471dbd,WMT7X   ,Hungary,1790574574.0,1790574575,5.1523,49.6579,8717.28,False,215.82,267.13,-12.03,,9113.52,1000,False,0,2026-09-28 05:49:42.078546
47873f,NOZ32A  ,Norway,1790574575.0,1790574575,7.8338,57.6143,10972.8,False,192.76,213.9,0.0,,11224.26,6204,False,0,2026-09-28 05:49:42.078546
471dbb,WZZ5867 ,Hungary,1790574574.0,1790574574,34.8387,32.2443,1531.62,False,106.58,107.12,0.0,,1623.06,5402,False,0,2026-09-28 05:49:42.078546
471dbc,WZZ4NM  ,Hungary,1790574574.0,1790574574,9.8379,50.7858,7566.66,False,214.62,315.0,-9.75,,7955.28,1101,False,0,2026-09-28 05:49:42.078546
300a86,ITY450  ,Italy,1790574574.0,1790574575,9.3539,45.6187,2423.16,False,143.14,27.85,23.08,,2606.04,1000,False,0,2026-09-28 05:49:42.078546
471dba,WMT92YN ,Hungary,1790574572.0,1790574575,7.6368,44.9979,1135.38,False,118.46,2.74,0.0,,1295.4,1000,False,0,2026-09-28 05:49:42.078546
300a87,ITY217  ,Italy,1790574541.0,1790574541,0.0583,51.5043,,True,3.86,92.81,,,,,False,0,2026-09-28 05:49:42.078546
0d12dd,VIV1109 ,Mexico,1790574574.0,1790574574,-97.4427,20.304,11590.02,False,223.56,298.75,0.0,,12382.5,,False,0,2026-09-28 05:49:42.078546
452119,AMQ148  ,Bulgaria,1790574574.0,1790574575,13.1011,47.2066,11582.4,False,229.4,234.49,-0.33,,12031.98,7214,False,0,2026-09-28 05:49:42.078546
44012f,AUA2R   ,Austria,1790574575.0,1790574575,16.1948,48.2323,1653.54,False,102.85,115.8,-6.18,,1821.18,2245,False,0,2026-09-28 05:49:42.078546
452113,CFG6AF  ,Bulgaria,1790574565.0,1790574574,20.0135,42.7536,10066.02,False,249.38,131.15,0.0,,10431.78,5635,False,0,2026-09-28 05:49:42.078546
8018a8,IGO119Y ,India,1790574574.0,1790574574,79.7022,14.1158,7520.94,False,228.91,342.34,2.93,,7947.66,,False,0,2026-09-28 05:49:42.078546
471dc1,WZZ3XS  ,Hungary,1790574575.0,1790574575,0.2618,52.246,3642.36,False,128.45,276.67,-2.6,,3779.52,2036,False,0,2026-09-28 05:49:42.078546
0d12f1,VIV7283 ,Mexico,1790574327.0,1790574327,-93.4321,20.181,10675.62,False,236.8,79.11,0.0,,11361.42,,False,0,2026-09-28 05:49:42.078546
8018b0,AIC187  ,India,1790574574.0,1790574575,6.4315,53.5945,11574.78,False,235.43,298.02,-0.33,,11910.06,2231,False,0,2026-09-28 05:49:42.078546
300a93,IWALT   ,Italy,1790574574.0,1790574575,9.3528,45.8838,11277.6,False,204.83,358.42,0.0,,11734.8,1000,False,0,2026-09-28 05:49:42.078546
a126c3,UAL1681 ,United States,1790574575.0,1790574575,-115.291,36.1079,1950.72,False,133.1,342.69,9.1,,1973.58,,False,0,2026-09-28 05:49:42.078546
a126c4,UAL1653 ,United States,1790574575.0,1790574575,-117.7881,34.3658,11277.6,False,261.46,106.22,0.0,,11811.0,3247,False,0,2026-09-28 05:49:42.078546
a126c9,UAL33   ,United States,1790574573.0,1790574574,140.9184,35.8105,3093.72,False,131.72,358.88,0.33,,3253.74,3622,False,0,2026-09-28 05:49:42.078546
8a051c,BTK6008 ,Indonesia,1790574570.0,1790574575,115.9711,-31.9407,,True,0.0,174.38,,,,1272,False,0,2026-09-28 05:49:42.078546
452142,LZB461  ,Bulgaria,1790574575.0,1790574575,13.8098,49.5675,11582.4,False,223.27,308.64,0.0,,12016.74,1732,False,0,2026-09-28 05:49:42.078546
300a63,ITY8637 ,Italy,1790574574.0,1790574574,-78.9685,36.8046,11277.6,False,254.06,53.9,0.0,,11666.22,2560,False,0,2026-09-28 05:49:42.078546
440159,EJU35TP ,Austria,1790574575.0,1790574575,6.638,43.944,11277.6,False,222.45,233.37,0.0,,11757.66,1000,False,0,2026-09-28 05:49:42.078546
e4a527,TAM3887 ,Brazil,1790574575.0,1790574575,-38.6111,-5.6575,9326.88,False,233.84,186.06,4.88,,9944.1,,False,0,2026-09-28 05:49:42.078546
a5e48a,SWA749  ,United States,1790574575.0,1790574575,-115.9243,36.2484,5798.82,False,182.94,128.84,-0.65,,6012.18,3246,False,0,2026-09-28 05:49:42.078546
471da8,WZZ468  ,Hungary,1790574574.0,1790574575,15.1707,44.5929,10972.8,False,222.45,304.35,0.0,,11422.38,4332,False,0,2026-09-28 05:49:42.078546
452138,AMQ1326 ,Bulgaria,1790574419.0,1790574421,28.0894,36.403,,True,0.77,160.31,,,,6736,False,0,2026-09-28 05:49:42.078546
c03487,WJA659  ,Canada,1790574575.0,1790574575,-108.0002,49.3099,10972.8,False,205.35,279.23,0.0,,11148.06,,False,0,2026-09-28 05:49:42.078546
471dad,WMT5L   ,Hungary,1790574574.0,1790574574,10.4736,43.7389,11277.6,False,226.52,158.97,0.0,,11742.42,1000,False,0,2026-09-28 05:49:42.078546
471db6,WZZ449  ,Hungary,1790574574.0,1790574574,2.6595,41.6285,10660.38,False,221.23,232.46,0.0,,11163.3,5223,False,0,2026-09-28 05:49:42.078546
682211,MGL302  ,Mongolia,1790574574.0,1790574574,125.8137,37.4341,5341.62,False,179.81,256.6,13.66,,5509.26,4121,False,0,2026-09-28 05:49:42.078546
471db7,WZZ4848 ,Hungary,1790574574.0,1790574574,5.4876,49.6604,9936.48,False,210.69,252.23,-5.2,,10332.72,1000,False,0,2026-09-28 05:49:42.078546
471db4,WZZ304  ,Hungary,1790574574.0,1790574574,3.7312,42.2153,10668.0,False,219.26,233.59,0.0,,11163.3,1000,False,0,2026-09-28 05:49:42.078546
471db9,WZZ8815 ,Hungary,1790574575.0,1790574575,10.0209,49.9597,10980.42,False,227.17,304.48,0.0,,11414.76,4073,False,0,2026-09-28 05:49:42.078546
452126,CFG1ND  ,Bulgaria,1790574574.0,1790574574,21.5418,38.932,10668.0,False,249.65,142.11,0.0,,11049.0,6417,False,0,2026-09-28 05:49:42.078546
44013f,OEEKA   ,Austria,1790574391.0,1790574391,13.9008,52.5721,60.96,False,53.29,49.7,-3.58,,167.64,1000,False,0,2026-09-28 05:49:42.078546
4bd8c5,TKJ8NH  ,Turkey,1790574574.0,1790574574,28.961,40.7437,1379.22,False,98.6,57.14,-3.25,,1455.42,5112,False,0,2026-09-28 05:49:42.078546
471db0,WZZ75BL ,Hungary,1790574574.0,1790574575,11.6974,45.0849,11285.22,False,231.47,255.19,0.0,,11757.66,1000,False,0,2026-09-28 05:49:42.078546
8018e0,IGO231H ,India,1790574574.0,1790574574,82.7291,17.7529,10972.8,False,245.92,233.85,0.0,,11658.6,2630,False,0,2026-09-28 05:49:42.078546
4bb2b0,THY4XL  ,Turkey,1790574575.0,1790574575,22.4777,45.0029,10370.82,False,221.59,309.16,0.0,,10683.24,5314,False,0,2026-09-28 05:49:42.078546
a126ec,UAL6    ,United States,1790574574.0,1790574574,139.8035,37.0971,7033.26,False,249.21,110.42,-4.55,,7414.26,,False,0,2026-09-28 05:49:42.078546
8a0509,CTV949  ,Indonesia,1790574574.0,1790574574,105.7615,-0.265,10096.5,False,234.28,128.58,7.15,,10767.06,2467,False,0,2026-09-28 05:49:42.078546
a3b79c,DAL2186 ,United States,1790574573.0,1790574574,-125.3471,49.7333,10972.8,False,201.34,325.62,0.0,,11109.96,6613,False,0,2026-09-28 05:49:42.078546
8018dd,IGO017  ,India,1790574574.0,1790574574,55.5726,25.1801,9753.6,False,228.78,282.6,0.0,,10294.62,3547,False,0,2026-09-28 05:49:42.078546
300a3c,SIO801  ,Italy,1790574575.0,1790574575,12.4174,42.9673,10058.4,False,254.9,139.01,0.0,,10530.84,1000,False,0,2026-09-28 05:49:42.078546
7020a5,BBC435  ,Bangladesh,1790574574.0,1790574574,90.4032,23.8449,,True,8.75,143.44,,,,,False,0,2026-09-28 05:49:42.078546
300a3b,ITY148  ,Italy,1790574574.0,1790574575,6.151,48.5381,10363.2,False,242.32,359.39,0.0,,10782.3,1000,False,0,2026-09-28 05:49:42.078546
7020ab,UBG145  ,Bangladesh,1790574575.0,1790574575,90.3758,23.8725,457.2,False,88.82,332.4,7.15,,373.38,,False,0,2026-09-28 05:49:42.078546
4bb2ac,,Turkey,1790574556.0,1790574575,35.6059,39.2786,10668.0,False,229.89,110.71,-0.33,,10972.8,,False,0,2026-09-28 05:49:42.078546
0088b3,TM0122  ,South Africa,1790574573.0,1790574574,29.876,-25.7625,6096.0,False,111.8,263.66,0.65,,6484.62,,False,0,2026-09-28 05:49:42.078546
a499c3,ASA934  ,United States,1790574547.0,1790574547,-118.4264,33.9373,,True,4.12,171.56,,,,2450,False,0,2026-09-28 05:49:42.078546
440117,EJU98HU ,Austria,1790574574.0,1790574574,11.6952,48.1278,2080.26,False,124.17,343.14,-2.6,,2270.76,1000,False,0,2026-09-28 05:49:42.078546
aa9224,N780SP  ,United States,1790574573.0,1790574574,-101.2665,40.5369,11643.36,False,258.94,73.26,6.18,,12146.28,3257,False,0,2026-09-28 05:49:42.078546
7020bc,AWA443  ,Bangladesh,1790574574.0,1790574574,91.8237,22.262,4572.0,False,128.57,140.19,0.0,,4762.5,5520,False,0,2026-09-28 05:49:42.078546
8961ea,,United Arab Emirates,1790574517.0,1790574517,37.4308,29.5931,11277.6,False,273.16,104.95,0.0,,11932.92,,False,0,2026-09-28 05:49:42.078546
7020c9,AWA457  ,Bangladesh,1790574572.0,1790574572,90.4098,23.8337,,True,0.0,236.25,,,,,False,0,2026-09-28 05:49:42.078546
4bb2a1,TKJ1506 ,Turkey,1790574574.0,1790574574,38.7694,30.8498,9753.6,False,237.28,358.14,-0.33,,10302.24,,False,0,2026-09-28 05:49:42.078546
7020ca,EVX05EL ,Bangladesh,1790574538.0,1790574570,1.3614,43.6181,,True,0.0,275.62,,,,,False,0,2026-09-28 05:49:42.078546
440107,TAY1MN  ,Austria,1790574574.0,1790574574,-7.7806,34.7377,10058.4,False,239.68,176.43,0.0,,10477.5,3354,False,0,2026-09-28 05:49:42.078546
8018be,IGO1903 ,India,1790574574.0,1790574574,50.9926,26.5482,10972.8,False,210.06,289.46,0.0,,11620.5,4047,False,0,2026-09-28 05:49:42.078546
846021,JTA563  ,Japan,1790574564.0,1790574564,127.3045,26.2091,4030.98,False,184.75,239.36,12.35,,4267.2,,False,0,2026-09-28 05:49:42.078546
4bb2a5,TKJ9CQ  ,Turkey,1790574574.0,1790574574,33.5449,35.6151,4381.5,False,158.12,110.97,-5.53,,4526.28,2370,False,0,2026-09-28 05:49:42.078546
a7cf10,DAL688  ,United States,1790574574.0,1790574574,-122.3171,47.4587,,True,13.89,25.31,,,,,False,0,2026-09-28 05:49:42.078546
8004d5,AIC4SH  ,India,1790574574.0,1790574574,76.25,28.3103,5212.08,False,170.25,63.43,-5.2,,5425.44,,False,0,2026-09-28 05:49:42.078546
85e27c,ANA1771 ,Japan,1790574509.0,1790574509,127.1811,26.1316,4732.02,False,183.78,239.56,14.63,,4724.4,,False,0,2026-09-28 05:49:42.078546
4bb1e3,THY2DJ  ,Turkey,1790574573.0,1790574573,35.3451,35.3261,12192.0,False,209.06,298.84,0.0,,12656.82,,False,0,2026-09-28 05:49:42.078546
4bb1e1,THY4VH  ,Turkey,1790574574.0,1790574574,24.2441,46.0617,11582.4,False,236.6,325.27,0.0,,11871.96,1000,False,0,2026-09-28 05:49:42.078546
8004e0,AIC185  ,India,1790574569.0,1790574573,128.3719,32.2573,10058.4,False,270.66,61.88,0.33,,10728.96,,False,0,2026-09-28 05:49:42.078546
e07211,ARG1141 ,Argentina,1790574574.0,1790574574,-46.2111,-26.8085,10972.8,False,207.76,223.7,0.0,,11544.3,,False,0,2026-09-28 05:49:42.078546
8004dd,AIC190  ,India,1790574574.0,1790574574,-79.6426,43.6923,,True,4.89,140.62,,,,6341,False,0,2026-09-28 05:49:42.078546
4bb1e8,THY9YZ  ,Turkey,1790574574.0,1790574574,27.8399,42.4539,9136.38,False,226.66,301.16,6.18,,9395.46,5310,False,0,2026-09-28 05:49:42.078546
89621b,UAE135  ,United Arab Emirates,1790573956.0,1790574573,53.3951,23.6388,10363.2,False,255.75,240.34,0.0,,10980.42,0554,False,0,2026-09-28 05:49:42.078546
8017e4,IGO121V ,India,1790574574.0,1790574575,76.846,27.8171,6324.6,False,196.57,186.01,5.53,,6629.4,,False,0,2026-09-28 05:49:42.078546
a486be,ABX901  ,United States,1790574574.0,1790574575,-83.2405,29.1684,10058.4,False,240.54,158.15,0.0,,10523.22,4017,False,0,2026-09-28 05:49:42.078546
aa19cb,N75XP   ,United States,1790574574.0,1790574574,-86.2674,31.5769,9273.54,False,251.22,119.98,-5.2,,9700.26,6411,False,0,2026-09-28 05:49:42.078546
c0473b,CJT2389 ,Canada,1790574574.0,1790574574,-122.7201,49.2482,3185.16,False,164.92,260.3,-3.25,,3223.26,,False,0,2026-09-28 05:49:42.078546
adc9b6,JBU2073 ,United States,1790574574.0,1790574575,-113.5867,35.4896,10972.8,False,189.36,247.48,0.0,,11506.2,7161,False,0,2026-09-28 05:49:42.078546
8017f2,IGO636W ,India,1790574574.0,1790574574,75.2555,26.7743,10934.7,False,249.62,26.3,-4.55,,11605.26,,False,0,2026-09-28 05:49:42.078546
4892c0,ENT1WT  ,Poland,1790574574.0,1790574574,25.0573,39.862,11277.6,False,243.45,157.12,0.0,,11605.26,1443,False,0,2026-09-28 05:49:42.078546
4bb1c5,THY7JV  ,Turkey,1790574574.0,1790574574,17.1248,43.7175,11582.4,False,236.97,272.99,0.0,,12001.5,7341,False,0,2026-09-28 05:49:42.078546
4892c4,ENT9DG  ,Poland,1790574574.0,1790574575,21.9436,47.29,11277.6,False,254.97,164.67,0.0,,11605.26,4550,False,0,2026-09-28 05:49:42.078546
4892c2,ENT6RE  ,Poland,1790574575.0,1790574575,21.3942,50.5415,9113.52,False,237.24,178.51,5.53,,9433.56,1744,False,0,2026-09-28 05:49:42.078546
8017ee,IGO2277 ,India,1790574574.0,1790574574,75.617,26.3031,10972.8,False,224.05,200.85,0.0,,11643.36,,False,0,2026-09-28 05:49:42.078546
a28f80,SKW3797 ,United States,1790574574.0,1790574574,-115.3831,39.7554,10363.2,False,197.62,240.7,-0.65,,10698.48,6021,False,0,2026-09-28 05:49:42.078546
c04738,CJT2387 ,Canada,1790574574.0,1790574575,-113.705,49.0888,10972.8,False,214.99,277.84,0.0,,11102.34,,False,0,2026-09-28 05:49:42.078546
4892c7,ENT1NB  ,Poland,1790574574.0,1790574574,14.4009,47.5655,10668.0,False,229.56,229.64,0.0,,11102.34,7216,False,0,2026-09-28 05:49:42.078546
8017f8,        ,India,1790574574.0,1790574574,77.5391,12.7896,1790.7,False,56.6,191.0,-0.33,,1805.94,2011,False,0,2026-09-28 05:49:42.078546
343046,VLG3210 ,Spain,1790574574.0,1790574574,1.5408,40.8473,5234.94,False,178.64,234.02,9.43,,5539.74,,False,0,2026-09-28 05:49:42.078546
34568c,VOE65XR ,Spain,1790574574.0,1790574575,-8.6913,41.2854,175.26,False,65.07,168.6,-3.25,,259.08,1000,False,0,2026-09-28 05:49:42.078546
34568d,VOE9TN  ,Spain,1790574575.0,1790574575,-1.3399,46.9531,3489.96,False,167.94,138.1,13.33,,3665.22,1000,False,0,2026-09-28 05:49:42.078546
896213,UAE59   ,United Arab Emirates,1790574567.0,1790574573,51.1913,22.8575,10363.2,False,242.31,273.77,0.0,,11018.52,0550,False,0,2026-09-28 05:49:42.078546
345698,ANE1236 ,Spain,1790574574.0,1790574574,-3.5914,40.497,,True,0.06,180.0,,,,3427,False,0,2026-09-28 05:49:42.078546
345699,VOE4WC  ,Spain,1790574574.0,1790574574,7.5212,48.5942,2811.78,False,154.67,50.8,-13.33,,3040.38,1000,False,0,2026-09-28 05:49:42.078546
884215,BKP217  ,Thailand,1790574574.0,1790574574,100.6064,13.5651,2766.06,False,149.12,295.33,13.0,,2872.74,,False,0,2026-09-28 05:49:42.078546
ac33c4,SWA3314 ,United States,1790574574.0,1790574574,-114.8403,42.0101,10759.44,False,245.15,337.42,-13.0,,11079.48,,False,0,2026-09-28 05:49:42.078546
89620b,UAE145  ,United Arab Emirates,1790574574.0,1790574574,16.5597,45.3847,10972.8,False,235.09,320.77,0.0,,11399.52,5532,False,0,2026-09-28 05:49:42.078546
345691,IBE06CK ,Spain,1790574574.0,1790574574,2.2436,48.1532,10058.4,False,218.57,200.1,0.0,,10439.4,2347,False,0,2026-09-28 05:49:42.078546
345692,IBE0567 ,Spain,1790574574.0,1790574574,2.3563,48.7231,,True,7.2,253.12,,,,1000,False,0,2026-09-28 05:49:42.078546
abac2c,AAL98   ,United States,1790574575.0,1790574575,-75.3751,46.2509,11277.6,False,256.84,59.69,0.0,,11689.08,6501,False,0,2026-09-28 05:49:42.078546
8a0579,GIA961  ,Indonesia,1790574574.0,1790574574,106.3353,-6.1661,1684.02,False,102.52,169.59,-4.23,,1790.7,,False,0,2026-09-28 05:49:42.078546
884206,BKP224  ,Thailand,1790574268.0,1790574268,100.3421,15.6471,9921.24,False,238.36,122.22,-9.43,,11452.86,7245,False,0,2026-09-28 05:49:42.078546
884207,BKP130  ,Thailand,1790574415.0,1790574415,100.7476,13.7206,129.54,False,64.26,194.37,-3.25,,160.02,,False,0,2026-09-28 05:49:42.078546
89620e,UAE545  ,United Arab Emirates,1790574574.0,1790574574,71.3106,18.639,10972.8,False,254.92,296.36,0.0,,11643.36,,False,0,2026-09-28 05:49:42.078546
89620c,UAE4T   ,United Arab Emirates,1790574571.0,1790574574,50.2921,22.9122,10363.2,False,244.82,273.49,0.0,,11010.9,0536,False,0,2026-09-28 05:49:42.078546
345686,IBS1836 ,Spain,1790574574.0,1790574574,0.3577,39.6996,10683.24,False,216.61,270.95,-0.33,,11178.54,1000,False,0,2026-09-28 05:49:42.078546
884202,BKP242  ,Thailand,1790574574.0,1790574574,100.6352,11.3978,10050.78,False,217.67,181.35,-0.33,,10744.2,,False,0,2026-09-28 05:49:42.078546
ac20a1,SWA4996 ,United States,1790574574.0,1790574574,-119.0182,37.452,9136.38,False,197.74,253.22,-0.98,,9403.08,,False,0,2026-09-28 05:49:42.078546
7380c1,ELY025  ,Israel,1790574574.0,1790574574,6.6724,51.7639,11574.78,False,245.43,304.32,-0.33,,11955.78,1103,False,0,2026-09-28 05:49:42.078546
7380c5,ELY018  ,Israel,1790574574.0,1790574575,24.7076,38.0602,11887.2,False,267.78,130.64,0.0,,12260.58,6001,False,0,2026-09-28 05:49:42.078546
7380c8,,Israel,1790574557.0,1790574557,34.895,32.016,,True,6.69,73.12,,,,,False,0,2026-09-28 05:49:42.078546
a340c8,N309AG  ,United States,1790574574.0,1790574574,-3.9547,37.7003,8488.68,False,188.75,29.92,5.53,,8915.4,4604,False,0,2026-09-28 05:49:42.078546
7c60e5,TFB     ,Australia,1790574574.0,1790574574,153.1425,-26.6574,205.74,False,69.8,160.63,0.0,,358.14,,False,0,2026-09-28 05:49:42.078546
4785bf,WIF37H  ,Norway,1790574575.0,1790574575,5.2666,60.1467,2293.62,False,114.95,171.51,13.33,,2331.72,,False,0,2026-09-28 05:49:42.078546
e08594,JES3159 ,Argentina,1790574574.0,1790574574,-58.5762,-33.5178,5326.38,False,199.22,196.66,-9.1,,5608.32,2125,False,0,2026-09-28 05:49:42.078546
344341,AEA7233 ,Spain,1790574573.0,1790574573,-8.3841,43.2938,,True,10.8,30.94,,,,3416,False,0,2026-09-28 05:49:42.078546
7380cc,ELY541  ,Israel,1790574573.0,1790574573,23.9548,37.9387,,True,6.69,210.94,,,,4743,False,0,2026-09-28 05:49:42.078546
471e5e,WZZ13PB ,Hungary,1790574574.0,1790574574,14.2769,38.6125,11269.98,False,231.82,198.64,0.0,,11711.94,0530,False,0,2026-09-28 05:49:42.078546
ac212d,SWA2404 ,United States,1790574574.0,1790574574,-96.3925,41.2517,10972.8,False,220.21,263.16,-0.33,,11437.62,1565,False,0,2026-09-28 05:49:42.078546
ad9ac9,JBU733  ,United States,1790574568.0,1790574574,-122.3777,37.6208,,True,0.0,227.81,,,,3431,False,0,2026-09-28 05:49:42.078546
801913,IGO291  ,India,1790574574.0,1790574574,86.338,25.2517,10058.4,False,236.94,109.93,0.0,,10706.1,0564,False,0,2026-09-28 05:49:42.078546
801914,IGO2661 ,India,1790574564.0,1790574564,77.0824,28.563,,True,5.4,118.12,,,,,False,0,2026-09-28 05:49:42.078546
ad5460,SWA430  ,United States,1790574573.0,1790574573,-118.2433,37.9436,8572.5,False,221.13,307.72,-5.2,,8831.58,,False,0,2026-09-28 05:49:42.078546
a8a6fb,CAP2026 ,United States,1790574574.0,1790574574,-84.8728,41.9601,2263.14,False,58.1,16.99,0.0,,2293.62,,False,0,2026-09-28 05:49:42.078546
a76c79,DAL2197 ,United States,1790574575.0,1790574575,-121.3959,36.6858,8427.72,False,237.66,133.16,7.48,,8633.46,3314,False,0,2026-09-28 05:49:42.078546
87cd24,JF304   ,Japan,1790574574.0,1790574574,132.9967,35.0525,5013.96,False,188.43,44.78,-24.71,,5273.04,,False,0,2026-09-28 05:49:42.078546
4785c0,WIF31F  ,Norway,1790574574.0,1790574575,13.9987,66.572,6713.22,False,137.4,202.92,0.0,,6774.18,,False,0,2026-09-28 05:49:42.078546
8a04ab,CTV913  ,Indonesia,1790574573.0,1790574574,106.657,-5.9038,3307.08,False,155.33,248.02,-7.15,,3543.3,,False,0,2026-09-28 05:49:42.078546
a10202,PXG164  ,United States,1790574574.0,1790574575,-81.4028,30.1264,5730.24,False,167.7,140.35,15.61,,6027.42,,False,0,2026-09-28 05:49:42.078546
345642,VLG9PX  ,Spain,1790574574.0,1790574574,4.6222,42.2521,10424.16,False,237.88,41.93,3.25,,10904.22,1000,False,0,2026-09-28 05:49:42.078546
345645,VLG3727 ,Spain,1790574399.0,1790574405,2.0704,41.2903,,True,0.0,154.69,,,,,False,0,2026-09-28 05:49:42.078546
0d136c,VIV1248 ,Mexico,1790574569.0,1790574569,-111.2229,29.7851,10363.2,False,228.34,304.91,-0.33,,11026.14,,False,0,2026-09-28 05:49:42.078546
781c10,CES9114 ,China,1790574574.0,1790574574,117.4062,38.9639,9174.48,False,176.07,289.81,-0.33,,9494.52,,False,0,2026-09-28 05:49:42.078546
344305,IBE0268 ,Spain,1790574511.0,1790574511,-3.5657,40.4992,,True,3.6,337.5,,,,6223,False,0,2026-09-28 05:49:42.078546
ad5480,AAL1487 ,United States,1790574574.0,1790574574,-115.1319,43.808,10972.8,False,223.91,306.03,0.0,,11224.26,1643,False,0,2026-09-28 05:49:42.078546
aa90c8,EJM80   ,United States,1790574575.0,1790574575,11.2262,44.5586,1135.38,False,108.84,295.47,18.86,,1287.78,1000,False,0,2026-09-28 05:49:42.078546
8a04a5,,Indonesia,,1790574446,,,,False,234.73,305.82,0.33,,,,False,0,2026-09-28 05:49:42.078546
505c07,SSG04A  ,Slovakia,1790574574.0,1790574574,9.8997,48.0878,10363.2,False,216.24,320.21,0.0,,10774.68,1000,False,0,2026-09-28 05:49:42.078546
8a04a6,CTV719  ,Indonesia,1790574458.0,1790574458,106.5923,-6.1345,350.52,False,70.69,68.66,-3.9,,411.48,,False,0,2026-09-28 05:49:42.078546
ad413b,EJA953  ,United States,1790574573.0,1790574573,-108.234,36.8333,12192.0,False,173.74,238.19,0.0,,12801.6,3533,False,0,2026-09-28 05:49:42.078546
852a68,ANA183  ,Japan,1790574575.0,1790574575,140.5167,36.0354,2628.9,False,138.25,283.78,-3.58,,2758.44,6015,False,0,2026-09-28 05:49:42.078546
a8dc45,FFT1755 ,United States,1790574574.0,1790574574,-114.1105,33.9034,10561.32,False,204.17,288.21,3.25,,11140.44,2437,False,0,2026-09-28 05:49:42.078546
89627b,ETD541  ,United Arab Emirates,1790574573.0,1790574574,49.3436,27.0471,9593.58,False,214.78,299.88,4.55,,10157.46,3430,False,0,2026-09-28 05:49:42.078546
c07b0a,ACA313  ,Canada,1790574574.0,1790574574,-115.6833,49.9315,10972.8,False,213.85,266.69,0.0,,11079.48,,False,0,2026-09-28 05:49:42.078546
4bb325,THY2CT  ,Turkey,1790574574.0,1790574574,22.8675,45.048,10363.2,False,227.95,308.03,0.0,,10637.52,5332,False,0,2026-09-28 05:49:42.078546
4bb323,THY90L  ,Turkey,1790574574.0,1790574574,28.2852,41.6305,5402.58,False,182.43,283.37,14.63,,5547.36,5316,False,0,2026-09-28 05:49:42.078546
4bb324,THY9LR  ,Turkey,1790574573.0,1790574573,30.4582,38.9415,10363.2,False,223.16,333.43,0.0,,10599.42,5116,False,0,2026-09-28 05:49:42.078546
a89f52,PDT5900 ,United States,1790574574.0,1790574574,-80.9989,35.0308,929.64,False,94.66,89.38,-1.95,,906.78,,False,0,2026-09-28 05:49:42.078546
c045d1,AKN911  ,Canada,1790574574.0,1790574574,-127.5936,54.6922,8534.4,False,141.09,329.79,0.0,,8519.16,,False,0,2026-09-28 05:49:42.078546
781c2a,CSC3909 ,China,1790574574.0,1790574574,101.102,12.4968,9456.42,False,229.66,164.41,0.33,,10096.5,,False,0,2026-09-28 05:49:42.078546
471e16,ISR761  ,Hungary,1790574573.0,1790574574,30.1914,39.9743,10972.8,False,235.28,340.46,0.0,,11247.12,5264,False,0,2026-09-28 05:49:42.078546
accaf4,SKW513F ,United States,1790574455.0,1790574455,-100.711,39.311,8839.2,False,252.43,97.02,0.0,,9243.06,1441,False,0,2026-09-28 05:49:42.078546
a3ec93,DAL505  ,United States,1790574574.0,1790574574,-116.3472,47.5864,10370.82,False,226.28,276.53,0.0,,10523.22,,False,0,2026-09-28 05:49:42.078546
c07b09,ACA579  ,Canada,1790574565.0,1790574570,-123.1734,49.1984,,True,0.06,216.56,,,,1455,False,0,2026-09-28 05:49:42.078546
39dd03,TVF163D ,France,1790574574.0,1790574574,2.3836,48.7373,,True,2.31,19.69,,,,,False,0,2026-09-28 05:49:42.078546
39dd02,TVF15XC ,France,1790574574.0,1790574575,12.1486,43.9494,11582.4,False,231.51,307.51,0.0,,12047.22,5514,False,0,2026-09-28 05:49:42.078546
39dd05,TVF26XF ,France,1790574574.0,1790574574,13.2201,46.6385,11277.6,False,232.2,119.46,0.0,,11742.42,0663,False,0,2026-09-28 05:49:42.078546
39dd01,TVF99PC ,France,1790574574.0,1790574574,2.3557,48.7276,,True,1.8,210.94,,,,,False,0,2026-09-28 05:49:42.078546
39dd00,TVF25AT ,France,1790574574.0,1790574574,13.6815,52.4917,2636.52,False,125.93,19.32,19.18,,2811.78,,False,0,2026-09-28 05:49:42.078546
89625c,ETD277  ,United Arab Emirates,1790574573.0,1790574573,55.2014,24.3571,2903.22,False,154.06,288.5,-2.6,,3078.48,4743,False,0,2026-09-28 05:49:42.078546
a976a5,GTI3597 ,United States,1790574574.0,1790574574,-153.2772,59.3846,10972.8,False,248.6,219.29,0.0,,10629.9,4176,False,0,2026-09-28 05:49:42.078546
739520,4XHPI   ,Israel,1790574574.0,1790574574,34.8466,32.3433,457.2,False,45.53,32.07,0.0,,487.68,5200,False,0,2026-09-28 05:49:42.078546
1f3395,78741   ,Russian Federation,1790574568.0,1790574568,82.3772,54.4528,9768.84,False,212.78,281.01,0.0,,9898.38,,False,0,2026-09-28 05:49:42.078546
aa1add,SCM75   ,United States,1790574574.0,1790574574,-95.905,30.9697,6400.8,False,197.86,157.37,0.0,,6720.84,,False,0,2026-09-28 05:49:42.078546
3451da,ANE2377 ,Spain,1790574574.0,1790574574,0.5733,40.6297,7924.8,False,226.18,72.8,0.33,,8321.04,6373,False,0,2026-09-28 05:49:42.078546
4bb248,THY6NP  ,Turkey,1790574574.0,1790574574,36.4025,31.972,2727.96,False,118.44,197.96,-4.88,,2872.74,2360,False,0,2026-09-28 05:49:42.078546
7c769b,XPP     ,Australia,1790574343.0,1790574343,145.0994,-37.9725,-114.3,False,34.02,176.53,-2.93,,45.72,3000,False,0,2026-09-28 05:49:42.078546
4079f6,BAW472M ,United Kingdom,1790574574.0,1790574575,-0.0823,49.9313,10058.4,False,210.07,162.76,0.33,,10370.82,5243,False,0,2026-09-28 05:49:42.078546
abe101,SWA3419 ,United States,1790574574.0,1790574574,-119.133,36.1494,4290.06,False,176.84,339.03,0.0,,4389.12,7313,False,0,2026-09-28 05:49:42.078546
a8496e,FFT1876 ,United States,1790574574.0,1790574574,-115.2709,35.9706,2270.76,False,148.09,139.23,11.7,,2316.48,,False,0,2026-09-28 05:49:42.078546
a6099c,N48868  ,United States,1790574574.0,1790574574,-122.9499,45.5398,53.34,False,5.68,174.81,0.0,,38.1,1200,False,0,2026-09-28 05:49:42.078546
4066ab,VIR128K ,United Kingdom,1790574575.0,1790574575,-13.0135,52.3943,11887.2,False,260.52,72.89,0.0,,11887.2,,False,0,2026-09-28 05:49:42.078546
3451d9,ANE1332 ,Spain,1790574574.0,1790574574,3.3867,45.0564,10668.0,False,216.3,232.15,0.0,,11087.1,1000,False,0,2026-09-28 05:49:42.078546
4bb266,THY6ER  ,Turkey,1790574575.0,1790574575,-4.2302,40.5558,10370.82,False,263.85,68.14,0.0,,10805.16,5443,False,0,2026-09-28 05:49:42.078546
3451d3,VLG2VZ  ,Spain,1790574575.0,1790574575,-2.9717,38.4723,11285.22,False,214.09,247.69,0.0,,11788.14,0256,False,0,2026-09-28 05:49:42.078546
3451d4,VLG2213 ,Spain,1790574574.0,1790574575,0.6509,41.367,6598.92,False,190.51,74.01,-4.88,,6972.3,5017,False,0,2026-09-28 05:49:42.078546
4bb264,THY7AH  ,Turkey,1790574575.0,1790574575,25.0708,45.2508,10363.2,False,224.15,326.42,-0.33,,10629.9,5344,False,0,2026-09-28 05:49:42.078546
4bb263,THY3WE  ,Turkey,1790574574.0,1790574574,13.5456,42.1194,10363.2,False,238.7,253.99,0.33,,10812.78,4152,False,0,2026-09-28 05:49:42.078546
781bfe,DKH1272 ,China,1790574508.0,1790574508,119.5088,25.6233,10690.86,False,224.2,46.86,0.0,,11483.34,,False,0,2026-09-28 05:49:42.078546
4bb261,THY7YP  ,Turkey,1790574574.0,1790574574,14.5541,44.7427,10668.0,False,231.33,103.63,0.0,,11109.96,0420,False,0,2026-09-28 05:49:42.078546
ac011d,SWA3742 ,United States,1790574574.0,1790574574,-111.2798,34.9735,9144.0,False,189.55,255.06,0.0,,9624.06,,False,0,2026-09-28 05:49:42.078546
7cc668,R2295   ,Australia,1790574565.0,1790574569,151.3382,-32.8033,144.78,False,43.73,295.06,,,358.14,,False,0,2026-09-28 05:49:42.078546
4bb21a,THY74M  ,Turkey,1790574573.0,1790574573,17.0016,43.3682,10363.2,False,227.44,268.7,-0.33,,10782.3,7366,False,0,2026-09-28 05:49:42.078546
8962d0,ABY357  ,United Arab Emirates,1790574574.0,1790574574,54.5008,25.3434,4305.3,False,198.14,286.13,11.7,,4511.04,1762,False,0,2026-09-28 05:49:42.078546
c05b4c,AM440   ,Canada,1790574574.0,1790574574,-67.2071,48.3093,7620.0,False,128.64,62.1,0.0,,7940.04,,False,0,2026-09-28 05:49:42.078546
4079cc,VIR36VL ,United Kingdom,1790574575.0,1790574575,-4.9236,50.3242,11262.36,False,268.88,75.94,-2.28,,11445.24,6004,False,0,2026-09-28 05:49:42.078546
008483,ZSEBO   ,South Africa,1790574574.0,1790574574,27.9579,-25.6948,1988.82,False,63.5,130.4,-1.3,,2095.5,,False,0,2026-09-28 05:49:42.078546
4079d0,CFE9TB  ,United Kingdom,1790574572.0,1790574572,0.0643,51.505,,False,27.31,273.24,0.0,,,,False,0,2026-09-28 05:49:42.078546
ac1466,DAL1693 ,United States,1790574575.0,1790574575,-122.3795,37.6177,,True,6.69,168.75,,,,0576,False,0,2026-09-28 05:49:42.078546
ad7ab8,JBU1411 ,United States,1790574574.0,1790574574,-95.6538,42.8562,10378.44,False,216.61,261.12,0.0,,10774.68,3356,False,0,2026-09-28 05:49:42.078546
4bb245,THY7DZ  ,Turkey,1790574574.0,1790574574,17.3331,47.4726,9753.6,False,216.44,314.71,-0.33,,10149.84,2662,False,0,2026-09-28 05:49:42.078546
738287,ISR175  ,Israel,1790574574.0,1790574575,22.3927,38.5646,10965.18,False,216.23,312.88,0.0,,11353.8,2701,False,0,2026-09-28 05:49:42.078546
46b434,MAR5717 ,Greece,1790574575.0,1790574575,15.1848,36.752,6583.68,False,201.22,100.16,12.03,,6888.48,1262,False,0,2026-09-28 05:49:42.078546
a5d623,UAL521  ,United States,1790574574.0,1790574574,-76.1016,39.2663,10668.0,False,239.27,49.18,-0.33,,11010.9,2556,False,0,2026-09-28 05:49:42.078546
c038cc,ACA027  ,Canada,1790574574.0,1790574574,143.0949,36.4018,11574.78,False,212.17,248.22,0.0,,12245.34,,False,0,2026-09-28 05:49:42.078546
4bb28d,THY2NQ  ,Turkey,1790574569.0,1790574569,39.1573,31.3833,10058.4,False,252.72,130.96,0.0,,10629.9,,False,0,2026-09-28 05:49:42.078546
4bb28e,THY1YW  ,Turkey,1790574574.0,1790574574,24.7045,42.106,9753.6,False,223.28,270.53,0.0,,10043.16,2336,False,0,2026-09-28 05:49:42.078546
4bb28b,THY9QD  ,Turkey,1790574574.0,1790574574,1.4231,51.2601,7642.86,False,240.56,92.94,6.18,,7932.42,4643,False,0,2026-09-28 05:49:42.078546
4bb28c,THY6EU  ,Turkey,1790574574.0,1790574574,23.5138,43.5907,10363.2,False,226.22,291.9,0.0,,10652.76,4536,False,0,2026-09-28 05:49:42.078546
4bb28a,THY145  ,Turkey,1790574539.0,1790574539,37.3096,35.2906,10355.58,False,226.35,340.21,0.98,,10805.16,,False,0,2026-09-28 05:49:42.078546
44cdce,BEL7ZC  ,Belgium,1790574574.0,1790574574,5.9876,49.4866,9144.0,False,213.58,355.72,0.0,,9555.48,1000,False,0,2026-09-28 05:49:42.078546
aac189,RKJ792  ,United States,1790574574.0,1790574574,-91.3154,39.6124,12496.8,False,268.7,84.62,-0.33,,12961.62,1560,False,0,2026-09-28 05:49:42.078546
44cdcd,BEL1YC  ,Belgium,1790574574.0,1790574574,7.9211,49.1636,11269.98,False,223.64,139.38,0.0,,11704.32,1000,False,0,2026-09-28 05:49:42.078546
44cdcc,BEL5AU  ,Belgium,1790574574.0,1790574574,8.8645,57.4892,10972.8,False,201.84,203.43,0.0,,11247.12,3525,False,0,2026-09-28 05:49:42.078546
a58672,UAL429  ,United States,1790574568.0,1790574568,-99.0639,19.4439,,True,6.17,239.06,,,,,False,0,2026-09-28 05:49:42.078546
44cdcb,BEL9HZ  ,Belgium,1790574575.0,1790574575,-1.8596,52.7084,6454.14,False,201.34,145.62,9.43,,6606.54,4630,False,0,2026-09-28 05:49:42.078546
4bb276,THY6VM  ,Turkey,1790574574.0,1790574574,23.7556,43.2157,10363.2,False,221.13,289.57,0.0,,10645.14,6520,False,0,2026-09-28 05:49:42.078546
739597,4XHPN   ,Israel,1790574573.0,1790574573,34.7584,32.0896,381.0,False,48.0,17.46,-0.65,,419.1,5170,False,0,2026-09-28 05:49:42.078546
4bb272,THY7WT  ,Turkey,1790574574.0,1790574574,21.5104,44.2554,10363.2,False,219.5,295.84,0.0,,10675.62,5610,False,0,2026-09-28 05:49:42.078546
4bb26f,THY349  ,Turkey,1790574535.0,1790574535,28.7259,41.262,,True,8.23,90.0,,,,,False,0,2026-09-28 05:49:42.078546
4bb26d,THY2WM  ,Turkey,1790574574.0,1790574574,21.7567,43.6152,10355.58,False,218.82,287.8,0.0,,10675.62,5633,False,0,2026-09-28 05:49:42.078546
4bb26b,THY39P  ,Turkey,1790574574.0,1790574574,8.1948,49.7566,10668.0,False,234.55,114.77,0.0,,11102.34,0113,False,0,2026-09-28 05:49:42.078546
4bb26a,THY1LZ  ,Turkey,1790574574.0,1790574574,20.6231,48.9809,9761.22,False,219.86,318.89,0.0,,10111.74,3275,False,0,2026-09-28 05:49:42.078546
4066ce,TOM45H  ,United Kingdom,1790574574.0,1790574574,0.1115,49.164,11277.6,False,204.64,166.63,0.0,,11597.64,2062,False,0,2026-09-28 05:49:42.078546
4bb288,THY7XE  ,Turkey,1790574574.0,1790574575,15.5923,44.6553,10972.8,False,226.1,281.28,0.0,,11430.0,2307,False,0,2026-09-28 05:49:42.078546
7cc67b,R2009   ,Australia,1790574574.0,1790574574,144.0612,-37.9126,373.38,False,46.82,77.95,-3.9,,502.92,1200,False,0,2026-09-28 05:49:42.078546
4bb286,THY097  ,Turkey,1790574575.0,1790574575,30.9663,33.5329,9745.98,False,234.84,357.36,0.0,,10165.08,4151,False,0,2026-09-28 05:49:42.078546
4bb284,THY6DL  ,Turkey,1790574573.0,1790574574,25.0639,42.7236,10363.2,False,225.55,291.83,0.0,,10652.76,3226,False,0,2026-09-28 05:49:42.078546
4bb285,THY6FX  ,Turkey,1790574574.0,1790574574,17.7785,47.1753,9753.6,False,219.96,299.26,0.0,,10142.22,5351,False,0,2026-09-28 05:49:42.078546
4bb283,THY366  ,Turkey,1790574338.0,1790574572,39.4393,40.8552,10058.4,False,248.28,62.48,-0.33,,10172.7,5152,False,0,2026-09-28 05:49:42.078546
4bb281,THY2FB  ,Turkey,1790574574.0,1790574574,26.236,42.953,9753.6,False,227.8,306.92,0.0,,10035.54,1000,False,0,2026-09-28 05:49:42.078546
a51e24,GTI8998 ,United States,1790574511.0,1790574511,-80.2706,25.806,,True,1.54,306.56,,,,,False,0,2026-09-28 05:49:42.078546
896409,ETD99E  ,United Arab Emirates,1790574574.0,1790574574,11.0863,45.1024,11574.78,False,252.3,291.28,0.0,,12047.22,5513,False,0,2026-09-28 05:49:42.078546
896407,ETD3F4  ,United Arab Emirates,1790574530.0,1790574547,2.5138,49.0241,129.54,False,72.8,85.14,-0.98,,243.84,0252,False,0,2026-09-28 05:49:42.078546
896406,ETD75F  ,United Arab Emirates,1790574549.0,1790574551,48.8388,27.2993,9646.92,False,231.25,299.3,0.0,,10340.34,1715,False,0,2026-09-28 05:49:42.078546
44cdc9,BEL7CM  ,Belgium,1790574573.0,1790574573,4.4833,50.9039,,True,0.0,64.69,,,,,False,0,2026-09-28 05:49:42.078546
44cdc6,BEL2FR  ,Belgium,1790574575.0,1790574575,1.757,49.1589,10355.58,False,239.56,33.79,-0.33,,10713.72,1000,False,0,2026-09-28 05:49:42.078546
44cdc5,BEL7HQ  ,Belgium,1790574574.0,1790574574,7.8845,53.932,11582.4,False,203.76,223.77,0.33,,11917.68,1000,False,0,2026-09-28 05:49:42.078546
896411,ABY684  ,United Arab Emirates,1790574572.0,1790574573,53.1036,25.6851,10005.06,False,219.98,284.49,0.65,,10584.18,3460,False,0,2026-09-28 05:49:42.078546
44cdc2,BEL19V  ,Belgium,1790574575.0,1790574575,8.8718,48.9155,10980.42,False,223.54,319.01,0.33,,11414.76,1000,False,0,2026-09-28 05:49:42.078546
ad7b9d,N968TX  ,United States,1790574574.0,1790574574,-96.725,32.9757,1371.6,False,65.8,116.97,0.0,,1424.94,4053,False,0,2026-09-28 05:49:42.078546
718a68,HL1268  ,Republic of Korea,1790574006.0,1790574277,126.5197,36.4987,853.44,False,48.35,339.44,-2.93,,853.44,1266,False,0,2026-09-28 05:49:42.078546
adde95,JBU1223 ,United States,1790574574.0,1790574574,-111.5994,36.091,10972.8,False,191.11,263.35,0.0,,11521.44,1727,False,0,2026-09-28 05:49:42.078546
44cdca,BEL8YE  ,Belgium,1790574574.0,1790574574,6.141,51.0692,5212.08,False,192.22,253.36,-16.26,,5494.02,1000,False,0,2026-09-28 05:49:42.078546
89640c, ZXNLD  ,United Arab Emirates,1790574569.0,1790574569,54.0092,25.3301,3413.76,False,140.46,65.78,0.0,,3604.26,1162,False,0,2026-09-28 05:49:42.078546
718a71,HL1271  ,Republic of Korea,1790574574.0,1790574574,126.7806,36.3191,2484.12,False,61.84,171.87,0.33,,2560.32,5063,False,0,2026-09-28 05:49:42.078546
89640a,ETD125  ,United Arab Emirates,1790574574.0,1790574574,11.5763,48.1815,1592.58,False,125.27,276.37,-4.55,,1767.84,1000,False,0,2026-09-28 05:49:42.078546
84616d,JA123P  ,Japan,1790574521.0,1790574522,140.3852,35.7954,,True,32.92,149.06,,,,0474,False,0,2026-09-28 05:49:42.078546
a465df,UAL1592 ,United States,1790574574.0,1790574574,-101.6866,31.7744,2598.42,False,148.04,288.43,-6.83,,2743.2,2422,False,0,2026-09-28 05:49:42.078546
84c419,RJXX    ,Japan,1790574294.0,1790574294,139.6567,35.3423,68.58,False,9.16,218.16,-0.98,,76.2,,False,0,2026-09-28 05:49:42.078546
020139,RAM845X ,Morocco,1790574574.0,1790574574,4.494,50.9035,,True,4.89,64.69,,,,1000,False,0,2026-09-28 05:49:42.078546
4bb1a2,THY5YR  ,Turkey,1790574575.0,1790574575,-71.7406,42.3809,10668.0,False,271.62,57.85,-0.33,,11033.76,2342,False,0,2026-09-28 05:49:42.078546
4bb1a3,THY76Y  ,Turkey,1790574351.0,1790574351,-87.7029,65.2839,10660.38,False,255.04,57.69,-0.33,,10500.36,,False,0,2026-09-28 05:49:42.078546
a87cf9,QXE2289 ,United States,1790574482.0,1790574482,-122.8723,42.3681,,True,0.64,219.38,,,,4620,False,0,2026-09-28 05:49:42.078546
a8233a,SKW5475 ,United States,1790574574.0,1790574575,-122.333,36.6912,7818.12,False,212.63,149.46,8.78,,7993.38,6305,False,0,2026-09-28 05:49:42.078546
8a083f,XRAYFLKT,Indonesia,1790574317.0,1790574317,110.3968,-7.7769,396.24,False,54.08,191.52,-3.25,,434.34,,False,0,2026-09-28 05:49:42.078546
020123,RAM248  ,Morocco,1790574324.0,1790574325,24.6169,33.8448,11887.2,False,265.95,138.14,0.0,,12359.64,,False,0,2026-09-28 05:49:42.078546
7c764d,JST795  ,Australia,1790574574.0,1790574574,145.9244,-35.5526,10972.8,False,200.78,219.07,0.0,,11247.12,1212,False,0,2026-09-28 05:49:42.078546
4bb1a6,THY12E  ,Turkey,1790574555.0,1790574556,-8.6317,58.7958,11277.6,False,257.17,106.62,-0.33,,11102.34,,False,0,2026-09-28 05:49:42.078546
4bb1a4,THY184  ,Turkey,1790574574.0,1790574575,24.7242,42.4759,10668.0,False,258.46,118.15,-0.33,,10965.18,0416,False,0,2026-09-28 05:49:42.078546
a25b4d,ATN3421 ,United States,1790574575.0,1790574575,-84.4517,32.5932,10668.0,False,241.08,177.06,0.33,,11132.82,6636,False,0,2026-09-28 05:49:42.078546
a8103e,ASA1490 ,United States,1790574574.0,1790574574,-123.1019,47.7229,5722.62,False,210.38,302.21,11.7,,5836.92,,False,0,2026-09-28 05:49:42.078546
84c43e,SFJ49   ,Japan,1790574573.0,1790574574,131.5562,34.3141,8450.58,False,189.32,254.72,-12.03,,8976.36,0432,False,0,2026-09-28 05:49:42.078546
ac142e,AAL204  ,United States,1790574574.0,1790574574,0.5895,53.0259,12184.38,False,257.08,100.73,0.0,,12405.36,7631,False,0,2026-09-28 05:49:42.078546
a1f2b1,UAL42   ,United States,1790574574.0,1790574574,-6.1232,52.0908,10668.0,False,259.64,96.94,0.0,,10774.68,2012,False,0,2026-09-28 05:49:42.078546
506cb1,VIO7D   ,Slovenia,1790573764.0,1790574569,27.9639,47.1528,8115.3,False,10.9,199.29,-15.61,,8313.42,,False,0,2026-09-28 05:49:42.078546
020145,MAC135  ,Morocco,1790574575.0,1790574575,-6.7165,34.7729,5852.16,False,201.48,20.01,7.48,,6179.82,6451,False,0,2026-09-28 05:49:42.078546
a8dffc,FFT777  ,United States,1790574458.0,1790574458,-110.2193,38.2198,9738.36,False,196.92,246.11,-0.33,,10226.04,3224,False,0,2026-09-28 05:49:42.078546
345385,ANE87CJ ,Spain,1790574575.0,1790574575,-4.7742,41.2185,8153.4,False,216.51,295.77,4.55,,8503.92,3412,False,0,2026-09-28 05:49:42.078546
345388,ANE1316 ,Spain,1790574573.0,1790574573,11.7724,48.3461,,True,8.23,264.38,,,,,False,0,2026-09-28 05:49:42.078546
780a5a,CPA360  ,China,1790574459.0,1790574459,113.9323,22.3086,,True,1.29,160.31,,,,,False,0,2026-09-28 05:49:42.078546
8a07a2,PKDJM   ,Indonesia,1790574278.0,1790574278,106.8887,-6.2677,53.34,False,3.29,51.34,-0.33,,53.34,,False,0,2026-09-28 05:49:42.078546
acbe34,ASA677  ,United States,1790574557.0,1790574574,-111.2765,46.6526,10668.0,False,250.79,92.59,0.0,,10896.6,6631,False,0,2026-09-28 05:49:42.078546
c0130c,ACA1110 ,Canada,1790574574.0,1790574574,-115.4606,50.2912,8839.2,False,231.37,68.34,0.0,,8930.64,7051,False,0,2026-09-28 05:49:42.078546
896382,ABY527  ,United Arab Emirates,1790574573.0,1790574573,67.6948,22.9583,10980.42,False,228.93,270.13,0.0,,11635.74,,False,0,2026-09-28 05:49:42.078546
3d3436,DESAG   ,Germany,1790574575.0,1790574575,9.9283,48.7225,1242.06,False,51.6,69.58,0.33,,1386.84,4452,False,0,2026-09-28 05:49:42.078546
781d9c,CES523  ,China,1790574571.0,1790574571,140.3968,35.7758,,True,4.37,151.88,,,,4405,False,0,2026-09-28 05:49:42.078546
780a6a,CRK604  ,China,1790574574.0,1790574575,140.2766,36.0751,2263.14,False,100.65,274.69,-3.25,,2346.96,3531,False,0,2026-09-28 05:49:42.078546
ac5b43,SWA3446 ,United States,1790574574.0,1790574575,-112.1666,33.341,2887.98,False,147.99,83.81,-2.6,,3009.9,1324,False,0,2026-09-28 05:49:42.078546
346692,VLG29AJ ,Spain,1790574574.0,1790574574,6.7823,44.8558,10363.2,False,236.09,3.62,0.0,,10828.02,1000,False,0,2026-09-28 05:49:42.078546
4c80a2,5BCMK   ,Cyprus,1790574574.0,1790574574,33.375,34.8533,929.64,False,62.04,74.12,0.65,,967.74,,False,0,2026-09-28 05:49:42.078546
4c80a5,CYP344  ,Cyprus,1790574574.0,1790574574,26.6635,36.8016,10972.8,False,193.34,298.27,0.0,,11308.08,6026,False,0,2026-09-28 05:49:42.078546
896356,ETD919  ,United Arab Emirates,1790574574.0,1790574574,12.5442,43.1363,10363.2,False,251.55,310.11,0.0,,10812.78,5535,False,0,2026-09-28 05:49:42.078546
4c80a6,CYP38P  ,Cyprus,1790574575.0,1790574575,29.4827,35.2396,10965.18,False,203.36,302.6,0.0,,11323.32,4153,False,0,2026-09-28 05:49:42.078546
896354,ETD406  ,United Arab Emirates,1790574573.0,1790574574,55.3626,24.1722,4259.58,False,202.43,111.94,13.98,,4503.42,1767,False,0,2026-09-28 05:49:42.078546
896353,ETD49D  ,United Arab Emirates,1790574420.0,1790574428,-2.2838,53.3659,,True,0.0,315.0,,,,6603,False,0,2026-09-28 05:49:42.078546
780a7a,,China,1790574572.0,1790574572,115.9059,22.4749,9136.38,False,221.79,227.73,0.0,,9814.56,,False,0,2026-09-28 05:49:42.078546
345359,VLG84XR ,Spain,1790574574.0,1790574574,3.5244,40.9793,8778.24,False,239.17,96.42,6.18,,9227.82,1000,False,0,2026-09-28 05:49:42.078546
780a7f,CPA530  ,China,1790574573.0,1790574573,136.2401,34.1462,3390.9,False,198.99,44.48,0.33,,3596.64,,False,0,2026-09-28 05:49:42.078546
780a99,CRK254  ,China,1790574574.0,1790574574,118.6913,22.7684,10675.62,False,219.54,54.63,0.0,,11437.62,,False,0,2026-09-28 05:49:42.078546
780a97,CPA870  ,China,1790574548.0,1790574557,113.7366,22.1505,1973.58,False,157.41,154.86,5.53,,2080.26,,False,0,2026-09-28 05:49:42.078546
739602,HFA801  ,Israel,1790574574.0,1790574574,33.8785,34.3089,2324.1,False,140.88,341.7,-5.2,,2385.06,,False,0,2026-09-28 05:49:42.078546
780a8b,CPA163  ,China,1790574398.0,1790574401,119.5021,12.0405,10058.4,False,259.51,153.38,0.0,,10805.16,,False,0,2026-09-28 05:49:42.078546
739600,HFA849  ,Israel,1790574069.0,1790574573,34.6343,33.0677,3581.4,False,100.32,329.49,3.9,,3718.56,,False,0,2026-09-28 05:49:42.078546
4bb0f9,THY066  ,Turkey,1790574574.0,1790574574,91.0855,21.0043,11887.2,False,247.71,124.25,0.0,,12603.48,0717,False,0,2026-09-28 05:49:42.078546
44ce79,BEL2654 ,Belgium,1790574573.0,1790574573,4.4929,50.8955,,True,8.23,306.56,,,,1000,False,0,2026-09-28 05:49:42.078546
44ce78,BEL1PD  ,Belgium,1790574573.0,1790574574,2.9782,49.892,8427.72,False,249.39,26.72,-4.88,,8763.0,1000,False,0,2026-09-28 05:49:42.078546
405457,EFW35LD ,United Kingdom,1790574574.0,1790574575,0.5645,49.7964,11239.5,False,211.37,160.37,5.2,,11559.54,7310,False,0,2026-09-28 05:49:42.078546
4bb0f4,THY209  ,Turkey,1790574574.0,1790574574,95.0422,11.2997,11582.4,False,254.56,310.9,0.0,,,,False,0,2026-09-28 05:49:42.078546
89631b,UAE42X  ,United Arab Emirates,1790574574.0,1790574574,53.203,23.5366,9753.6,False,257.03,239.84,0.0,,10347.96,0543,False,0,2026-09-28 05:49:42.078546
44ce77,BEL4CB  ,Belgium,1790574574.0,1790574574,6.4837,49.0625,10675.62,False,208.12,151.34,0.0,,11071.86,1000,False,0,2026-09-28 05:49:42.078546
44ce76,BEL8HW  ,Belgium,1790574574.0,1790574574,7.7725,54.3403,11590.02,False,200.02,216.63,0.0,,11910.06,1000,False,0,2026-09-28 05:49:42.078546
4bb0f3,THY8GY  ,Turkey,1790574574.0,1790574574,19.3662,41.9854,12192.0,False,247.08,277.66,0.0,,12557.76,7211,False,0,2026-09-28 05:49:42.078546
44ce75,BEL8HQ  ,Belgium,1790574574.0,1790574574,7.3913,47.824,6233.16,False,135.48,159.09,-2.93,,6576.06,1000,False,0,2026-09-28 05:49:42.078546
4bb0f0,THY4YT  ,Turkey,1790574498.0,1790574498,-74.1792,40.6784,,True,8.75,205.31,,,,,False,0,2026-09-28 05:49:42.078546
44ce6a,BEL6NQ  ,Belgium,1790574575.0,1790574575,8.6401,52.5519,11582.4,False,213.29,217.26,0.0,,11955.78,0756,False,0,2026-09-28 05:49:42.078546
44ce6f,BEL7TC  ,Belgium,1790574574.0,1790574574,9.6284,49.4965,9974.58,False,238.05,131.23,-7.48,,10431.78,1000,False,0,2026-09-28 05:49:42.078546
4bb0ed,THY6AG  ,Turkey,1790574574.0,1790574574,28.1978,41.1568,5509.26,False,191.65,256.34,9.1,,5669.28,2301,False,0,2026-09-28 05:49:42.078546
780a9e,CRK679  ,China,1790574568.0,1790574568,123.2309,24.9892,10805.16,False,230.54,271.41,0.0,,11757.66,,False,0,2026-09-28 05:49:42.078546
780a9c,CPA495  ,China,1790574573.0,1790574574,118.3116,22.8181,11582.4,False,259.86,237.29,0.0,,12412.98,,False,0,2026-09-28 05:49:42.078546
780a9b,CPA321  ,China,1790574569.0,1790574573,19.2413,43.0918,12192.0,False,249.91,258.48,0.0,,12573.0,4134,False,0,2026-09-28 05:49:42.078546
896335,,United Arab Emirates,1790574447.0,1790574448,69.4014,18.343,10363.2,False,241.84,295.58,0.0,,10980.42,,False,0,2026-09-28 05:49:42.078546
4bb0fa,THY7KF  ,Turkey,1790574574.0,1790574574,25.6214,43.5419,12192.0,False,239.72,315.26,0.0,,12481.56,5312,False,0,2026-09-28 05:49:42.078546
c07fb9,WJA273  ,Canada,1790574574.0,1790574574,-121.1918,49.7333,11041.38,False,214.05,249.61,-5.2,,11163.3,,False,0,2026-09-28 05:49:42.078546
aa2e37,N755SL  ,United States,1790574262.0,1790574262,-116.2024,43.5609,944.88,False,33.69,262.98,-2.6,,944.88,,False,0,2026-09-28 05:49:42.078546
aa2e36,SKW6338 ,United States,1790574574.0,1790574575,-83.8495,42.8051,861.06,False,98.23,84.29,-5.2,,868.68,1370,False,0,2026-09-28 05:49:42.078546
34530e,ANE1174 ,Spain,1790574496.0,1790574496,-3.575,40.4877,,True,11.32,270.0,,,,1000,False,0,2026-09-28 05:49:42.078546
896303,UAE65U  ,United Arab Emirates,1790574440.0,1790574452,48.4487,27.4924,10363.2,False,219.91,298.96,0.0,,10980.42,0537,False,0,2026-09-28 05:49:42.078546
a74b1b,SCX3082 ,United States,1790574575.0,1790574575,-82.2417,30.0714,10668.0,False,238.61,173.69,0.0,,11178.54,4015,False,0,2026-09-28 05:49:42.078546
841e00,ADO66   ,Japan,1790574574.0,1790574574,143.2035,40.5391,12192.0,False,163.82,235.36,0.0,,12611.1,,False,0,2026-09-28 05:49:42.078546
896311,UAE9W   ,United Arab Emirates,1790574574.0,1790574574,1.0403,51.1506,3596.64,False,141.99,216.45,-6.83,,3749.04,5266,False,0,2026-09-28 05:49:42.078546
346648,VOE75XF ,Spain,1790574575.0,1790574575,5.3933,45.5906,9471.66,False,228.35,52.05,-4.88,,9913.62,1000,False,0,2026-09-28 05:49:42.078546
c01314,ACA156  ,Canada,1790574573.0,1790574573,-114.0093,51.1283,,True,0.0,59.06,,,,0627,False,0,2026-09-28 05:49:42.078546
44ce61,BEL5GP  ,Belgium,1790574574.0,1790574575,6.4691,50.6479,6187.44,False,210.09,285.77,-7.48,,6507.48,1000,False,0,2026-09-28 05:49:42.078546
346644,VOE5WC  ,Spain,1790574574.0,1790574574,2.5573,49.6233,6469.38,False,189.67,32.48,-7.8,,6781.8,3323,False,0,2026-09-28 05:49:42.078546
345314,VLG77GA ,Spain,1790574574.0,1790574574,2.0854,41.2911,,True,8.75,157.5,,,,,False,0,2026-09-28 05:49:42.078546
4bb0e8,THY9FP  ,Turkey,1790574574.0,1790574574,14.6487,45.0111,12016.74,False,245.24,282.72,-4.88,,12443.46,2310,False,0,2026-09-28 05:49:42.078546
406753,EZY76HZ ,United Kingdom,1790574573.0,1790574574,3.0212,50.8855,11894.82,False,222.71,116.03,0.0,,12222.48,2067,False,0,2026-09-28 05:49:42.078546
4bb0e5,THY54   ,Turkey,1790574574.0,1790574574,84.7659,24.834,11887.2,False,248.35,119.54,0.0,,12611.1,5103,False,0,2026-09-28 05:49:42.078546
406752,EZY396L ,United Kingdom,1790574574.0,1790574574,-0.0694,52.0753,2743.2,False,144.75,76.85,0.0,,2865.12,5152,False,0,2026-09-28 05:49:42.078546
406754,EZY15VH ,United Kingdom,1790574575.0,1790574575,0.1851,49.0232,10668.0,False,206.64,166.76,-0.33,,11003.28,5225,False,0,2026-09-28 05:49:42.078546
896316,UAE23C  ,United Arab Emirates,1790574546.0,1790574572,55.9364,24.7001,6156.96,False,229.47,180.9,9.1,,6316.98,0576,False,0,2026-09-28 05:49:42.078546
896315,UAE382  ,United Arab Emirates,1790574574.0,1790574574,94.9419,22.6656,10668.0,False,237.12,82.52,0.0,,11353.8,0574,False,0,2026-09-28 05:49:42.078546
44ce72,BEL6WA  ,Belgium,1790574575.0,1790574575,8.8474,50.4081,10774.68,False,226.71,284.32,-4.88,,11216.64,1000,False,0,2026-09-28 05:49:42.078546
884347,BKP452  ,Thailand,1790574545.0,1790574545,100.6141,13.9295,53.34,False,59.41,209.01,-3.25,,53.34,,False,0,2026-09-28 05:49:42.078546
abf396,SWA1972 ,United States,1790574574.0,1790574574,-112.0072,40.876,1706.88,False,68.65,175.27,-3.25,,1714.5,6251,False,0,2026-09-28 05:49:42.078546
39a56f,FYL81LP ,France,1790574574.0,1790574574,4.5288,45.1074,10363.2,False,255.84,65.91,-0.33,,10805.16,1000,False,0,2026-09-28 05:49:42.078546
ac006d,SWA2121 ,United States,1790574574.0,1790574574,-105.7005,34.3707,11277.6,False,275.18,109.89,0.0,,11948.16,,False,0,2026-09-28 05:49:42.078546
34660d,VOE2786 ,Spain,1790574575.0,1790574575,12.3271,54.9794,5189.22,False,176.9,35.77,-8.45,,5455.92,0213,False,0,2026-09-28 05:49:42.078546
34660f,VOE71UJ ,Spain,1790574574.0,1790574574,-4.8096,37.212,3040.38,False,149.34,177.43,-4.23,,3261.36,5046,False,0,2026-09-28 05:49:42.078546
abe075,SWA2448 ,United States,1790574574.0,1790574574,-94.9053,39.3784,2362.2,False,145.87,147.82,-6.83,,2461.26,7343,False,0,2026-09-28 05:49:42.078546
346611,VOE7VT  ,Spain,1790574573.0,1790574574,13.0673,38.2889,2651.76,False,148.66,31.27,8.78,,2857.5,,False,0,2026-09-28 05:49:42.078546
346610,VLG8954 ,Spain,1790574574.0,1790574575,2.8597,44.5847,11277.6,False,202.37,177.52,0.0,,11734.8,1000,False,0,2026-09-28 05:49:42.078546
346613,VOE8UQ  ,Spain,1790574574.0,1790574574,3.4739,46.1667,11277.6,False,224.34,154.32,0.0,,11719.56,1000,False,0,2026-09-28 05:49:42.078546
346612,VOE8MN  ,Spain,1790574559.0,1790574559,-3.5533,40.4626,571.5,False,79.95,322.32,-3.9,,693.42,3431,False,0,2026-09-28 05:49:42.078546
4065fd,SHT7B   ,United Kingdom,1790574527.0,1790574549,-1.0122,51.9127,4632.96,False,145.42,152.62,-2.6,,4800.6,,False,0,2026-09-28 05:49:42.078546
4ab821,NSZ3754 ,Sweden,1790574574.0,1790574574,13.3221,53.7088,11277.6,False,226.33,176.22,-0.33,,11658.6,1152,False,0,2026-09-28 05:49:42.078546
4ab822,NSZ81E  ,Sweden,1790574574.0,1790574574,12.1097,56.0106,3032.76,False,160.57,113.61,-7.8,,3200.4,0225,False,0,2026-09-28 05:49:42.078546
4ab823,NSZ3528 ,Sweden,1790574575.0,1790574575,11.1981,55.5802,6629.4,False,204.75,270.29,8.78,,6903.72,1413,False,0,2026-09-28 05:49:42.078546
4ab824,NSZ5070 ,Sweden,1790574574.0,1790574574,0.4911,47.2684,10972.8,False,243.05,10.86,0.0,,11338.56,2311,False,0,2026-09-28 05:49:42.078546
4ab826,NSZ3562 ,Sweden,1790573255.0,1790574570,14.7808,54.4149,11277.6,False,243.28,144.29,5.2,,10934.7,6024,False,0,2026-09-28 05:49:42.078546
780a16,CPA259  ,China,1790574574.0,1790574574,4.1757,52.7204,10972.8,False,232.21,284.5,0.0,,11292.84,3226,False,0,2026-09-28 05:49:42.078546
780a0b,CPA758  ,China,1790574437.0,1790574437,103.9969,1.3617,,True,1.8,22.5,,,,,False,0,2026-09-28 05:49:42.078546
89639c,UAE1GP  ,United Arab Emirates,1790574571.0,1790574574,51.2096,26.4793,12192.0,False,224.38,289.56,0.0,,12885.42,0542,False,0,2026-09-28 05:49:42.078546
4bb209,THY4YJ  ,Turkey,1790574574.0,1790574574,19.8883,43.9959,9578.34,False,223.58,285.89,-5.53,,9921.24,2647,False,0,2026-09-28 05:49:42.078546
7cc4a4,R6188   ,Australia,1790574574.0,1790574575,144.1045,-38.4741,739.14,False,54.97,238.39,0.65,,868.68,1200,False,0,2026-09-28 05:49:42.078546
4bb204,THY8CX  ,Turkey,1790574568.0,1790574568,15.7344,42.1743,10363.2,False,232.95,256.33,0.0,,10812.78,7347,False,0,2026-09-28 05:49:42.078546
4bb212,THY1297 ,Turkey,1790574574.0,1790574574,16.5933,38.9126,10355.58,False,236.95,255.54,0.0,,10797.54,2321,False,0,2026-09-28 05:49:42.078546
4bb210,THY3FN  ,Turkey,1790574574.0,1790574575,14.8012,41.1055,10355.58,False,234.6,269.37,0.0,,10812.78,2340,False,0,2026-09-28 05:49:42.078546
a955fb,N700QQ  ,United States,1790574575.0,1790574575,-0.9252,48.4673,7924.8,False,123.52,256.02,0.0,,8199.12,1000,False,0,2026-09-28 05:49:42.078546
a19162,N20TQ   ,United States,1790574276.0,1790574276,-118.2977,40.7295,13716.0,False,237.4,9.61,0.33,,14142.72,6711,False,0,2026-09-28 05:49:42.078546
7c0d65,CXJ     ,Australia,1790574574.0,1790574574,138.6388,-34.7913,7.62,False,48.18,30.12,6.83,,121.92,,False,0,2026-09-28 05:49:42.078546
4bb20a,THY75P  ,Turkey,1790574574.0,1790574574,20.2643,46.9448,3589.02,False,154.53,304.01,-5.53,,3794.76,5335,False,0,2026-09-28 05:49:42.078546
780a1c,CPA3273 ,China,1790574575.0,1790574575,-86.9678,34.1323,11582.4,False,234.31,324.11,0.0,,12047.22,1415,False,0,2026-09-28 05:49:42.078546
780a1d,CPA077  ,China,1790574388.0,1790574388,-120.9345,50.5557,10972.8,False,229.75,312.55,0.0,,11071.86,7305,False,0,2026-09-28 05:49:42.078546
4bb219,THY52U  ,Turkey,1790574574.0,1790574574,23.3134,43.2303,10363.2,False,220.2,290.09,0.33,,10668.0,3231,False,0,2026-09-28 05:49:42.078546
4bb213,THY3PB  ,Turkey,1790574574.0,1790574575,22.5266,47.723,10355.58,False,217.49,321.53,-0.33,,10675.62,3272,False,0,2026-09-28 05:49:42.078546
4bb214,THY9VT  ,Turkey,1790574574.0,1790574574,25.7875,42.7619,10370.82,False,227.55,295.87,0.0,,10660.38,3236,False,0,2026-09-28 05:49:42.078546
780a35,CPA233  ,China,1790574575.0,1790574575,9.4655,45.5556,3726.18,False,177.54,245.89,-7.48,,3992.88,2341,False,0,2026-09-28 05:49:42.078546
4bb20d,THY6ZN  ,Turkey,1790574574.0,1790574574,22.9109,43.3351,10363.2,False,219.29,290.6,-0.33,,10668.0,7353,False,0,2026-09-28 05:49:42.078546
4bb20c,THY9CR  ,Turkey,1790574569.0,1790574570,21.7717,43.4863,9753.6,False,221.84,279.75,0.0,,10073.64,7340,False,0,2026-09-28 05:49:42.078546
89637c,ETD188  ,United Arab Emirates,1790574574.0,1790574574,28.6347,35.5771,10668.0,False,256.14,125.77,-0.33,,11026.14,7404,False,0,2026-09-28 05:49:42.078546
6832c5,VSV5333 ,Kazakhstan,1790574574.0,1790574574,88.0674,22.8978,10363.2,False,252.27,303.27,0.0,,11026.14,5656,False,0,2026-09-28 05:49:42.078546
ac25c4,FDX710  ,United States,1790574575.0,1790574575,-108.5264,32.2398,11582.4,False,222.21,264.55,0.0,,12291.06,5604,False,0,2026-09-28 05:49:42.078546
ad7b02,N968MS  ,United States,1790574574.0,1790574574,-119.5914,34.3534,1097.28,False,49.18,105.78,-0.33,,1051.56,,False,0,2026-09-28 05:49:42.078546
780a46,CRK690  ,China,1790574575.0,1790574575,138.8342,38.5809,10675.62,False,272.54,33.06,0.33,,11132.82,,False,0,2026-09-28 05:49:42.078546
895062,RBA872  ,Brunei Darussalam,1790574519.0,1790574519,112.2917,4.9501,11269.98,False,219.61,75.35,0.0,,12039.6,,False,0,2026-09-28 05:49:42.078546
800733,AIC355  ,India,1790574574.0,1790574574,94.6534,22.7401,12184.38,False,267.87,258.93,0.0,,,,False,0,2026-09-28 05:49:42.078546
0200cb,RAM217  ,Morocco,1790574574.0,1790574574,-1.9444,37.2122,12496.8,False,225.15,213.73,0.0,,13030.2,2001,False,0,2026-09-28 05:49:42.078546
a37ab5,AAY1701 ,United States,1790574574.0,1790574574,-109.0389,38.3728,10980.42,False,191.06,263.51,0.33,,11506.2,3653,False,0,2026-09-28 05:49:42.078546
780a3e,CPA081  ,China,1790574574.0,1790574575,114.0644,22.3498,754.38,False,97.29,251.18,-3.9,,784.86,3664,False,0,2026-09-28 05:49:42.078546
780a3f,CPA3290 ,China,1790574574.0,1790574574,-129.4591,54.7777,10058.4,False,261.28,125.79,0.0,,9974.58,3475,False,0,2026-09-28 05:49:42.078546
a07176,AMX026  ,United States,1790574454.0,1790574454,-93.8672,26.2154,12184.38,False,264.54,216.38,-0.33,,12854.94,,False,0,2026-09-28 05:49:42.078546
a07177,AAL446  ,United States,1790574574.0,1790574574,-104.5105,35.0074,8534.4,False,242.31,289.86,0.0,,9014.46,,False,0,2026-09-28 05:49:42.078546
780a59,CPA658  ,China,1790574573.0,1790574573,113.9262,22.3173,,True,5.14,250.31,,,,0163,False,0,2026-09-28 05:49:42.078546
4bb201,THY4DU  ,Turkey,1790574573.0,1790574574,29.6219,40.8709,4274.82,False,157.61,275.43,-0.33,,4411.98,5624,False,0,2026-09-28 05:49:42.078546
780a4a,CPA722  ,China,1790574511.0,1790574522,102.5522,3.803,8732.52,False,236.34,14.88,6.18,,9334.5,,False,0,2026-09-28 05:49:42.078546
781d7a,CDC8966 ,China,1790574574.0,1790574574,113.9656,22.8383,4488.18,False,192.84,347.52,11.7,,4762.5,,False,0,2026-09-28 05:49:42.078546
48922b,ENT1SZ  ,Poland,1790574574.0,1790574574,-1.7786,41.0738,11277.6,False,205.9,225.61,0.33,,11734.8,6745,False,0,2026-09-28 05:49:42.078546
ac5bf6,DAL1466 ,United States,1790574574.0,1790574574,-116.1933,45.9309,10363.2,False,233.83,324.49,0.0,,10530.84,6044,False,0,2026-09-28 05:49:42.078546
4bb142,THY3YH  ,Turkey,1790574574.0,1790574574,28.1591,40.7235,7970.52,False,237.08,222.27,10.08,,8199.12,0764,False,0,2026-09-28 05:49:42.078546
ac157d,EJA878  ,United States,1790574574.0,1790574574,-110.6517,42.2994,12496.8,False,277.39,69.48,0.0,,12893.04,3335,False,0,2026-09-28 05:49:42.078546
8963f7,UAE7    ,United Arab Emirates,1790574574.0,1790574574,0.4444,51.6682,3383.28,False,121.75,263.21,-11.05,,3528.06,3554,False,0,2026-09-28 05:49:42.078546
4bb109,THY164  ,Turkey,1790574260.0,1790574260,80.9168,26.7529,11887.2,False,251.41,109.73,0.0,,12580.62,,False,0,2026-09-28 05:49:42.078546
1f7afd,97021   ,Russian Federation,1790574574.0,1790574574,82.5536,55.4624,7726.68,False,195.97,77.57,7.48,,7848.6,,False,0,2026-09-28 05:49:42.078546
489227,ENT4WC  ,Poland,1790574574.0,1790574574,21.8505,47.2685,11582.4,False,211.29,343.59,0.0,,11894.82,6471,False,0,2026-09-28 05:49:42.078546
489226,ENT5157 ,Poland,1790574574.0,1790574574,30.8714,34.9787,11277.6,False,228.05,177.93,0.33,,11689.08,2232,False,0,2026-09-28 05:49:42.078546
489225,ENT8XN  ,Poland,1790574574.0,1790574575,13.7934,51.6008,11582.4,False,227.34,104.41,-7.8,,12001.5,2061,False,0,2026-09-28 05:49:42.078546
4bb106,THY215  ,Turkey,1790574574.0,1790574574,-45.5866,-23.2355,6256.02,False,185.18,252.87,-8.45,,6606.54,,False,0,2026-09-28 05:49:42.078546
00834b,LNK552N ,South Africa,1790574574.0,1790574574,28.9265,-26.798,7757.16,False,190.08,332.26,-6.83,,8153.4,,False,0,2026-09-28 05:49:42.078546
489229,ENT4216 ,Poland,1790574575.0,1790574575,18.6174,47.1707,10363.2,False,218.02,31.59,0.0,,10728.96,1000,False,0,2026-09-28 05:49:42.078546
4bb104,THY48L  ,Turkey,1790574574.0,1790574574,91.8767,20.4912,10972.8,False,256.98,304.23,0.0,,11650.98,2173,False,0,2026-09-28 05:49:42.078546
732e02,CPN7916 ,Islamic Republic of Iran,1790574477.0,1790574511,37.6711,39.7841,10972.8,False,214.99,277.84,1.95,,11361.42,2334,False,0,2026-09-28 05:49:42.078546
4067c4,EXS9FE  ,United Kingdom,1790574574.0,1790574574,-0.2674,50.4814,10058.4,False,196.57,156.72,0.0,,10317.48,5222,False,0,2026-09-28 05:49:42.078546
7cfaaa,VALK    ,Australia,1790574479.0,1790574479,150.7163,-33.6557,-121.92,False,12.11,12.26,-2.28,,68.58,4671,False,0,2026-09-28 05:49:42.078546
489223,ENT7291 ,Poland,1790574574.0,1790574574,12.9582,41.8589,11277.6,False,231.52,197.59,0.0,,11750.04,5557,False,0,2026-09-28 05:49:42.078546
4bb10c,THY68   ,Turkey,1790574574.0,1790574574,85.7499,24.2789,11277.6,False,251.34,122.29,0.0,,11963.4,5126,False,0,2026-09-28 05:49:42.078546
8963d4,UAE394  ,United Arab Emirates,1790574574.0,1790574574,93.3547,22.1547,11277.6,False,242.5,94.38,0.0,,11993.88,0451,False,0,2026-09-28 05:49:42.078546
8963d2,UAE67V  ,United Arab Emirates,1790574575.0,1790574575,55.083,25.1998,2217.42,False,138.16,245.82,12.68,,2301.24,0574,False,0,2026-09-28 05:49:42.078546
3452c9,VLG701K ,Spain,1790574574.0,1790574574,-7.3937,42.7103,6103.62,False,178.57,256.84,-9.1,,6393.18,1000,False,0,2026-09-28 05:49:42.078546
3452c7,ANE1326 ,Spain,1790574574.0,1790574574,0.6336,45.6373,10668.0,False,202.57,210.86,0.0,,11056.62,1000,False,0,2026-09-28 05:49:42.078546
484ee5,KLM72R  ,Kingdom of the Netherlands,1790574516.0,1790574516,4.7188,52.3289,,True,7.46,132.19,,,,7625,False,0,2026-09-28 05:49:42.078546
8963e6,UAE11M  ,United Arab Emirates,1790574572.0,1790574574,52.8874,25.7664,8801.1,False,246.91,297.69,5.85,,9227.82,0526,False,0,2026-09-28 05:49:42.078546
8963e5,UAE3Q   ,United Arab Emirates,1790574574.0,1790574575,6.1155,47.0649,11582.4,False,237.27,313.42,0.0,,12024.36,1171,False,0,2026-09-28 05:49:42.078546
8963e4,UAE69R  ,United Arab Emirates,1790574572.0,1790574574,49.487,26.9903,10363.2,False,229.88,287.99,0.0,,10965.18,0571,False,0,2026-09-28 05:49:42.078546
4bb188,THY69W  ,Turkey,1790574574.0,1790574574,21.9375,46.1672,10363.2,False,241.94,315.95,0.0,,10675.62,5322,False,0,2026-09-28 05:49:42.078546
4bb185,THY310  ,Turkey,1790574574.0,1790574574,86.6848,23.7321,11277.6,False,243.6,122.58,0.0,,12001.5,1411,False,0,2026-09-28 05:49:42.078546
4bb186,THY24   ,Turkey,1790574574.0,1790574574,91.5514,23.8279,11277.6,False,239.55,102.28,-0.33,,12009.12,5133,False,0,2026-09-28 05:49:42.078546
4bb183,THY8MT  ,Turkey,1790574574.0,1790574574,27.5395,42.5936,7749.54,False,242.05,313.02,6.83,,8001.0,3241,False,0,2026-09-28 05:49:42.078546
8963dc,UAE305  ,United Arab Emirates,1790574574.0,1790574574,71.8381,22.8949,10363.2,False,242.75,264.89,0.0,,10980.42,,False,0,2026-09-28 05:49:42.078546
4bb182,THY49Q  ,Turkey,1790574574.0,1790574574,27.428,43.0023,8770.62,False,250.28,324.28,4.55,,9037.32,4567,False,0,2026-09-28 05:49:42.078546
8963e8,UAE73   ,United Arab Emirates,1790574573.0,1790574573,50.1137,26.8052,11582.4,False,222.88,288.85,0.0,,12252.96,0527,False,0,2026-09-28 05:49:42.078546
a359bc,DAL2488 ,United States,1790574550.0,1790574550,-107.9663,44.278,10782.3,False,202.93,293.77,2.28,,11033.76,,False,0,2026-09-28 05:49:42.078546
8963b3,FDB1690 ,United Arab Emirates,1790574574.0,1790574574,55.788,25.0818,2240.28,False,134.79,270.22,-8.45,,2362.2,3550,False,0,2026-09-28 05:49:42.078546
8963b1,FDB5KG  ,United Arab Emirates,1790574574.0,1790574575,54.8933,25.3172,3063.24,False,184.43,273.04,12.03,,3215.64,6214,False,0,2026-09-28 05:49:42.078546
3465d4,IBB5WU  ,Spain,1790574574.0,1790574574,-7.6656,38.8995,11277.6,False,212.56,226.96,-0.33,,11704.32,3776,False,0,2026-09-28 05:49:42.078546
4bb148,THY3    ,Turkey,1790574574.0,1790574574,20.9361,46.0494,9753.6,False,241.43,305.72,0.0,,10073.64,5365,False,0,2026-09-28 05:49:42.078546
781e13,CCA967  ,China,1790574573.0,1790574573,8.7222,45.6238,,True,2.31,168.75,,,,3114,False,0,2026-09-28 05:49:42.078546
4bb154,THY6024 ,Turkey,1790574574.0,1790574575,6.7861,51.3793,10668.0,False,250.38,107.95,0.0,,11056.62,1167,False,0,2026-09-28 05:49:42.078546
8963b5,FDB913  ,United Arab Emirates,1790574574.0,1790574574,52.3094,26.0292,10972.8,False,207.52,296.5,0.0,,11605.26,6214,False,0,2026-09-28 05:49:42.078546
4bb14f,THY6060 ,Turkey,1790574548.0,1790574555,-71.9399,47.9039,10058.4,False,254.29,62.14,0.0,,10439.4,3152,False,0,2026-09-28 05:49:42.078546
4067ee,TOM428  ,United Kingdom,1790574574.0,1790574575,2.103,48.6695,11277.6,False,230.27,138.26,-0.33,,11643.36,7305,False,0,2026-09-28 05:49:42.078546
a01c37,AAL276  ,United States,1790574560.0,1790574560,-118.0255,39.1082,10058.4,False,267.79,70.94,-0.65,,10340.34,3232,False,0,2026-09-28 05:49:42.078546
3c6d43,CFG9VJ  ,Germany,1790574575.0,1790574575,6.3501,47.1291,9753.6,False,244.89,0.6,0.33,,10165.08,1000,False,0,2026-09-28 05:49:42.078546
4067f2,TOM7CB  ,United Kingdom,1790574574.0,1790574574,-2.8138,51.465,3314.7,False,166.05,58.43,6.83,,3429.0,4735,False,0,2026-09-28 05:49:42.078546
467894,T15     ,Finland,1790574574.0,1790574574,25.4081,62.7207,4145.28,False,92.97,5.08,7.8,,4312.92,,False,0,2026-09-28 05:49:42.078546
8a05ee,,Indonesia,1790574566.0,1790574566,105.6433,-5.2627,4442.46,False,176.0,88.49,10.4,,4739.64,,False,0,2026-09-28 05:49:42.078546
4067f6,TOM2YC  ,United Kingdom,1790574575.0,1790574575,-2.3419,53.3178,548.64,False,93.43,239.2,8.78,,647.7,,False,0,2026-09-28 05:49:42.078546
467890,T21     ,Finland,1790574455.0,1790574568,24.981,60.3082,,True,0.0,227.81,,,,,False,0,2026-09-28 05:49:42.078546
4067f7,TOM722  ,United Kingdom,1790574574.0,1790574575,-1.0,52.4294,3787.14,False,192.36,98.3,12.03,,3909.06,3406,False,0,2026-09-28 05:49:42.078546
4bb162,THY32W  ,Turkey,1790574574.0,1790574574,42.3903,41.3556,10972.8,False,229.53,260.45,0.0,,11407.14,0510,False,0,2026-09-28 05:49:42.078546
a586b0,SWA4567 ,United States,1790574574.0,1790574575,-117.3187,32.94,3032.76,False,146.58,144.86,-2.6,,3139.44,6306,False,0,2026-09-28 05:49:42.078546
a4b6b6,JBU1407 ,United States,1790574574.0,1790574574,-6.8516,50.0776,10972.8,False,237.57,103.52,0.0,,11132.82,6324,False,0,2026-09-28 05:49:42.078546
896528,EFC61L  ,United Arab Emirates,1790574574.0,1790574574,55.3231,24.5741,1135.38,False,62.93,302.65,0.33,,1135.38,6040,False,0,2026-09-28 05:49:42.078546
ab0836,N81NG   ,United States,1790574562.0,1790574562,-103.7471,30.9887,4655.82,False,142.18,161.43,-0.33,,4922.52,,False,0,2026-09-28 05:49:42.078546
4ac9e2,SAS38H  ,Sweden,1790571045.0,1790574572,18.1611,58.0387,11902.44,False,230.47,193.29,4.88,,,2217,False,0,2026-09-28 05:49:42.078546
a5e9af,GTI9480 ,United States,1790574574.0,1790574574,-84.6472,38.8873,1097.28,False,104.46,1.41,-6.5,,1104.9,3647,False,0,2026-09-28 05:49:42.078546
896532,FDB1073 ,United Arab Emirates,1790574574.0,1790574574,36.068,31.2836,6629.4,False,225.85,5.49,-5.2,,7018.02,,False,0,2026-09-28 05:49:42.078546
4ac9e9,SAS024  ,Sweden,1790574566.0,1790574566,17.9293,59.6533,,True,0.0,101.25,,,,1000,False,0,2026-09-28 05:49:42.078546
89652a,,United Arab Emirates,,1790574558,,,822.96,False,66.06,98.51,0.0,,792.48,6041,False,0,2026-09-28 05:49:42.078546
896539,ETD1R6  ,United Arab Emirates,1790574574.0,1790574575,0.5046,38.8256,11879.58,False,229.43,244.64,-0.33,,12405.36,2003,False,0,2026-09-28 05:49:42.078546
4ac9f3,SAS83L  ,Sweden,1790574574.0,1790574574,18.1695,60.2379,3360.42,False,151.4,205.78,-7.8,,3505.2,1000,False,0,2026-09-28 05:49:42.078546
4ac9f8,SAS44D  ,Sweden,1790574575.0,1790574575,18.1418,59.4169,2682.24,False,176.49,12.46,-5.2,,2834.64,0415,False,0,2026-09-28 05:49:42.078546
4ac9f9,SAS22E  ,Sweden,1790574574.0,1790574575,9.3876,56.944,11277.6,False,207.19,195.55,0.0,,11567.16,0764,False,0,2026-09-28 05:49:42.078546
478512,WIF22W  ,Norway,1790574559.0,1790574561,17.3175,68.9121,7315.2,False,135.49,219.92,0.33,,7353.3,,False,0,2026-09-28 05:49:42.078546
a37c1c,JBU1897 ,United States,1790574574.0,1790574574,-83.7019,34.2199,4191.0,False,190.97,221.51,-11.05,,4335.78,4166,False,0,2026-09-28 05:49:42.078546
781cb8,,China,1790574461.0,1790574573,115.982,22.9111,9768.84,False,246.33,263.77,0.0,,10500.36,,False,0,2026-09-28 05:49:42.078546
4ac9c4,BLX261  ,Sweden,1790572476.0,1790574574,14.6118,55.3352,11277.6,False,237.87,148.44,2.93,,11452.86,2272,False,0,2026-09-28 05:49:42.078546
4ac9c5,BLX633  ,Sweden,1790574575.0,1790574575,20.0543,50.088,11277.6,False,246.29,156.49,0.0,,11650.98,1172,False,0,2026-09-28 05:49:42.078546
4bb192,THY171  ,Turkey,1790574575.0,1790574575,87.6717,24.833,10363.2,False,274.33,295.08,-0.33,,11041.38,2463,False,0,2026-09-28 05:49:42.078546
4bb193,THY351  ,Turkey,1790574574.0,1790574574,28.7126,41.0172,914.4,False,91.66,357.43,-0.65,,975.36,3413,False,0,2026-09-28 05:49:42.078546
47c0fd,NOZ8AG  ,Norway,1790574574.0,1790574575,5.2157,52.7293,10363.2,False,215.48,203.2,0.0,,10698.48,0744,False,0,2026-09-28 05:49:42.078546
896519,,United Arab Emirates,,1790574487,,,,False,70.51,352.87,-5.2,,,,False,0,2026-09-28 05:49:42.078546
4bb18f,THY299  ,Turkey,1790574573.0,1790574573,79.6242,27.7058,10363.2,False,256.23,292.55,0.0,,10988.04,,False,0,2026-09-28 05:49:42.078546
4bb18a,THY125  ,Turkey,1790574574.0,1790574575,97.1114,21.6926,10965.18,False,271.04,284.96,0.33,,11673.84,,False,0,2026-09-28 05:49:42.078546
683300,UPEM022 ,Kazakhstan,1790574573.0,1790574573,115.4147,41.4081,11468.1,False,181.06,296.49,5.2,,11742.42,,False,0,2026-09-28 05:49:42.078546
020066,RAM641B ,Morocco,1790574574.0,1790574574,0.7819,46.1367,11887.2,False,204.88,208.5,0.0,,12260.58,7660,False,0,2026-09-28 05:49:42.078546
781cd4,CSN356  ,China,1790574574.0,1790574574,113.7664,23.3052,7498.08,False,238.57,340.08,0.0,,8016.24,5735,False,0,2026-09-28 05:49:42.078546
7cfaa2,JUST04  ,Australia,1790574557.0,1790574565,150.9533,-33.9951,,True,0.0,109.69,,,,,False,0,2026-09-28 05:49:42.078546
4067a4,DHK950  ,United Kingdom,1790574574.0,1790574575,24.9799,38.8645,12489.18,False,247.38,134.33,0.0,,12854.94,2275,False,0,2026-09-28 05:49:42.078546
a466fc,FFT3423 ,United States,1790574574.0,1790574575,-76.7183,40.0335,10972.8,False,240.35,248.27,0.0,,11330.94,1722,False,0,2026-09-28 05:49:42.078546
ab3bc6,KFB8228 ,United States,1790574574.0,1790574574,-81.8548,40.9569,12496.8,False,256.51,84.13,0.0,,12938.76,1306,False,0,2026-09-28 05:49:42.078546
7c7772,QLK1846 ,Australia,1790574574.0,1790574574,152.3311,-25.3142,9753.6,False,231.86,324.3,0.0,,10172.7,2545,False,0,2026-09-28 05:49:42.078546
7c7770,QLK1797 ,Australia,1790574574.0,1790574575,138.438,-35.0212,472.44,False,77.44,18.19,-4.88,,586.74,,False,0,2026-09-28 05:49:42.078546
781cde,HYT9009 ,China,1790574574.0,1790574575,91.4801,22.6434,9136.38,False,240.89,319.68,-2.93,,9685.02,7402,False,0,2026-09-28 05:49:42.078546
4ac9ec,SAS4105 ,Sweden,1790574574.0,1790574574,11.4399,62.7363,11597.64,False,196.54,195.02,0.0,,11734.8,,False,0,2026-09-28 05:49:42.078546
a98ac0,UNIDENT ,United States,1790574575.0,1790574575,51.1083,25.7417,4267.2,False,47.1,96.27,0.0,,4495.8,4677,False,0,2026-09-28 05:49:42.078546
7c7765,QLK1953 ,Australia,1790574573.0,1790574574,152.1704,-30.0903,10363.2,False,211.85,197.38,-0.33,,10706.1,1045,False,0,2026-09-28 05:49:42.078546
34538e,AEA21SW ,Spain,1790574574.0,1790574575,1.1925,41.1515,11582.4,False,243.87,95.33,0.0,,12070.08,1000,False,0,2026-09-28 05:49:42.078546
34538d,VLG1812 ,Spain,1790574574.0,1790574574,2.0975,41.1329,1882.14,False,125.53,136.16,9.75,,2026.92,,False,0,2026-09-28 05:49:42.078546
7395af,4XHSG   ,Israel,1790574397.0,1790574397,34.7546,31.9774,121.92,False,34.94,166.37,-1.3,,129.54,,False,0,2026-09-28 05:49:42.078546
345398,VLG69NN ,Spain,1790574574.0,1790574574,7.2952,43.5517,9151.62,False,207.77,51.03,0.0,,9593.58,1000,False,0,2026-09-28 05:49:42.078546
4bd6ab,TCUUK   ,Turkey,1790574557.0,1790574557,26.5021,39.491,1341.12,False,53.68,257.83,-2.28,,1432.56,,False,0,2026-09-28 05:49:42.078546
3d31e1,DERDH   ,Germany,1790574574.0,1790574574,8.0069,51.0698,3573.78,False,86.21,120.08,3.25,,3802.38,1240,False,0,2026-09-28 05:49:42.078546
89647f,UAE67M  ,United Arab Emirates,1790574574.0,1790574574,75.7054,10.6841,12192.0,False,259.32,309.85,0.0,,12862.56,,False,0,2026-09-28 05:49:42.078546
89647e,UAE5CL  ,United Arab Emirates,1790574574.0,1790574575,172.2373,-43.3775,3489.96,False,147.21,292.17,16.26,,3383.28,,False,0,2026-09-28 05:49:42.078546
a0e819,CTF158  ,United States,1790574574.0,1790574574,-115.7443,34.914,7620.0,False,153.73,82.11,0.0,,7962.9,7212,False,0,2026-09-28 05:49:42.078546
4783f0,HKS256  ,Norway,1790574374.0,1790574375,3.6517,60.7801,609.6,False,65.38,301.81,-0.33,,655.32,,False,0,2026-09-28 05:49:42.078546
896497,ABY583  ,United Arab Emirates,1790574537.0,1790574556,48.5056,26.7606,10972.8,False,213.08,268.2,0.0,,11643.36,3455,False,0,2026-09-28 05:49:42.078546
89648a,ETD2AP  ,United Arab Emirates,1790574303.0,1790574313,49.2632,27.7973,9776.46,False,212.99,321.28,-11.38,,10370.82,3421,False,0,2026-09-28 05:49:42.078546
a560f4,AAL596  ,United States,1790574561.0,1790574570,-115.1349,36.0805,,True,0.0,272.81,,,,,False,0,2026-09-28 05:49:42.078546
344156,VLG69DR ,Spain,1790574574.0,1790574574,11.8621,41.7011,3970.02,False,157.39,69.73,-3.58,,4251.96,1000,False,0,2026-09-28 05:49:42.078546
4783cc,WIF4A   ,Norway,1790574574.0,1790574574,10.8375,63.4677,373.38,False,61.74,156.43,-8.78,,403.86,,False,0,2026-09-28 05:49:42.078546
484f6c,TRA19P  ,Kingdom of the Netherlands,1790574574.0,1790574574,2.2145,47.1787,11894.82,False,205.6,189.65,0.33,,12268.2,1000,False,0,2026-09-28 05:49:42.078546
3e0fec,CHX86   ,Germany,1790574322.0,1790574324,9.8073,52.3847,60.96,False,4.43,305.54,-2.6,,152.4,0020,False,0,2026-09-28 05:49:42.078546
484f6d,TRA17H  ,Kingdom of the Netherlands,1790574574.0,1790574575,2.4337,47.3496,10668.0,False,215.72,197.92,0.0,,11056.62,1000,False,0,2026-09-28 05:49:42.078546
a8cf3a,N667LF  ,United States,1790574573.0,1790574573,-119.598,46.4188,3253.74,False,85.05,293.15,9.43,,3299.46,,False,0,2026-09-28 05:49:42.078546
896488,ETD6HZ  ,United Arab Emirates,1790574574.0,1790574574,38.539,32.0342,11269.98,False,264.35,153.53,-0.33,,11864.34,0423,False,0,2026-09-28 05:49:42.078546
40688c,BAW4E   ,United Kingdom,1790574574.0,1790574574,-117.2247,34.4596,7246.62,False,277.02,51.26,1.95,,7536.18,1724,False,0,2026-09-28 05:49:42.078546
896450,UAE213  ,United Arab Emirates,1790574483.0,1790574485,-0.7486,61.1852,9776.46,False,241.57,296.84,1.95,,9677.4,2226,False,0,2026-09-28 05:49:42.078546
40688b,BAW12   ,United Kingdom,1790574574.0,1790574575,11.7271,49.3362,12192.0,False,236.1,293.77,0.0,,12633.96,3572,False,0,2026-09-28 05:49:42.078546
40688e,BAW256  ,United Kingdom,1790574572.0,1790574572,72.1705,28.5584,10965.18,False,258.77,318.55,0.0,,11551.92,,False,0,2026-09-28 05:49:42.078546
896455,UAE1KM  ,United Arab Emirates,1790574574.0,1790574574,5.0818,51.4773,10972.8,False,237.49,282.89,0.0,,11346.18,0537,False,0,2026-09-28 05:49:42.078546
40688f,BAW186  ,United Kingdom,1790574575.0,1790574575,-78.0973,36.3717,11879.58,False,265.04,70.62,0.0,,12298.68,2572,False,0,2026-09-28 05:49:42.078546
abe0bb,SWA590  ,United States,1790574575.0,1790574575,-99.482,35.2028,9326.88,False,247.93,86.43,-15.61,,9845.04,,False,0,2026-09-28 05:49:42.078546
896454,UAE354  ,United Arab Emirates,1790574574.0,1790574574,101.5393,2.7558,11277.6,False,238.81,126.94,0.0,,12024.36,,False,0,2026-09-28 05:49:42.078546
896452,UAE3TK  ,United Arab Emirates,1790574473.0,1790574573,-56.9016,44.8539,10972.8,False,282.02,77.89,-2.28,,11475.72,1571,False,0,2026-09-28 05:49:42.078546
89643d,ETD577  ,United Arab Emirates,1790574565.0,1790574574,50.5221,26.2754,3124.2,False,154.82,278.02,-7.15,,3314.7,3426,False,0,2026-09-28 05:49:42.078546
896456,UAE6JL  ,United Arab Emirates,1790574573.0,1790574574,54.2675,25.4061,5585.46,False,206.91,286.32,3.58,,5897.88,0503,False,0,2026-09-28 05:49:42.078546
406891,BAW224U ,United Kingdom,1790574539.0,1790574539,-66.8435,41.119,12192.0,False,265.06,78.01,-0.33,,12679.68,2540,False,0,2026-09-28 05:49:42.078546
896461,ETD5W2  ,United Arab Emirates,1790574574.0,1790574574,-0.2517,51.4654,655.32,False,90.54,270.0,-4.23,,762.0,2225,False,0,2026-09-28 05:49:42.078546
896464,ETD7LG  ,United Arab Emirates,1790574574.0,1790574574,-8.0842,38.8164,6195.06,False,187.75,242.59,-4.55,,6499.86,4412,False,0,2026-09-28 05:49:42.078546
a693aa,SCX3012 ,United States,1790574574.0,1790574574,-93.9964,36.2032,12496.8,False,229.4,47.54,0.0,,13030.2,2262,False,0,2026-09-28 05:49:42.078546
a5d6f9,UAL796  ,United States,1790574574.0,1790574574,-111.1123,40.5706,10058.4,False,282.16,72.82,0.0,,10454.64,1744,False,0,2026-09-28 05:49:42.078546
505a88,TVS3VX  ,Slovakia,1790574574.0,1790574574,3.4941,42.1084,11277.6,False,217.0,232.8,0.0,,11765.28,3575,False,0,2026-09-28 05:49:42.078546
4d02e2,JFA98A  ,Luxembourg,1790574574.0,1790574574,2.1688,47.2377,10058.4,False,202.95,182.91,0.0,,10447.02,1000,False,0,2026-09-28 05:49:42.078546
896429,ETD8KP  ,United Arab Emirates,1790574512.0,1790574512,74.4309,15.9489,9745.98,False,248.01,296.62,0.33,,10347.96,,False,0,2026-09-28 05:49:42.078546
aae810,SCX3032 ,United States,1790574574.0,1790574574,-102.4493,35.7578,11582.4,False,195.38,305.03,0.0,,12230.1,,False,0,2026-09-28 05:49:42.078546
75010a,AXM6125 ,Malaysia,1790574571.0,1790574575,100.7855,3.3268,5615.94,False,172.04,138.64,-6.83,,6004.56,,False,0,2026-09-28 05:49:42.078546
781e34,CKK231  ,China,1790574574.0,1790574574,135.7621,36.8541,9448.8,False,297.33,59.31,0.0,,9966.96,3105,False,0,2026-09-28 05:49:42.078546
738488,AIZ802  ,Israel,1790574574.0,1790574574,35.0608,32.1683,1409.7,False,99.14,308.89,-5.53,,1493.52,,False,0,2026-09-28 05:49:42.078546
8963a2,UAE9749 ,United Arab Emirates,1790574574.0,1790574574,55.2987,24.7217,1866.9,False,121.94,300.13,-2.28,,1943.1,4506,False,0,2026-09-28 05:49:42.078546
a5c504,SKW479K ,United States,1790574574.0,1790574574,-102.0597,40.4405,8732.52,False,217.41,63.43,1.3,,9144.0,1424,False,0,2026-09-28 05:49:42.078546
484f18,KLM56W  ,Kingdom of the Netherlands,1790574575.0,1790574575,3.3987,50.9984,8260.08,False,246.01,34.52,-8.45,,8587.74,1000,False,0,2026-09-28 05:49:42.078546
a34878,SKW4100 ,United States,1790574574.0,1790574574,-122.319,47.2805,1036.32,False,95.17,0.0,-5.2,,1043.94,3222,False,0,2026-09-28 05:49:42.078546
4676d8,,Finland,1790574292.0,1790574292,24.9538,60.3168,,True,10.8,225.0,,,,,False,0,2026-09-28 05:49:42.078546
781e49,CCA861  ,China,1790574422.0,1790574422,6.099,46.2288,,True,3.34,196.88,,,,3574,False,0,2026-09-28 05:49:42.078546
781e3f,CES5022 ,China,1790574517.0,1790574559,124.6509,37.3858,8427.72,False,198.14,268.36,0.33,,8801.1,4160,False,0,2026-09-28 05:49:42.078546
484f06,KLM85B  ,Kingdom of the Netherlands,1790574574.0,1790574575,2.6098,49.1911,3337.56,False,141.52,246.88,-5.2,,3528.06,1000,False,0,2026-09-28 05:49:42.078546
781e51,CSZ9402 ,China,1790574574.0,1790574574,112.6085,23.0621,5006.34,False,173.92,94.58,-5.85,,5318.76,,False,0,2026-09-28 05:49:42.078546
a2bec7,SWA3096 ,United States,1790574575.0,1790574575,-122.9124,46.2648,9189.72,False,216.04,325.48,-8.78,,9357.36,3221,False,0,2026-09-28 05:49:42.078546
ab3c0a,ASA628  ,United States,1790574428.0,1790574428,-122.3878,37.611,,True,0.64,28.12,,,,6645,False,0,2026-09-28 05:49:42.078546
750111,AXM384  ,Malaysia,1790574574.0,1790574574,103.1286,1.2887,9433.56,False,227.58,123.47,6.83,,10096.5,,False,0,2026-09-28 05:49:42.078546
780b1f,CSZ9366 ,China,1790574574.0,1790574574,113.207,22.0689,9174.48,False,241.11,245.95,0.0,,9822.18,0754,False,0,2026-09-28 05:49:42.078546
780b35,CES6844 ,China,1790574449.0,1790574449,115.1354,38.8148,8412.48,False,196.4,245.72,0.0,,8724.9,,False,0,2026-09-28 05:49:42.078546
780b2f,CSH820  ,China,1790574574.0,1790574574,121.8056,25.7649,8168.64,False,223.25,15.09,9.75,,8770.62,,False,0,2026-09-28 05:49:42.078546
780b2d,CES5610 ,China,1790574574.0,1790574574,123.1967,35.7604,9479.28,False,208.2,214.63,0.0,,9989.82,2573,False,0,2026-09-28 05:49:42.078546
738443,,Israel,1790574572.0,1790574572,34.8855,32.0,,True,2.06,120.94,,,,,False,0,2026-09-28 05:49:42.078546
a44240,DAL2447 ,United States,1790574574.0,1790574574,-115.2109,39.4753,11277.6,False,233.22,138.4,0.33,,11673.84,,False,0,2026-09-28 05:49:42.078546
738447,AIZ321  ,Israel,1790574565.0,1790574565,45.6484,41.2135,11277.6,False,249.09,109.3,0.0,,11727.18,5225,False,0,2026-09-28 05:49:42.078546
738446,AIZ165  ,Israel,1790574543.0,1790574574,34.1187,33.6766,7536.18,False,8.3,352.87,-7.8,,7879.08,3520,False,0,2026-09-28 05:49:42.078546
781e81,CSN318  ,China,1790574574.0,1790574575,117.4916,38.7783,3238.5,False,137.06,293.68,-2.28,,3329.94,,False,0,2026-09-28 05:49:42.078546
4bb101,THY2JS  ,Turkey,1790574574.0,1790574575,-7.2241,55.7951,11887.2,False,262.25,107.94,0.0,,11818.62,,False,0,2026-09-28 05:49:42.078546
4bb102,THY73G  ,Turkey,1790574574.0,1790574574,21.308,46.6696,10972.8,False,239.74,314.22,0.0,,11277.6,5373,False,0,2026-09-28 05:49:42.078546
7c75e1,PY1932  ,Australia,1790574574.0,1790574575,116.0332,-31.9031,335.28,False,68.03,239.56,-5.2,,327.66,3770,False,0,2026-09-28 05:49:42.078546
8a06b3,SJY581  ,Indonesia,1790574574.0,1790574574,107.1841,-5.9615,4511.04,False,167.19,270.0,-2.6,,4792.98,,False,0,2026-09-28 05:49:42.078546
89649d,ETD7MF  ,United Arab Emirates,1790574574.0,1790574574,14.3287,53.7301,10363.2,False,240.46,314.57,0.33,,10675.62,3270,False,0,2026-09-28 05:49:42.078546
8460b0,JAL908  ,Japan,1790574574.0,1790574575,140.0894,35.7259,1272.54,False,101.87,314.18,-0.33,,1318.26,3376,False,0,2026-09-28 05:49:42.078546
7c62a5,TRR     ,Australia,1790574575.0,1790574575,150.9011,-34.3327,914.4,False,54.41,220.01,0.0,,1104.9,1200,False,0,2026-09-28 05:49:42.078546
780b5d,CCA8690 ,China,1790574574.0,1790574574,118.8635,41.7404,8412.48,False,212.38,232.38,-0.33,,8580.12,,False,0,2026-09-28 05:49:42.078546
068099,UGD200  ,Uganda,1790574570.0,1790574570,36.9165,-1.3275,1546.86,False,73.98,53.77,-3.58,,1630.68,,False,0,2026-09-28 05:49:42.078546
780b5b,,China,,1790574424,,,,False,216.13,345.1,0.0,,,,False,0,2026-09-28 05:49:42.078546
a44213,UAL8294 ,United States,1790574574.0,1790574574,-110.3224,33.9858,8290.56,False,249.07,71.45,10.08,,8740.14,,False,0,2026-09-28 05:49:42.078546
a44211,UAL1007 ,United States,1790574574.0,1790574574,-122.3981,47.0658,2156.46,False,138.98,29.98,-6.83,,2202.18,1710,False,0,2026-09-28 05:49:42.078546
4aa354,HWS08   ,Sweden,1790574473.0,1790574473,16.7195,59.0598,45.72,False,28.67,260.71,-1.3,,175.26,,False,0,2026-09-28 05:49:42.078546
3965a6,,France,1790574547.0,1790574547,36.2834,-3.9854,10058.4,False,256.77,137.84,0.0,,10713.72,,False,0,2026-09-28 05:49:42.078546
aad213,AAL953  ,United States,1790574571.0,1790574571,-77.5388,26.514,10058.4,False,238.05,176.78,0.0,,10614.66,,False,0,2026-09-28 05:49:42.078546
841ff4,JAL319  ,Japan,1790574553.0,1790574553,130.2798,33.8549,1661.16,False,105.35,238.17,-4.23,,1836.42,4631,False,0,2026-09-28 05:49:42.078546
683297,VSV783  ,Kazakhstan,1790574574.0,1790574574,81.09,50.2091,7010.4,False,197.39,109.8,-5.2,,7162.8,,False,0,2026-09-28 05:49:42.078546
e48f69,TAM8119 ,Brazil,1790574574.0,1790574574,-55.7927,-34.2849,5059.68,False,208.15,30.11,12.03,,5250.18,,False,0,2026-09-28 05:49:42.078546
aa2bc4,UAL2395 ,United States,1790574392.0,1790574463,-117.2046,32.7339,,True,0.0,87.19,,,,0363,False,0,2026-09-28 05:49:42.078546
3475da,VLG3HK  ,Spain,1790574575.0,1790574575,-13.807,28.9901,9669.78,False,222.78,55.06,6.5,,10218.42,,False,0,2026-09-28 05:49:42.078546
a38ad5,JBU2066 ,United States,1790574490.0,1790574490,-71.022,42.3732,,True,0.26,227.81,,,,,False,0,2026-09-28 05:49:42.078546
a4b470,DAL42   ,United States,1790574574.0,1790574575,-9.5027,51.4803,12192.0,False,258.14,116.26,0.0,,12252.96,1140,False,0,2026-09-28 05:49:42.078546
c023c9,ACA23   ,Canada,1790574571.0,1790574571,144.3365,36.7954,10972.8,False,220.32,249.07,0.33,,11597.64,,False,0,2026-09-28 05:49:42.078546
45b86f,SUS1445 ,Denmark,1790574574.0,1790574574,4.9878,44.5907,9144.0,False,193.34,20.07,-0.98,,9578.34,1000,False,0,2026-09-28 05:49:42.078546
c023bd,ACA892  ,Canada,1790574574.0,1790574574,0.4111,46.5864,11277.6,False,248.29,112.15,0.0,,11658.6,0533,False,0,2026-09-28 05:49:42.078546
485ecd,KLM836  ,Kingdom of the Netherlands,1790574183.0,1790574574,11.9164,48.4388,9753.6,False,265.78,318.85,0.0,,10713.72,3261,False,0,2026-09-28 05:49:42.078546
c023aa,ACA42   ,Canada,1790574575.0,1790574575,-6.3314,51.9681,10058.4,False,258.97,102.74,0.0,,10157.46,4633,False,0,2026-09-28 05:49:42.078546
c023b7,ACA5    ,Canada,1790574574.0,1790574574,140.3628,35.7819,152.4,False,76.32,149.63,-3.9,,152.4,3633,False,0,2026-09-28 05:49:42.078546
3475d9,VLG4UD  ,Spain,1790574575.0,1790574575,-10.0119,35.8634,11269.98,False,207.78,218.06,0.0,,11750.04,2660,False,0,2026-09-28 05:49:42.078546
a009a4,AAL300  ,United States,1790574573.0,1790574573,-104.482,36.5482,8534.4,False,223.63,259.93,0.0,,9006.84,2734,False,0,2026-09-28 05:49:42.078546
683274,VSV5241 ,Kazakhstan,1790574574.0,1790574574,33.7603,34.8027,10363.2,False,256.39,10.52,-0.33,,10767.06,6121,False,0,2026-09-28 05:49:42.078546
ac2567,AAL70   ,United States,1790574574.0,1790574575,-2.7599,51.0141,12489.18,False,276.95,85.95,0.0,,12694.92,2006,False,0,2026-09-28 05:49:42.078546
acced9,AAL1188 ,United States,1790574574.0,1790574574,-100.8656,34.7755,11887.2,False,280.22,116.61,0.0,,12534.9,3324,False,0,2026-09-28 05:49:42.078546
781f03,CSG2522 ,China,1790574573.0,1790574574,-116.3394,43.636,10972.8,False,248.13,313.99,0.0,,11209.02,2300,False,0,2026-09-28 05:49:42.078546
4064bb,EXS1DC  ,United Kingdom,1790574574.0,1790574574,-1.211,51.8934,7840.98,False,205.14,161.43,10.4,,8039.1,2032,False,0,2026-09-28 05:49:42.078546
a64da8,N505MT  ,United States,1790574366.0,1790574370,-101.8465,33.6434,1082.04,False,39.06,40.19,-0.98,,1089.66,,False,0,2026-09-28 05:49:42.078546
4bb055,THY6PT  ,Turkey,1790574575.0,1790574575,28.9455,41.2608,3688.08,False,168.79,186.48,6.5,,3802.38,0751,False,0,2026-09-28 05:49:42.078546
e80492,TAM8078 ,Chile,1790574575.0,1790574575,-10.0207,38.0611,11582.4,False,263.49,43.26,0.0,,12024.36,6267,False,0,2026-09-28 05:49:42.078546
3c49c8,EWG7J   ,Germany,1790574574.0,1790574574,2.437,41.349,1135.38,False,117.79,30.15,-6.18,,1295.4,0636,False,0,2026-09-28 05:49:42.078546
45b870,SUS1331 ,Denmark,1790574575.0,1790574575,10.0182,47.9454,7429.5,False,176.59,227.48,6.83,,7810.5,1000,False,0,2026-09-28 05:49:42.078546
3c49cc,EWG3KF  ,Germany,1790574575.0,1790574575,7.8213,50.5086,7863.84,False,215.93,150.14,5.85,,8229.6,0134,False,0,2026-09-28 05:49:42.078546
8964fb,ETD53M  ,United Arab Emirates,1790574574.0,1790574574,7.4681,57.865,10972.8,False,242.1,312.67,-0.33,,11209.02,3460,False,0,2026-09-28 05:49:42.078546
4bb068,THY2LP  ,Turkey,1790574574.0,1790574575,26.1351,45.5581,10972.8,False,231.72,315.09,0.0,,11239.5,5374,False,0,2026-09-28 05:49:42.078546
8964fa,ETD6PX  ,United Arab Emirates,1790574574.0,1790574574,34.2834,35.6574,12496.8,False,252.62,138.72,-0.33,,12938.76,5210,False,0,2026-09-28 05:49:42.078546
4bb069,THY2XS  ,Turkey,1790574574.0,1790574574,18.0502,48.5822,10972.8,False,215.92,309.68,0.0,,11361.42,5316,False,0,2026-09-28 05:49:42.078546
4bb066,THY2YM  ,Turkey,1790574574.0,1790574575,28.7108,41.0967,906.78,False,69.97,359.58,0.0,,975.36,6010,False,0,2026-09-28 05:49:42.078546
3c49d5,EWG5MJ  ,Germany,1790574575.0,1790574575,13.4263,52.3354,152.4,False,71.17,68.81,-3.9,,281.94,1000,False,0,2026-09-28 05:49:42.078546
8964fe,ETD5H3  ,United Arab Emirates,1790574519.0,1790574519,-3.5491,40.4864,541.02,False,56.49,322.4,0.33,,640.08,1000,False,0,2026-09-28 05:49:42.078546
8964fd,ETD4AJ  ,United Arab Emirates,1790574575.0,1790574575,8.6909,50.0649,480.06,False,86.76,249.52,-5.2,,601.98,3224,False,0,2026-09-28 05:49:42.078546
3c49d4,EWG93FL ,Germany,1790574575.0,1790574575,1.0836,44.1214,10668.0,False,207.6,236.62,0.0,,11102.34,0633,False,0,2026-09-28 05:49:42.078546
8964d1,FDB209  ,United Arab Emirates,1790574574.0,1790574575,53.2883,25.6408,9944.1,False,215.24,284.53,7.8,,10500.36,6212,False,0,2026-09-28 05:49:42.078546
8964bf,ETD26N  ,United Arab Emirates,1790574574.0,1790574574,10.1363,45.6493,7277.1,False,202.18,270.29,-16.58,,7650.48,5526,False,0,2026-09-28 05:49:42.078546
3965af,AFR5U   ,France,1790574574.0,1790574574,2.5202,48.9905,243.84,False,73.31,85.17,-3.9,,365.76,6341,False,0,2026-09-28 05:49:42.078546
8964be,ETD3MB  ,United Arab Emirates,1790574574.0,1790574574,52.329,26.0214,10172.7,False,235.82,296.29,2.28,,10759.44,1727,False,0,2026-09-28 05:49:42.078546
c07f39,WEN3414 ,Canada,1790574573.0,1790574574,-123.0337,49.2998,2705.1,False,108.61,358.1,11.7,,2735.58,0702,False,0,2026-09-28 05:49:42.078546
4bb029,TKJ5294 ,Turkey,1790574574.0,1790574574,27.581,37.9693,7970.52,False,190.91,358.61,8.78,,8206.74,,False,0,2026-09-28 05:49:42.078546
4bb026,TKJ5QY  ,Turkey,1790574574.0,1790574574,27.999,40.7902,8549.64,False,218.83,272.43,9.1,,8801.1,5307,False,0,2026-09-28 05:49:42.078546
c07f47,WEN3611 ,Canada,1790574574.0,1790574574,-114.3391,51.2088,4198.62,False,136.82,313.48,8.45,,4236.72,,False,0,2026-09-28 05:49:42.078546
4064a4,TOM3VN  ,United Kingdom,1790574574.0,1790574575,0.1491,49.2885,11277.6,False,199.93,167.22,0.0,,11590.02,1174,False,0,2026-09-28 05:49:42.078546
a129b0,SKW3356 ,United States,1790574574.0,1790574575,-116.7283,34.0213,4122.42,False,186.78,107.64,-7.8,,4267.2,7212,False,0,2026-09-28 05:49:42.078546
4077d4,VIR6J   ,United Kingdom,1790574575.0,1790574575,-0.618,51.1877,2735.58,False,144.93,42.41,-5.2,,2857.5,1254,False,0,2026-09-28 05:49:42.078546
8964e0,EFC63D  ,United Arab Emirates,,1790574562,,,,False,74.6,241.14,-0.33,,,,False,0,2026-09-28 05:49:42.078546
4077bb,EXS1RE  ,United Kingdom,1790574574.0,1790574575,-2.9475,52.4521,10820.4,False,188.08,183.29,4.23,,10995.66,5245,False,0,2026-09-28 05:49:42.078546
8964e2,UAE83M  ,United Arab Emirates,1790574572.0,1790574574,53.5726,25.5737,6743.7,False,237.21,284.7,6.18,,7117.08,0566,False,0,2026-09-28 05:49:42.078546
781f45,CES267  ,China,1790574385.0,1790574385,126.4428,37.4554,,True,0.0,143.44,,,,4750,False,0,2026-09-28 05:49:42.078546
4bb044,THY5SF  ,Turkey,1790574573.0,1790574574,28.8023,41.3518,1417.32,False,115.99,28.04,19.18,,1463.04,1011,False,0,2026-09-28 05:49:42.078546
780c10,RLH5302 ,China,1790574574.0,1790574574,113.2991,22.1596,7193.28,False,205.01,248.2,0.0,,7680.96,3167,False,0,2026-09-28 05:49:42.078546
c07f32,WEN3538 ,Canada,1790574549.0,1790574551,-114.0194,51.131,,True,0.51,270.0,,,,,False,0,2026-09-28 05:49:42.078546
4077c4,LNX12MO ,United Kingdom,1790574575.0,1790574575,-95.4952,40.1763,12496.8,False,264.71,73.75,-0.33,,13030.2,2624,False,0,2026-09-28 05:49:42.078546
750148,AXM5433 ,Malaysia,1790574469.0,1790574470,100.4582,4.8672,3642.36,False,191.19,348.36,-10.73,,3909.06,,False,0,2026-09-28 05:49:42.078546
8964e9,EFC73M  ,United Arab Emirates,1790574289.0,1790574289,55.7873,24.9317,822.96,False,62.05,40.29,0.0,,800.1,6043,False,0,2026-09-28 05:49:42.078546
780c17,CSH9478 ,China,1790574573.0,1790574573,116.0886,38.9775,9479.28,False,270.88,59.78,0.0,,9822.18,,False,0,2026-09-28 05:49:42.078546
781f46,,China,1790574575.0,1790574575,103.9826,1.348,,True,1.03,300.94,,,,,False,0,2026-09-28 05:49:42.078546
00b08b,SFR810  ,South Africa,1790574572.0,1790574574,28.7195,-23.6268,11277.6,False,241.76,19.13,0.0,,11879.58,,False,0,2026-09-28 05:49:42.078546
e8043b,LPE2484 ,Chile,1790574566.0,1790574574,-68.2449,-3.5259,10660.38,False,260.11,45.56,-0.33,,11399.52,,False,0,2026-09-28 05:49:42.078546
00b08a,SFR200  ,South Africa,1790574573.0,1790574573,19.7017,-33.034,8359.14,False,196.8,225.11,-11.7,,8702.04,,False,0,2026-09-28 05:49:42.078546
00b097,SFR276  ,South Africa,1790574575.0,1790574575,28.7959,-27.1265,9083.04,False,233.27,131.42,8.78,,9547.86,,False,0,2026-09-28 05:49:42.078546
00b098,SFR388  ,South Africa,1790574565.0,1790574571,28.6889,-27.4924,9570.72,False,234.28,159.3,7.8,,10050.78,,False,0,2026-09-28 05:49:42.078546
e80450,LAN705  ,Chile,1790574574.0,1790574574,-45.743,-4.9432,11574.78,False,243.85,219.26,0.0,,12298.68,,False,0,2026-09-28 05:49:42.078546
8008d4,FLW ME 1,India,1790574574.0,1790574574,88.4469,22.6495,,True,6.43,39.38,,,,,False,0,2026-09-28 05:49:42.078546
4c808f,CYP31A  ,Cyprus,1790574574.0,1790574575,30.1969,35.5789,11582.4,False,204.19,294.56,0.0,,11963.4,6006,False,0,2026-09-28 05:49:42.078546
00b091,SFR293  ,South Africa,1790574558.0,1790574572,20.3409,-33.0207,10187.94,False,254.63,48.03,6.18,,10530.84,,False,0,2026-09-28 05:49:42.078546
c02494,WJA195  ,Canada,1790574574.0,1790574574,-114.0693,50.9761,2438.4,False,133.29,271.55,7.8,,2446.02,,False,0,2026-09-28 05:49:42.078546
89664b,ABY385  ,United Arab Emirates,1790574574.0,1790574574,55.3231,25.4438,670.56,False,110.16,302.8,0.0,,640.08,1753,False,0,2026-09-28 05:49:42.078546
88596d,TVJ568  ,Thailand,1790574574.0,1790574574,120.4909,24.3291,6949.44,False,189.05,17.74,-6.5,,7452.36,,False,0,2026-09-28 05:49:42.078546
781dba,CSN3650 ,China,1790574573.0,1790574573,113.2965,22.973,3604.26,False,142.9,117.67,-0.65,,3802.38,,False,0,2026-09-28 05:49:42.078546
a70174,N550WW  ,United States,1790574574.0,1790574575,-105.328,39.8316,6111.24,False,204.99,296.37,13.0,,6400.8,3250,False,0,2026-09-28 05:49:42.078546
89664c,ETD404  ,United Arab Emirates,1790574574.0,1790574574,100.0295,14.4264,5181.6,False,178.84,77.2,-1.95,,5455.92,0365,False,0,2026-09-28 05:49:42.078546
e8045c,LNE1453 ,Chile,1790574574.0,1790574575,-73.664,40.6162,1150.62,False,129.82,151.61,16.26,,1082.04,2647,False,0,2026-09-28 05:49:42.078546
780aa3,CPA749  ,China,1790574575.0,1790574575,29.3997,-25.7807,8039.1,False,190.55,255.14,-8.45,,8473.44,,False,0,2026-09-28 05:49:42.078546
896623,UAE101  ,United Arab Emirates,1790574560.0,1790574561,16.6846,42.8511,12192.0,False,240.03,297.99,0.0,,12588.24,0526,False,0,2026-09-28 05:49:42.078546
780aa7,CRK113  ,China,1790574574.0,1790574574,114.8679,22.4035,3573.78,False,191.38,269.69,-10.08,,3825.24,,False,0,2026-09-28 05:49:42.078546
896625,UAE310  ,United Arab Emirates,1790574382.0,1790574382,98.723,23.3102,10668.0,False,237.12,69.95,0.0,,11346.18,6203,False,0,2026-09-28 05:49:42.078546
40787b,TOM183  ,United Kingdom,1790574574.0,1790574574,-11.9043,52.5972,11887.2,False,270.08,73.74,0.0,,11887.2,7650,False,0,2026-09-28 05:49:42.078546
484c9b,TRA81J  ,Kingdom of the Netherlands,1790574574.0,1790574575,2.8416,43.5439,11887.2,False,226.97,174.28,0.0,,12344.4,1000,False,0,2026-09-28 05:49:42.078546
4bb074,THY9XN  ,Turkey,1790574574.0,1790574574,20.9659,49.4859,10972.8,False,217.48,329.43,0.0,,11323.32,5347,False,0,2026-09-28 05:49:42.078546
e80472,TAM8187 ,Chile,1790574529.0,1790574529,-60.0306,9.6852,10668.0,False,259.18,142.74,0.0,,11338.56,,False,0,2026-09-28 05:49:42.078546
4bb070,THY22B  ,Turkey,1790574575.0,1790574575,31.2808,32.3461,10972.8,False,235.58,354.74,0.0,,11483.34,,False,0,2026-09-28 05:49:42.078546
40787a,TOM055  ,United Kingdom,1790574574.0,1790574574,-4.0703,50.4597,10972.8,False,257.42,76.71,0.33,,11186.16,6021,False,0,2026-09-28 05:49:42.078546
89661e,UAE5GE  ,United Arab Emirates,1790574237.0,1790574482,50.839,26.1672,175.26,False,72.64,302.56,-3.25,,190.5,6233,False,0,2026-09-28 05:49:42.078546
e8046d,TAM8132 ,Chile,1790574575.0,1790574575,-17.2965,34.702,11879.58,False,237.82,38.85,0.0,,12466.32,,False,0,2026-09-28 05:49:42.078546
781de8,CES2874 ,China,1790574574.0,1790574574,101.0975,22.1249,6256.02,False,195.27,29.0,7.8,,,,False,0,2026-09-28 05:49:42.078546
780ab7,CPA841  ,China,1790574574.0,1790574574,113.9215,22.3312,,True,5.66,160.31,,,,3035,False,0,2026-09-28 05:49:42.078546
a4fc00,DAL16   ,United States,1790574574.0,1790574574,-0.0978,51.4649,1234.44,False,96.88,273.35,-4.55,,1341.12,7667,False,0,2026-09-28 05:49:42.078546
781de5,CES231  ,China,1790574575.0,1790574575,-4.5232,55.0946,11437.62,False,206.65,218.13,-5.2,,11353.8,4216,False,0,2026-09-28 05:49:42.078546
4bb06d,THY5XV  ,Turkey,1790574574.0,1790574574,20.6116,46.2135,10972.8,False,221.73,307.27,0.0,,11315.7,5372,False,0,2026-09-28 05:49:42.078546
a4c6b3,ASA639  ,United States,1790574520.0,1790574528,-110.9594,44.4362,10058.4,False,235.82,116.29,0.0,,10332.72,3572,False,0,2026-09-28 05:49:42.078546
4bb06c,THY538  ,Turkey,1790574574.0,1790574574,15.1294,35.6307,10668.0,False,243.46,50.66,0.0,,11109.96,4102,False,0,2026-09-28 05:49:42.078546
896639,,United Arab Emirates,1790574524.0,1790574524,55.5973,24.7007,670.56,False,85.89,240.98,0.0,,647.7,,False,0,2026-09-28 05:49:42.078546
780ab8,CPA319  ,China,1790574544.0,1790574544,120.3224,25.5323,12222.48,False,260.31,217.21,0.0,,13068.3,,False,0,2026-09-28 05:49:42.078546
40653a,EZY29PG ,United Kingdom,1790574541.0,1790574541,-0.169,51.1529,,True,0.45,78.75,,,,,False,0,2026-09-28 05:49:42.078546
40653e,EZY83DY ,United Kingdom,1790574575.0,1790574575,8.3413,48.968,11887.2,False,222.81,139.03,0.0,,12306.3,7302,False,0,2026-09-28 05:49:42.078546
8008c6,FLW ME 4,India,1790574573.0,1790574573,88.4504,22.6751,,True,8.23,30.94,,,,,False,0,2026-09-28 05:49:42.078546
89662b,ETD72W  ,United Arab Emirates,1790574574.0,1790574574,-5.3083,53.6797,3436.62,False,140.96,270.21,-6.83,,3528.06,3124,False,0,2026-09-28 05:49:42.078546
346398,IBB37VK ,Spain,1790574574.0,1790574575,-5.5306,37.8794,11277.6,False,198.37,216.99,0.0,,11742.42,2622,False,0,2026-09-28 05:49:42.078546
780ac5,HKE111  ,China,1790574268.0,1790574272,121.2416,25.0802,,True,0.39,50.62,,,,,False,0,2026-09-28 05:49:42.078546
896608,,United Arab Emirates,1790574493.0,1790574497,55.9416,22.8724,9197.34,False,232.74,352.0,-2.6,,9723.12,,False,0,2026-09-28 05:49:42.078546
a5d45d,ASA1216 ,United States,1790574531.0,1790574541,-157.5199,21.0764,3909.06,False,153.06,114.84,2.28,,4152.9,,False,0,2026-09-28 05:49:42.078546
896605,FDB1    ,United Arab Emirates,1790574484.0,1790574499,51.5988,25.2705,60.96,True,39.1,337.5,,,,6205,False,0,2026-09-28 05:49:42.078546
a356f6,AAL3069 ,United States,1790574574.0,1790574574,-90.4382,38.9079,990.6,False,122.48,238.05,-3.25,,1028.7,1321,False,0,2026-09-28 05:49:42.078546
896604,FDB884  ,United Arab Emirates,1790574574.0,1790574575,51.1587,26.7542,8229.6,False,231.86,109.44,0.0,,8702.04,3112,False,0,2026-09-28 05:49:42.078546
780abb,CPA184  ,China,1790574574.0,1790574574,115.3994,6.3332,12496.8,False,243.1,19.66,0.0,,13327.38,,False,0,2026-09-28 05:49:42.078546
e80416,ARE4909 ,Chile,1790574575.0,1790574575,-77.7814,-11.2924,6583.68,False,210.26,321.76,5.53,,7040.88,,False,0,2026-09-28 05:49:42.078546
e80412,LPE2165 ,Chile,1790574574.0,1790574574,-76.4519,-8.8774,11582.4,False,225.7,206.97,0.0,,12374.88,,False,0,2026-09-28 05:49:42.078546
7c7891,JST414  ,Australia,1790574575.0,1790574575,152.689,-30.6896,9448.8,False,255.54,20.26,0.0,,9730.74,1256,False,0,2026-09-28 05:49:42.078546
896618,UAE9817 ,United Arab Emirates,1790574574.0,1790574574,91.3296,22.3157,8534.4,False,276.04,277.5,0.0,,9083.04,7046,False,0,2026-09-28 05:49:42.078546
346385,AEA023  ,Spain,1790574512.0,1790574512,-40.3837,-2.4119,10972.8,False,259.07,210.03,0.0,,11681.46,,False,0,2026-09-28 05:49:42.078546
346384,AEA041  ,Spain,1790574386.0,1790574386,-41.4467,-4.2587,11582.4,False,258.18,210.14,-0.33,,12313.92,,False,0,2026-09-28 05:49:42.078546
e8040b,LPE2480 ,Chile,1790574574.0,1790574574,-78.2183,-10.0967,10370.82,False,232.83,346.46,0.0,,11079.48,,False,0,2026-09-28 05:49:42.078546
896616,UAE9881 ,United Arab Emirates,1790574574.0,1790574575,55.0835,24.9395,434.34,False,83.99,120.96,-3.9,,381.0,4716,False,0,2026-09-28 05:49:42.078546
a356db,DAL1287 ,United States,1790574574.0,1790574574,-101.6368,31.2378,10668.0,False,264.95,101.88,0.65,,11338.56,2232,False,0,2026-09-28 05:49:42.078546
89660d,FDB502  ,United Arab Emirates,1790574574.0,1790574574,71.2552,22.8715,10972.8,False,226.58,260.99,0.0,,11628.12,,False,0,2026-09-28 05:49:42.078546
885972,TVJ351  ,Thailand,1790574455.0,1790574458,100.9772,14.277,2301.24,False,97.35,247.64,-4.88,,2385.06,,False,0,2026-09-28 05:49:42.078546
345042,VLG8BA  ,Spain,1790574574.0,1790574574,-0.6674,39.3777,10660.38,False,210.41,232.85,0.0,,11163.3,0245,False,0,2026-09-28 05:49:42.078546
345043,VLG46AX ,Spain,1790574574.0,1790574574,1.0851,40.9624,6858.0,False,202.98,266.95,6.18,,7231.38,,False,0,2026-09-28 05:49:42.078546
7c7889,JST909  ,Australia,1790574313.0,1790574320,149.0166,-22.2286,10668.0,False,230.66,144.71,-0.33,,11186.16,,False,0,2026-09-28 05:49:42.078546
7c7888,JST936  ,Australia,1790574574.0,1790574575,152.9907,-27.4936,2110.74,False,138.12,288.23,18.86,,2263.14,2575,False,0,2026-09-28 05:49:42.078546
7c7887,JST290  ,Australia,1790574511.0,1790574511,174.8102,-41.3285,,True,0.45,45.0,,,,,False,0,2026-09-28 05:49:42.078546
7c7886,JST518  ,Australia,1790574574.0,1790574574,150.4577,-34.267,4655.82,False,213.83,61.71,-12.35,,4876.8,3625,False,0,2026-09-28 05:49:42.078546
7c7885,JST651  ,Australia,1790574574.0,1790574574,149.4016,-32.9636,10058.4,False,262.53,9.02,0.0,,10325.1,1262,False,0,2026-09-28 05:49:42.078546
e8041e,LPE2364 ,Chile,1790574558.0,1790574558,-76.9469,-13.3534,7711.44,False,209.12,163.13,1.63,,8244.84,,False,0,2026-09-28 05:49:42.078546
34768e,VLG9GD  ,Spain,1790574575.0,1790574575,0.4005,46.6426,10972.8,False,251.24,26.25,0.33,,11346.18,1000,False,0,2026-09-28 05:49:42.078546
39a2e3,CCM32KY ,France,1790574575.0,1790574575,6.8997,44.1905,10363.2,False,227.54,328.97,0.0,,10820.4,1000,False,0,2026-09-28 05:49:42.078546
34768f,VLG652J ,Spain,1790574574.0,1790574574,-14.5909,29.1046,8801.1,False,220.25,32.02,6.83,,9311.64,,False,0,2026-09-28 05:49:42.078546
39a2e1,FPO741  ,France,1790574574.0,1790574574,8.4942,48.9202,11277.6,False,234.85,123.66,0.0,,11696.7,7560,False,0,2026-09-28 05:49:42.078546
484c5a,TRA3Z   ,Kingdom of the Netherlands,1790574574.0,1790574574,1.1577,44.9836,11887.2,False,214.9,191.04,0.33,,12291.06,1000,False,0,2026-09-28 05:49:42.078546
34768c,VLG84AR ,Spain,1790574574.0,1790574574,-13.8483,30.1333,10363.2,False,220.8,32.25,-0.33,,10934.7,,False,0,2026-09-28 05:49:42.078546
4a52e7,YRTWG   ,Romania,1790574574.0,1790574575,25.5352,45.6927,845.82,False,41.03,59.9,-1.63,,990.6,,False,0,2026-09-28 05:49:42.078546
885963,TVJ207  ,Thailand,1790574411.0,1790574411,100.9081,14.2317,1805.94,False,98.31,213.69,-6.18,,2110.74,,False,0,2026-09-28 05:49:42.078546
a4b49c,FFT4683 ,United States,1790574574.0,1790574574,-109.6742,35.0013,11582.4,False,188.92,284.83,0.0,,12237.72,2473,False,0,2026-09-28 05:49:42.078546
347696,VLG1JR  ,Spain,1790574574.0,1790574575,-7.3269,38.9226,10058.4,False,207.42,195.24,0.0,,10485.12,2670,False,0,2026-09-28 05:49:42.078546
347695,VLG39SF ,Spain,1790574574.0,1790574575,2.5673,41.1447,5699.76,False,203.37,59.61,13.0,,6035.04,1000,False,0,2026-09-28 05:49:42.078546
780af9,B8203   ,China,1790574575.0,1790574575,71.376,22.8565,12192.0,False,244.38,264.69,0.0,,12893.04,,False,0,2026-09-28 05:49:42.078546
484c50,KLC1184 ,Kingdom of the Netherlands,1790574468.0,1790574468,4.7385,52.3144,,True,20.58,182.81,,,,0753,False,0,2026-09-28 05:49:42.078546
484c51,KLM47C  ,Kingdom of the Netherlands,1790574574.0,1790574574,11.5579,50.0939,9121.14,False,222.44,99.05,-10.4,,9525.0,1000,False,0,2026-09-28 05:49:42.078546
485f82,KLM282  ,Kingdom of the Netherlands,1790574574.0,1790574574,-2.9427,53.8181,12192.0,False,259.49,107.9,0.33,,12291.06,6257,False,0,2026-09-28 05:49:42.078546
347690,VLG247T ,Spain,1790574574.0,1790574574,-0.6301,39.5183,1600.2,False,121.12,208.96,15.28,,1737.36,,False,0,2026-09-28 05:49:42.078546
4780c8,SAS4008 ,Norway,1790574574.0,1790574574,11.0639,60.3402,990.6,False,98.94,139.85,-5.53,,1051.56,,False,0,2026-09-28 05:49:42.078546
e8042c,ARE4087 ,Chile,1790574574.0,1790574574,-74.9952,4.5868,6705.6,False,183.19,282.98,0.33,,7178.04,,False,0,2026-09-28 05:49:42.078546
e48f12,TAM3669 ,Brazil,1790574556.0,1790574556,-52.3145,-13.6482,11879.58,False,221.51,118.89,-0.33,,12618.72,,False,0,2026-09-28 05:49:42.078546
4780c4,SAR6    ,Norway,1790574530.0,1790574532,4.5324,60.4022,601.98,False,62.72,277.07,0.0,,655.32,,False,0,2026-09-28 05:49:42.078546
4780c7,SAS7325 ,Norway,1790574574.0,1790574574,17.636,49.3629,11269.98,False,243.59,169.78,0.0,,11666.22,4533,False,0,2026-09-28 05:49:42.078546
e80444,LAN503  ,Chile,1790574416.0,1790574416,-77.0666,-15.5778,11887.2,False,258.55,165.24,-0.33,,12664.44,,False,0,2026-09-28 05:49:42.078546
4b1e5a,,Switzerland,,1790574445,,,,False,227.11,18.76,0.0,,,,False,0,2026-09-28 05:49:42.078546
484c52,KLM1660 ,Kingdom of the Netherlands,1790574290.0,1790574326,4.7399,52.3301,-30.48,False,55.13,183.21,-0.33,,60.96,1000,False,0,2026-09-28 05:49:42.078546
484c53,KLM49K  ,Kingdom of the Netherlands,1790574492.0,1790574500,10.0022,53.6289,,True,0.0,120.94,,,,0153,False,0,2026-09-28 05:49:42.078546
484c59,TRA53L  ,Kingdom of the Netherlands,1790574574.0,1790574574,2.3505,48.2748,12496.8,False,214.56,175.88,0.0,,12839.7,1000,False,0,2026-09-28 05:49:42.078546
89659d,ABY816  ,United Arab Emirates,1790574574.0,1790574574,67.9121,22.9577,10668.0,False,251.05,89.88,0.0,,11300.46,,False,0,2026-09-28 05:49:42.078546
89659a,A6AWV   ,United Arab Emirates,1790574573.0,1790574574,53.0777,24.83,213.36,False,57.65,302.98,0.0,,144.78,1122,False,0,2026-09-28 05:49:42.078546
447c8c,        ,Austria,1790574571.0,1790574571,16.5833,48.1015,,True,10.29,157.5,,,,,False,0,2026-09-28 05:49:42.078546
aa93c9,UAL120  ,United States,1790574573.0,1790574574,0.9787,41.6674,6690.36,False,183.7,99.67,-6.18,,7048.5,4042,False,0,2026-09-28 05:49:42.078546
ab5f6a,SWA4691 ,United States,1790574574.0,1790574574,-112.1966,38.7796,11582.4,False,190.99,262.42,0.0,,12070.08,1410,False,0,2026-09-28 05:49:42.078546
a1f0d8,N224LA  ,United States,1790574574.0,1790574575,-118.321,33.9764,144.78,False,23.1,348.44,0.0,,99.06,0262,False,0,2026-09-28 05:49:42.078546
461f9b,FIN52V  ,Finland,1790572624.0,1790574574,21.8351,58.5317,10363.2,False,226.76,226.93,4.88,,10462.26,7675,False,0,2026-09-28 05:49:42.078546
461f9c,FIN1KY  ,Finland,1790570742.0,1790574573,24.6524,59.9049,10972.8,False,183.23,190.68,11.38,,,4503,False,0,2026-09-28 05:49:42.078546
34644e,IBS1711 ,Spain,1790574574.0,1790574574,2.8283,41.187,8382.0,False,203.67,102.84,-4.55,,8808.72,1000,False,0,2026-09-28 05:49:42.078546
461f9d,FIN4EA  ,Finland,1790574574.0,1790574574,15.9491,59.7463,10972.8,False,204.91,259.0,0.0,,11231.88,1404,False,0,2026-09-28 05:49:42.078546
34644b,IBS15HN ,Spain,1790574575.0,1790574575,-9.2258,36.9288,10668.0,False,215.31,213.99,0.0,,11117.58,2606,False,0,2026-09-28 05:49:42.078546
ab5f87,SWA2201 ,United States,1790574574.0,1790574574,-98.3643,38.5708,11887.2,False,252.49,74.52,0.33,,12435.84,1333,False,0,2026-09-28 05:49:42.078546
346458,IBE07YL ,Spain,1790574574.0,1790574574,4.9896,51.1909,10972.8,False,213.44,215.68,0.33,,11338.56,1131,False,0,2026-09-28 05:49:42.078546
461f6d,FIN7RX  ,Finland,1790574575.0,1790574575,12.8121,55.6127,3345.18,False,175.36,33.88,7.8,,3535.68,7405,False,0,2026-09-28 05:49:42.078546
896597,ETD14P  ,United Arab Emirates,1790574574.0,1790574574,-5.9009,33.6831,8054.34,False,189.8,243.43,-6.5,,8496.3,4021,False,0,2026-09-28 05:49:42.078546
c06aab,TSC376  ,Canada,1790574378.0,1790574381,-62.8832,50.0359,10050.78,False,239.21,68.29,0.0,,10469.88,0461,False,0,2026-09-28 05:49:42.078546
ada6b9,SKW5090 ,United States,1790574574.0,1790574574,-105.9976,42.9902,7932.42,False,217.71,342.68,-0.65,,8244.84,1444,False,0,2026-09-28 05:49:42.078546
484c24,KLC44P  ,Kingdom of the Netherlands,1790574575.0,1790574575,4.7565,52.5038,883.92,False,98.88,188.68,0.0,,982.98,1256,False,0,2026-09-28 05:49:42.078546
600864,AZQ6163 ,Azerbaijan,1790574422.0,1790574530,17.207,48.1693,,True,5.92,219.38,,,,2363,False,0,2026-09-28 05:49:42.078546
48af0e,LOT286  ,Poland,1790574574.0,1790574575,-0.1956,51.7399,2636.52,False,160.75,54.38,12.03,,2743.2,3413,False,0,2026-09-28 05:49:42.078546
48af0d,LOT4YP  ,Poland,1790574566.0,1790574571,17.9274,59.6463,,True,0.0,8.44,,,,,False,0,2026-09-28 05:49:42.078546
48af0b,LOT4CG  ,Poland,1790574574.0,1790574574,21.7133,50.8386,10782.3,False,216.1,359.05,-4.88,,11132.82,1153,False,0,2026-09-28 05:49:42.078546
c06aa4,JZA810  ,Canada,1790574572.0,1790574572,-122.3093,47.4466,,True,0.0,149.06,,,,4555,False,0,2026-09-28 05:49:42.078546
740823,RJA292  ,Jordan,1790574575.0,1790574575,-84.049,40.2702,11277.6,False,243.78,52.11,-0.33,,11689.08,2254,False,0,2026-09-28 05:49:42.078546
a76f6d,UAL1958 ,United States,1790574492.0,1790574492,-87.9079,41.9804,,True,4.63,8.44,,,,,False,0,2026-09-28 05:49:42.078546
a846d1,SKW541T ,United States,1790574575.0,1790574575,-105.2528,38.8476,6705.6,False,194.18,206.77,0.33,,7025.64,5113,False,0,2026-09-28 05:49:42.078546
ac36ef,SWA4525 ,United States,1790574574.0,1790574575,-114.9222,36.0559,1539.24,False,106.73,327.0,0.65,,1546.86,3350,False,0,2026-09-28 05:49:42.078546
345107,VLG3WA  ,Spain,1790574574.0,1790574575,2.259,41.086,3345.18,False,161.85,20.85,-7.48,,3596.64,6360,False,0,2026-09-28 05:49:42.078546
345108,VLG16TX ,Spain,1790574457.0,1790574457,-5.493,43.501,2659.38,False,117.46,257.61,-3.9,,2834.64,0251,False,0,2026-09-28 05:49:42.078546
3009b7,DLA6AF  ,Italy,1790574574.0,1790574574,9.5017,49.1706,6126.48,False,187.71,351.65,-4.88,,6446.52,1000,False,0,2026-09-28 05:49:42.078546
e80408,LNE1449 ,Chile,1790574552.0,1790574552,-79.1913,-6.384,10972.8,False,224.48,348.77,0.33,,11711.94,,False,0,2026-09-28 05:49:42.078546
406542,EZY35JL ,United Kingdom,1790574574.0,1790574574,1.721,50.8884,10668.0,False,221.85,127.75,0.0,,10995.66,7270,False,0,2026-09-28 05:49:42.078546
345101,VLG50NK ,Spain,1790574574.0,1790574575,6.6605,47.4746,11582.4,False,221.05,304.76,-0.33,,12001.5,2742,False,0,2026-09-28 05:49:42.078546
345102,VLG1494 ,Spain,1790574574.0,1790574574,7.1813,43.8256,10668.0,False,213.39,246.71,0.0,,11125.2,1000,False,0,2026-09-28 05:49:42.078546
89655b,UAE51N  ,United Arab Emirates,1790574446.0,1790574572,49.0734,27.1822,10363.2,False,227.1,299.29,0.0,,10972.8,0563,False,0,2026-09-28 05:49:42.078546
7a3855,,China,1790574409.0,1790574424,118.2237,42.1728,8869.68,False,224.58,64.49,0.0,,9014.46,,False,0,2026-09-28 05:49:42.078546
461f4c,FIN67   ,Finland,1790574574.0,1790574574,135.1001,34.5271,2133.6,False,143.74,40.65,-4.23,,2247.9,,False,0,2026-09-28 05:49:42.078546
461f4d,FIN47U  ,Finland,1790574574.0,1790574574,19.9222,58.9419,12192.0,False,235.72,236.93,0.33,,12466.32,7670,False,0,2026-09-28 05:49:42.078546
48af09,LOT6KB  ,Poland,1790574574.0,1790574574,8.6972,46.962,11277.6,False,234.91,62.76,0.0,,11734.8,1000,False,0,2026-09-28 05:49:42.078546
48af05,LOT2112 ,Poland,1790574574.0,1790574575,25.5487,45.2336,11582.4,False,230.5,321.16,-0.33,,11864.34,5256,False,0,2026-09-28 05:49:42.078546
60084d,AHY055  ,Azerbaijan,1790574360.0,1790574377,37.3297,39.5808,10972.8,False,199.0,228.56,0.65,,11300.46,1324,False,0,2026-09-28 05:49:42.078546
60084e,AHY075  ,Azerbaijan,1790574574.0,1790574574,40.1914,41.0538,10363.2,False,223.27,258.97,0.0,,10759.44,1320,False,0,2026-09-28 05:49:42.078546
461f67,FIN1AB  ,Finland,1790572559.0,1790574574,21.7375,58.483,10972.8,False,218.66,226.05,2.6,,11902.44,6505,False,0,2026-09-28 05:49:42.078546
48af01,LOT3LC  ,Poland,1790574574.0,1790574574,20.182,51.9529,4533.9,False,183.93,259.04,12.03,,4770.12,,False,0,2026-09-28 05:49:42.078546
48af00,LOT3TJ  ,Poland,1790574574.0,1790574574,19.7026,50.4863,9936.48,False,241.49,204.54,4.23,,10287.0,1000,False,0,2026-09-28 05:49:42.078546
44cc43,BEL8NV  ,Belgium,1790574574.0,1790574574,-0.2482,40.0909,8778.24,False,189.12,196.76,-6.83,,9220.2,1000,False,0,2026-09-28 05:49:42.078546
406539,EZY27VV ,United Kingdom,1790574574.0,1790574574,-3.6995,54.7299,10058.4,False,183.38,154.23,-0.33,,10119.36,1422,False,0,2026-09-28 05:49:42.078546
44cc42,BEL1WH  ,Belgium,1790574574.0,1790574574,16.9486,43.1141,11887.2,False,243.0,135.34,0.0,,12321.54,0116,False,0,2026-09-28 05:49:42.078546
461f64,FIN50A  ,Finland,1790574575.0,1790574575,18.001,59.7645,640.08,False,71.23,190.82,-3.9,,769.62,0245,False,0,2026-09-28 05:49:42.078546
461f65,FIN1HF  ,Finland,1790572770.0,1790574575,24.1571,58.6488,10949.94,False,246.96,189.84,6.18,,,4260,False,0,2026-09-28 05:49:42.078546
44cc41,BEL8CL  ,Belgium,1790574575.0,1790574575,6.1669,52.4257,10477.5,False,214.59,228.21,-4.88,,10843.26,1357,False,0,2026-09-28 05:49:42.078546
89655e,UAE261  ,United Arab Emirates,1790574574.0,1790574575,54.9358,24.8999,3413.76,False,177.84,176.35,3.58,,3589.02,0567,False,0,2026-09-28 05:49:42.078546
ad9f7f,AAL1931 ,United States,1790574574.0,1790574574,-109.6266,32.2465,10363.2,False,219.35,283.84,0.0,,10995.66,7212,False,0,2026-09-28 05:49:42.078546
461f62,FIN1897 ,Finland,1790570492.0,1790574570,24.483,59.6046,11277.6,False,1207.98,294.78,0.0,,,2230,False,0,2026-09-28 05:49:42.078546
406531,BAW99C  ,United Kingdom,1790574574.0,1790574574,9.2141,52.2659,10965.18,False,217.64,265.93,0.65,,11353.8,1373,False,0,2026-09-28 05:49:42.078546
44cc46,BEL76T  ,Belgium,1790574574.0,1790574574,2.4939,48.7335,10378.44,False,259.08,8.56,0.0,,10751.82,1000,False,0,2026-09-28 05:49:42.078546
89656d,ETD7NW  ,United Arab Emirates,1790574559.0,1790574563,74.9241,15.6996,11041.38,False,266.06,298.15,4.55,,11734.8,,False,0,2026-09-28 05:49:42.078546
461f5b,FIN1DH  ,Finland,1790572771.0,1790574575,24.5401,60.1091,13106.4,False,175.69,208.89,14.63,,3962.4,4547,False,0,2026-09-28 05:49:42.078546
34640e,IBE6117 ,Spain,1790574571.0,1790574575,-45.3978,-5.1271,10972.8,False,253.41,213.24,0.0,,11658.6,,False,0,2026-09-28 05:49:42.078546
896585,ADY730  ,United Arab Emirates,1790574568.0,1790574568,54.7535,24.2826,1714.5,False,135.52,244.12,10.4,,1706.88,1712,False,0,2026-09-28 05:49:42.078546
ada6ed,AAL3160 ,United States,1790574574.0,1790574574,-84.6712,42.8727,9753.6,False,220.17,259.64,0.0,,10111.74,3421,False,0,2026-09-28 05:49:42.078546
ac10d8,FDX617A ,United States,1790574574.0,1790574574,-70.6088,47.5294,10363.2,False,237.77,241.72,0.33,,10767.06,0704,False,0,2026-09-28 05:49:42.078546
c0371f,WJA322  ,Canada,1790574572.0,1790574574,-120.2596,50.7329,11277.6,False,228.69,50.29,0.0,,11361.42,2613,False,0,2026-09-28 05:49:42.078546
7c7800,QFA458  ,Australia,1790574575.0,1790574575,145.1742,-37.268,6187.44,False,216.92,55.14,12.03,,6416.04,4043,False,0,2026-09-28 05:49:42.078546
781eb8,CES787  ,China,1790574566.0,1790574573,116.2871,38.3441,10401.3,False,258.81,3.76,0.0,,10812.78,,False,0,2026-09-28 05:49:42.078546
781eb7,CES709  ,China,1790574574.0,1790574574,-2.4555,41.5759,8473.44,False,224.1,205.86,-9.43,,8816.34,3514,False,0,2026-09-28 05:49:42.078546
4b9910,FHY1281 ,Turkey,1790574574.0,1790574574,29.6673,40.6009,10370.82,False,228.73,337.24,0.0,,10637.52,3207,False,0,2026-09-28 05:49:42.078546
89653d,ETD46X  ,United Arab Emirates,1790574574.0,1790574574,8.6256,48.9012,11574.78,False,245.04,312.53,0.0,,12009.12,1000,False,0,2026-09-28 05:49:42.078546
a5e6aa,N48EF   ,United States,1790574534.0,1790574534,-118.4121,34.2607,,True,2.31,53.44,,,,1200,False,0,2026-09-28 05:49:42.078546
781ead,CXA8562 ,China,1790574564.0,1790574566,116.4126,38.7222,3756.66,False,148.08,19.69,-6.83,,3870.96,,False,0,2026-09-28 05:49:42.078546
896559,ABY688  ,United Arab Emirates,1790574531.0,1790574531,78.9116,14.961,10972.8,False,239.5,296.95,0.0,,11643.36,,False,0,2026-09-28 05:49:42.078546
407838,EZY73CF ,United Kingdom,1790574574.0,1790574574,1.4669,49.0719,10668.0,False,216.06,147.45,0.0,,11026.14,7311,False,0,2026-09-28 05:49:42.078546
461f54,FIN3ML  ,Finland,1790574553.0,1790574574,19.067,58.6508,13106.4,False,234.11,240.22,0.0,,13373.1,7674,False,0,2026-09-28 05:49:42.078546
e48df6,TAM8071 ,Brazil,1790574573.0,1790574573,-42.5605,-15.8155,10972.8,False,239.51,207.23,0.0,,11635.74,,False,0,2026-09-28 05:49:42.078546
e48df5,TAM8146 ,Brazil,1790574536.0,1790574536,-9.1382,38.777,76.2,False,58.57,22.74,-0.33,,213.36,4465,False,0,2026-09-28 05:49:42.078546
4ac92a,JON07   ,Sweden,1790574574.0,1790574574,16.973,63.5767,13106.4,False,188.8,225.55,0.33,,13220.7,,False,0,2026-09-28 05:49:42.078546
a26bb8,SKW4043 ,United States,1790574408.0,1790574408,-122.3026,47.4411,,True,2.31,298.12,,,,3252,False,0,2026-09-28 05:49:42.078546
4063e6,VIR110  ,United Kingdom,1790574574.0,1790574574,-2.2787,53.3577,,True,4.89,5.62,,,,5153,False,0,2026-09-28 05:49:42.078546
05a035,8QTAB   ,Maldives,1790574569.0,1790574569,73.2747,4.9197,1676.4,False,80.98,153.6,0.0,,1699.26,,False,0,2026-09-28 05:49:42.078546
0d1005,VOI1863 ,Mexico,1790574574.0,1790574574,-110.6601,28.338,11285.22,False,243.0,135.0,0.0,,12039.6,4437,True,0,2026-09-28 05:49:42.078546
8964b4,UAE8ER  ,United Arab Emirates,1790574574.0,1790574574,6.4081,58.1575,11582.4,False,239.77,313.87,0.0,,11757.66,0557,False,0,2026-09-28 05:49:42.078546
7c76d2,RSCU401 ,Australia,1790574574.0,1790574574,149.0432,-21.5035,2369.82,False,73.1,200.6,-0.33,,2583.18,,False,0,2026-09-28 05:49:42.078546
ac249e,SWA1424 ,United States,1790574574.0,1790574574,-107.0959,34.8502,3078.48,False,196.79,83.4,-13.33,,3238.5,1053,False,0,2026-09-28 05:49:42.078546
8964c0,ETD747  ,United Arab Emirates,1790574575.0,1790574575,28.4433,-26.07,4244.34,False,152.39,192.68,-2.6,,4511.04,,False,0,2026-09-28 05:49:42.078546
461f39,FIN823  ,Finland,1790574575.0,1790574575,17.9505,59.6438,,True,9.77,300.94,,,,2557,False,0,2026-09-28 05:49:42.078546
461f35,FIN2KD  ,Finland,1790574574.0,1790574574,9.8284,52.6872,11590.02,False,219.01,225.76,0.0,,11963.4,7671,False,0,2026-09-28 05:49:42.078546
461f36,FIN9TA  ,Finland,1790574574.0,1790574574,18.9634,49.4898,11574.78,False,230.72,223.37,0.0,,11955.78,2215,False,0,2026-09-28 05:49:42.078546
461f30,FIN6EN  ,Finland,1790574574.0,1790574575,21.0738,59.8172,11460.48,False,214.82,254.3,3.25,,11711.94,1411,False,0,2026-09-28 05:49:42.078546
461f31,FIN5AH  ,Finland,1790574574.0,1790574574,19.5212,50.2073,1950.72,False,145.44,207.83,-8.45,,2133.6,3711,False,0,2026-09-28 05:49:42.078546
75020c,        ,Malaysia,1790574458.0,1790574458,113.9242,22.3167,,True,7.46,250.31,,,,2164,False,0,2026-09-28 05:49:42.078546
75020f,MAS773  ,Malaysia,1790574575.0,1790574575,99.2104,18.657,4472.94,False,174.94,165.35,13.66,,4663.44,,False,0,2026-09-28 05:49:42.078546
4063c3,CFE6Z   ,United Kingdom,1790574574.0,1790574574,-3.4705,55.9161,906.78,False,101.11,238.74,15.93,,982.98,,False,0,2026-09-28 05:49:42.078546
05a052,8QTMR   ,Maldives,1790574303.0,1790574303,73.2614,4.9509,1706.88,False,78.23,154.28,-0.33,,1714.5,,False,0,2026-09-28 05:49:42.078546
780c44,CCA182  ,China,1790574574.0,1790574575,136.9698,35.8414,12192.0,False,185.79,271.59,0.0,,12847.32,7032,False,0,2026-09-28 05:49:42.078546
a15ebc,DAL310  ,United States,1790574574.0,1790574574,-117.1493,34.6953,11277.6,False,283.46,62.78,0.65,,11795.76,2452,False,0,2026-09-28 05:49:42.078546
05a054,DQA701  ,Maldives,1790574571.0,1790574571,75.5494,6.7667,9151.62,False,236.16,217.74,-0.33,,9700.26,,False,0,2026-09-28 05:49:42.078546
780c41,CCA1373 ,China,1790574209.0,1790574264,114.4314,38.945,9784.08,False,238.0,168.91,0.0,,10149.84,,False,0,2026-09-28 05:49:42.078546
a4c83a,N407SH  ,United States,1790574559.0,1790574559,-120.9426,37.6211,91.44,False,34.16,307.04,-4.23,,68.58,,False,0,2026-09-28 05:49:42.078546
addadb,JBU1190 ,United States,1790574574.0,1790574574,-114.3552,32.7642,9144.0,False,248.81,87.04,4.23,,9624.06,7201,False,0,2026-09-28 05:49:42.078546
75021b,MAS1208 ,Malaysia,1790574538.0,1790574538,100.3758,4.9195,6880.86,False,203.36,342.02,-10.08,,7734.3,,False,0,2026-09-28 05:49:42.078546
0d1030,AMX692  ,Mexico,1790574574.0,1790574574,-98.8571,20.159,6629.4,False,200.43,353.37,9.1,,7056.12,,False,0,2026-09-28 05:49:42.078546
4076e2,BAW563  ,United Kingdom,1790574575.0,1790574575,9.3441,43.9586,10965.18,False,229.96,323.0,0.0,,11414.76,0216,False,0,2026-09-28 05:49:42.078546
750223,MAS2575 ,Malaysia,1790574455.0,1790574455,105.479,3.4875,10363.2,False,245.7,267.12,0.0,,11064.24,,False,0,2026-09-28 05:49:42.078546
a7ac8f,DAL1647 ,United States,1790574434.0,1790574440,-111.9831,40.7873,,True,0.06,177.19,,,,7372,False,0,2026-09-28 05:49:42.078546
76cc63,SIA600  ,Singapore,1790574573.0,1790574575,126.8956,35.4061,8831.58,False,232.46,5.21,0.33,,9319.26,,False,0,2026-09-28 05:49:42.078546
8964a7,UAE416  ,United Arab Emirates,1790574573.0,1790574573,134.8792,-32.4245,11277.6,False,280.77,106.61,0.0,,11689.08,,False,0,2026-09-28 05:49:42.078546
05a05a,DQA6281 ,Maldives,1790574574.0,1790574574,73.1847,5.0552,3962.4,False,133.56,164.36,0.0,,4122.42,,False,0,2026-09-28 05:49:42.078546
780c4d,CES5109 ,China,1790574575.0,1790574575,116.5055,39.3665,3246.12,False,160.2,21.87,-13.33,,3413.76,,False,0,2026-09-28 05:49:42.078546
780c68,CSZ9514 ,China,1790574564.0,1790574564,115.1902,22.8293,4724.4,False,191.0,263.66,-9.75,,5166.36,0132,False,0,2026-09-28 05:49:42.078546
76cc70,SIA401  ,Singapore,1790574574.0,1790574574,90.7251,19.6708,10668.0,False,251.71,144.23,0.0,,11338.56,0514,False,0,2026-09-28 05:49:42.078546
76cc79,SIA277  ,Singapore,1790574486.0,1790574490,132.3216,-31.3485,11887.2,False,305.77,123.26,-0.33,,12359.64,,False,0,2026-09-28 05:49:42.078546
750210,MAS755  ,Malaysia,1790574493.0,1790574493,101.6251,2.8928,807.72,False,81.76,145.51,-3.58,,929.64,,False,0,2026-09-28 05:49:42.078546
a4fc9a,LCO1501 ,United States,1790574574.0,1790574575,-80.0777,26.0036,4008.12,False,211.04,77.18,11.38,,4175.76,3776,False,0,2026-09-28 05:49:42.078546
ae6499,CARD65  ,United States,1790574571.0,1790574572,127.086,37.1524,281.94,False,59.38,19.22,0.0,,297.18,1200,False,0,2026-09-28 05:49:42.078546
ab5f43,SWA643  ,United States,1790574370.0,1790574370,-109.2122,34.8507,10972.8,False,202.77,255.15,0.0,,11597.64,1533,False,0,2026-09-28 05:49:42.078546
750203,MAS1436 ,Malaysia,1790574498.0,1790574498,100.31,5.0224,7879.08,False,218.52,324.78,-9.75,,8602.98,,False,0,2026-09-28 05:49:42.078546
76cc83,SIA637  ,Singapore,1790574574.0,1790574574,121.1396,22.4459,12192.0,False,270.46,219.44,-0.33,,13053.06,,False,0,2026-09-28 05:49:42.078546
750206,MAS261  ,Malaysia,1790574572.0,1790574573,112.0186,4.9965,10363.2,False,250.99,245.8,0.0,,11102.34,,False,0,2026-09-28 05:49:42.078546
c022da,CFNFD   ,Canada,1790574572.0,1790574573,-114.0097,52.4431,1950.72,False,58.15,1.52,-0.33,,1958.34,4634,False,0,2026-09-28 05:49:42.078546
a14bdd,AMX008  ,United States,1790574574.0,1790574574,-88.0061,33.2129,11574.78,False,250.34,215.13,0.0,,12062.46,0723,False,0,2026-09-28 05:49:42.078546
3c125d,,Germany,1790574562.0,1790574562,9.823,53.5438,,True,0.0,14.06,,,,,False,0,2026-09-28 05:49:42.078546
ab03a4,DAL2512 ,United States,1790574574.0,1790574574,-120.8823,40.5507,11277.6,False,226.24,176.61,-0.33,,11551.92,1163,False,0,2026-09-28 05:49:42.078546
a2bba8,UAL3765 ,United States,1790574574.0,1790574574,-88.0089,41.9655,495.3,False,66.37,89.56,-3.25,,525.78,1163,False,0,2026-09-28 05:49:42.078546
ab4c1d,DAL174  ,United States,1790574574.0,1790574574,-2.1712,47.3738,11887.2,False,242.66,110.09,-0.33,,12192.0,5240,False,0,2026-09-28 05:49:42.078546
accf07,SWA2511 ,United States,1790574571.0,1790574571,-117.1817,32.7306,,True,1.54,106.88,,,,,False,0,2026-09-28 05:49:42.078546
8a09ef,GIA185  ,Indonesia,1790574574.0,1790574574,106.424,-6.2294,1203.96,False,102.14,67.18,-4.55,,1280.16,,False,0,2026-09-28 05:49:42.078546
48adae,LOT4KV  ,Poland,1790574574.0,1790574574,20.431,51.9848,3733.8,False,173.27,252.37,10.08,,3977.64,,False,0,2026-09-28 05:49:42.078546
a8deb4,DAL825  ,United States,1790574458.0,1790574458,-110.0944,37.299,11582.4,False,193.57,265.27,0.0,,12146.28,1006,False,0,2026-09-28 05:49:42.078546
71ca03,HL9203  ,Republic of Korea,1790574573.0,1790574574,127.097,37.2938,480.06,False,42.29,279.81,0.0,,495.3,,False,0,2026-09-28 05:49:42.078546
4ab567,SAS147  ,Sweden,1790574574.0,1790574574,13.4413,58.3825,4274.82,False,135.69,225.46,-2.6,,4427.22,1000,False,0,2026-09-28 05:49:42.078546
8a0948,SJV630  ,Indonesia,1790574555.0,1790574555,106.8534,-5.9476,1318.26,False,138.86,60.97,5.2,,1333.5,,False,0,2026-09-28 05:49:42.078546
3c48f1,EWG84A  ,Germany,1790574468.0,1790574468,11.7961,48.3507,,True,6.17,78.75,,,,1333,False,0,2026-09-28 05:49:42.078546
a5723c,KFB450  ,United States,1790574574.0,1790574574,-107.5257,41.7564,12184.38,False,214.56,268.9,0.33,,12633.96,4046,False,0,2026-09-28 05:49:42.078546
4b854d,TCAJM   ,Turkey,1790574282.0,1790574282,26.1476,39.4585,1325.88,False,67.32,276.58,2.93,,1424.94,,False,0,2026-09-28 05:49:42.078546
3c48ea,EWG6DK  ,Germany,1790574575.0,1790574575,12.2832,57.8598,1257.3,False,146.79,51.4,-9.1,,1379.22,1000,False,0,2026-09-28 05:49:42.078546
4ab56f,SAS65A  ,Sweden,1790574574.0,1790574574,17.9713,59.6831,160.02,False,47.72,191.19,-2.28,,281.94,1000,False,0,2026-09-28 05:49:42.078546
507ca7,SGA2563 ,Uzbekistan,1790574575.0,1790574575,95.5456,22.7375,10058.4,False,205.85,82.82,0.0,,10698.48,5065,False,0,2026-09-28 05:49:42.078546
a8350b,N628MC  ,United States,1790574573.0,1790574574,-92.2581,34.6807,396.24,False,56.02,45.0,-4.55,,396.24,2207,False,0,2026-09-28 05:49:42.078546
8a091f,BTK7531 ,Indonesia,1790574221.0,1790574415,107.3936,-6.2277,6111.24,False,210.86,109.23,9.1,,6652.26,,False,0,2026-09-28 05:49:42.078546
4078ae,EXS42EJ ,United Kingdom,1790574573.0,1790574573,-1.3248,52.8294,,True,8.75,87.19,,,,,False,0,2026-09-28 05:49:42.078546
846444,JAL314  ,Japan,1790574574.0,1790574574,139.0983,34.7144,6416.04,False,224.83,90.79,-7.48,,6789.42,1710,False,0,2026-09-28 05:49:42.078546
a5d570,UAL2615 ,United States,1790574574.0,1790574575,-122.1844,37.4297,1767.84,False,122.41,104.85,-9.43,,1775.46,3550,False,0,2026-09-28 05:49:42.078546
484cc3,KLC1126 ,Kingdom of the Netherlands,1790574574.0,1790574574,-4.1162,51.7039,11277.6,False,241.29,90.61,0.33,,11452.86,6330,False,0,2026-09-28 05:49:42.078546
8a0921,SJV854  ,Indonesia,1790574569.0,1790574573,106.2771,-5.4957,4983.48,False,197.94,316.26,7.8,,5311.14,,False,0,2026-09-28 05:49:42.078546
8a090b,SJV912  ,Indonesia,1790574423.0,1790574424,101.9001,-0.0125,5821.68,False,208.21,333.43,-22.43,,6271.26,,False,0,2026-09-28 05:49:42.078546
484cb7,KLM1928 ,Kingdom of the Netherlands,1790574574.0,1790574575,5.4141,49.4135,12496.8,False,229.17,339.78,0.0,,12854.94,1000,False,0,2026-09-28 05:49:42.078546
3463c6,VOE68CK ,Spain,1790574574.0,1790574574,0.4882,46.2596,10622.28,False,230.04,111.52,4.88,,10995.66,1000,False,0,2026-09-28 05:49:42.078546
872720,ANA968  ,Japan,1790574567.0,1790574572,133.9928,35.1261,9448.8,False,280.72,73.06,0.0,,10020.3,4423,False,0,2026-09-28 05:49:42.078546
484cb4,KLM34E  ,Kingdom of the Netherlands,1790574574.0,1790574575,9.9997,50.3233,9144.0,False,239.23,327.92,0.0,,9547.86,1000,False,0,2026-09-28 05:49:42.078546
abf32f,SWA3911 ,United States,1790574574.0,1790574574,-101.567,30.5815,11887.2,False,254.32,107.3,0.0,,12618.72,1452,True,0,2026-09-28 05:49:42.078546
a95514,N700FJ  ,United States,1790574573.0,1790574574,-74.0699,40.847,53.34,False,68.48,48.04,-3.9,,-15.24,0277,False,0,2026-09-28 05:49:42.078546
4ab562,SAS1141 ,Sweden,1790574412.0,1790574412,15.294,56.3701,541.02,False,83.82,188.83,-4.23,,716.28,1000,False,0,2026-09-28 05:49:42.078546
750281,MAS2646 ,Malaysia,1790574572.0,1790574573,115.175,6.017,6225.54,False,190.62,82.09,-10.4,,6667.5,,False,0,2026-09-28 05:49:42.078546
76cd07,SIA607  ,Singapore,1790574574.0,1790574574,104.1052,2.0229,2956.56,False,143.53,179.79,-5.85,,3124.2,,False,0,2026-09-28 05:49:42.078546
76cd06,SIA245  ,Singapore,1790574574.0,1790574574,125.6934,-18.4861,11887.2,False,269.98,127.02,0.0,,12664.44,,False,0,2026-09-28 05:49:42.078546
ad8cec,AAL1659 ,United States,1790574573.0,1790574573,-104.6777,39.8614,,True,0.0,90.0,,,,2030,False,0,2026-09-28 05:49:42.078546
75026b,XAX604  ,Malaysia,1790574455.0,1790574455,83.9308,21.7161,10972.8,False,251.88,310.2,0.0,,11666.22,2157,False,0,2026-09-28 05:49:42.078546
76cd10,SIA223  ,Singapore,1790574574.0,1790574574,116.6577,-29.2873,12077.7,False,265.48,173.77,-5.2,,12374.88,2216,False,0,2026-09-28 05:49:42.078546
8832da,TLM537  ,Thailand,1790574575.0,1790574575,100.2178,17.9546,10744.2,False,227.29,176.5,3.25,,8153.4,,False,0,2026-09-28 05:49:42.078546
4078fd,EXS1385 ,United Kingdom,1790574574.0,1790574574,-1.593,52.4292,3078.48,False,146.99,170.74,16.26,,3169.92,3455,False,0,2026-09-28 05:49:42.078546
76cd14,SIA226  ,Singapore,1790574574.0,1790574574,115.9717,-31.9396,,True,4.37,267.19,,,,1522,False,0,2026-09-28 05:49:42.078546
4078fe,EXS64MZ ,United Kingdom,1790574570.0,1790574570,-1.3294,52.828,,True,0.0,90.0,,,,,False,0,2026-09-28 05:49:42.078546
7c78b5,QLK1566 ,Australia,1790574366.0,1790574366,151.6169,-24.4008,10972.8,False,221.39,324.65,0.33,,11407.14,4466,False,0,2026-09-28 05:49:42.078546
7c78ac,QLK1580 ,Australia,1790574574.0,1790574574,152.4904,-30.7616,10660.38,False,242.9,19.16,0.0,,10942.32,1311,False,0,2026-09-28 05:49:42.078546
7c78ab,QLK1535 ,Australia,1790574564.0,1790574573,151.1802,-33.9318,,True,0.0,191.25,,,,,False,0,2026-09-28 05:49:42.078546
76cd19,SIA632  ,Singapore,1790574397.0,1790574399,133.0309,32.6186,12496.8,False,255.92,47.2,0.0,,13235.94,,False,0,2026-09-28 05:49:42.078546
7c78aa,QLK1294 ,Australia,1790574571.0,1790574571,144.8527,-37.6679,,True,0.0,261.56,,,,4317,False,0,2026-09-28 05:49:42.078546
8832e8,TLM380  ,Thailand,1790574560.0,1790574574,121.2434,25.0805,,True,0.0,320.62,,,,,False,0,2026-09-28 05:49:42.078546
76cd0b,SIA916  ,Singapore,1790574574.0,1790574574,103.9815,1.3204,388.62,False,82.95,203.39,10.4,,411.48,,False,0,2026-09-28 05:49:42.078546
75027f,MAS1145 ,Malaysia,1790574547.0,1790574548,101.0596,4.119,7216.14,False,201.08,153.89,-5.85,,7696.2,,False,0,2026-09-28 05:49:42.078546
75027e,,Malaysia,,1790574427,,,,False,223.46,64.79,-25.36,,,,False,0,2026-09-28 05:49:42.078546
7c78ae,QLK1574 ,Australia,1790574352.0,1790574352,153.4956,-28.1484,-45.72,False,65.66,150.42,-3.9,,114.3,1243,False,0,2026-09-28 05:49:42.078546
7c78ad,QLK1505 ,Australia,1790574392.0,1790574538,148.6277,-40.4733,10972.8,False,211.88,196.94,0.0,,11102.34,,False,0,2026-09-28 05:49:42.078546
8832cf,TLM392  ,Thailand,1790574574.0,1790574574,140.331,40.3227,9281.16,False,263.42,34.5,-5.2,,9616.44,,False,0,2026-09-28 05:49:42.078546
7c78a8,QLK1283 ,Australia,1790574575.0,1790574575,148.0457,-31.1702,11285.22,False,192.34,236.56,4.88,,11612.88,1155,False,0,2026-09-28 05:49:42.078546
4d0238,SVW22ES ,Luxembourg,1790574574.0,1790574574,-4.9637,44.4863,12489.18,False,211.95,215.12,0.33,,12801.6,7654,False,0,2026-09-28 05:49:42.078546
4078ef,EZY85TF ,United Kingdom,1790574575.0,1790574575,-2.6864,48.4885,10668.0,False,208.9,170.93,0.33,,10965.18,2263,False,0,2026-09-28 05:49:42.078546
8965f4,ETD93C  ,United Arab Emirates,1790574574.0,1790574574,5.6031,57.7751,10972.8,False,251.56,320.81,-0.33,,11170.92,6622,False,0,2026-09-28 05:49:42.078546
750262,MAS146  ,Malaysia,1790574575.0,1790574575,102.7859,2.0932,7162.8,False,203.62,295.92,-5.2,,7658.1,1273,False,0,2026-09-28 05:49:42.078546
7c78b4,QLK1524 ,Australia,1790574573.0,1790574574,144.8478,-37.6662,,True,1.54,61.88,,,,,False,0,2026-09-28 05:49:42.078546
7c78b3,QLK1282 ,Australia,1790574540.0,1790574542,142.2093,-33.6139,10668.0,False,247.04,68.24,0.0,,11010.9,,False,0,2026-09-28 05:49:42.078546
7c78b1,QLK1526 ,Australia,1790574573.0,1790574574,144.85,-37.6673,,True,0.0,261.56,,,,,False,0,2026-09-28 05:49:42.078546
009893,SAA067  ,South Africa,1790574574.0,1790574574,28.4482,-23.3834,11582.4,False,233.92,172.67,0.33,,12214.86,,False,0,2026-09-28 05:49:42.078546
4078db,AUR400  ,United Kingdom,1790574574.0,1790574574,-1.9668,49.4974,3710.94,False,116.71,80.87,7.15,,3848.1,,False,0,2026-09-28 05:49:42.078546
4078dd,BAW3GB  ,United Kingdom,1790574573.0,1790574573,-103.7085,43.7254,11887.2,False,279.13,43.28,0.33,,12306.3,0752,False,0,2026-09-28 05:49:42.078546
8965fa,ADY015  ,United Arab Emirates,1790574574.0,1790574574,53.5984,25.1377,7315.2,False,195.35,304.49,0.0,,7757.16,3432,False,0,2026-09-28 05:49:42.078546
75025a,,Malaysia,1790574575.0,1790574575,118.9322,18.3452,11887.2,False,235.6,32.79,0.0,,12717.78,,False,0,2026-09-28 05:49:42.078546
ac138c,SWA1277 ,United States,1790574574.0,1790574574,-117.5676,34.5242,10363.2,False,210.89,284.99,0.33,,10843.26,4130,False,0,2026-09-28 05:49:42.078546
780d37,CCA172  ,China,1790574500.0,1790574508,117.3534,39.1277,,True,1.54,272.81,,,,,False,0,2026-09-28 05:49:42.078546
781ed3,CKK227  ,China,1790574575.0,1790574575,142.7124,42.0833,9448.8,False,301.56,60.46,0.33,,9761.22,,False,0,2026-09-28 05:49:42.078546
7c530f,QLK95D  ,Australia,1790574574.0,1790574574,145.7673,-39.8594,5798.82,False,178.09,150.4,0.0,,6004.56,3256,False,0,2026-09-28 05:49:42.078546
43bfe3,WORKS 7 ,United Kingdom,1790574572.0,1790574572,-0.1828,51.158,,True,6.17,345.94,,,,,False,0,2026-09-28 05:49:42.078546
43bfe4,WORKS 29,United Kingdom,1790574565.0,1790574565,-0.1828,51.158,,True,6.94,345.94,,,,,False,0,2026-09-28 05:49:42.078546
780ba8,CSH9116 ,China,1790574573.0,1790574573,117.2741,37.1981,10088.88,False,218.36,187.31,0.0,,10576.56,,False,0,2026-09-28 05:49:42.078546
a14d65,N183SD  ,United States,1790574574.0,1790574574,-117.7353,33.6774,426.72,False,37.98,335.17,0.33,,388.62,4204,False,0,2026-09-28 05:49:42.078546
781ed8,B72CV   ,China,1790574574.0,1790574574,93.2493,19.4956,670.56,False,64.07,281.58,0.33,,,,False,0,2026-09-28 05:49:42.078546
4d0290,LRQ445E ,Luxembourg,1790574574.0,1790574574,6.6454,48.4161,8839.2,False,217.11,179.46,0.0,,9250.68,1000,False,0,2026-09-28 05:49:42.078546
ac5a94,SWA2387 ,United States,1790574574.0,1790574574,-100.3774,38.8108,12496.8,False,262.06,105.02,-0.33,,13068.3,4101,False,0,2026-09-28 05:49:42.078546
0ac1b5,IP03    ,Colombia,1790574537.0,1790574537,-74.1385,4.6972,,True,0.0,151.88,,,,,False,0,2026-09-28 05:49:42.078546
780bb7,CAO3052 ,China,1790574574.0,1790574574,-112.5299,34.697,11582.4,False,209.93,262.96,0.0,,12199.62,1402,False,0,2026-09-28 05:49:42.078546
ac390f,AAL2786 ,United States,1790574574.0,1790574574,-98.6917,38.6315,10363.2,False,219.6,246.68,0.0,,10858.5,,False,0,2026-09-28 05:49:42.078546
7c5310,QLK42D  ,Australia,1790574449.0,1790574461,149.1401,-32.7221,4572.0,False,176.79,315.24,-9.1,,4823.46,3671,False,0,2026-09-28 05:49:42.078546
781eda,GCR7869 ,China,1790574403.0,1790574405,115.9534,38.3657,5318.76,False,205.32,200.84,8.13,,5410.2,,False,0,2026-09-28 05:49:42.078546
447ca9,        ,Austria,1790574557.0,1790574565,16.5751,48.1132,,True,0.13,174.38,,,,,False,0,2026-09-28 05:49:42.078546
7c530d,QLK449D ,Australia,1790574574.0,1790574574,151.1769,-33.9326,,True,0.0,84.38,,,,,False,0,2026-09-28 05:49:42.078546
7c530a,QLK57D  ,Australia,1790574574.0,1790574574,144.7052,-37.7424,1714.5,False,129.3,153.03,9.75,,1882.14,7070,False,0,2026-09-28 05:49:42.078546
461fa7,FIN6AP  ,Finland,1790573735.0,1790574573,21.4746,58.3475,11590.02,False,224.82,225.56,0.0,,11224.26,3703,False,0,2026-09-28 05:49:42.078546
461fa8,FIN3WR  ,Finland,1790574574.0,1790574574,12.6959,55.6437,99.06,False,69.25,221.39,-4.23,,205.74,6016,False,0,2026-09-28 05:49:42.078546
461fa9,FIN7EH  ,Finland,1790574574.0,1790574574,2.5433,58.3172,11582.4,False,182.72,250.6,0.0,,11673.84,6022,False,0,2026-09-28 05:49:42.078546
461fa2,FIN1AU  ,Finland,1790574574.0,1790574574,23.933,42.0547,11285.22,False,244.01,164.47,0.0,,11605.26,6007,False,0,2026-09-28 05:49:42.078546
461fa3,FIN3AW  ,Finland,1790574574.0,1790574574,13.2536,52.8132,3048.0,False,150.33,190.85,0.0,,3238.5,7672,False,0,2026-09-28 05:49:42.078546
aa7082,AAL36   ,United States,1790574574.0,1790574574,-11.6101,42.4846,11582.4,False,259.76,117.22,0.0,,11910.06,0507,False,0,2026-09-28 05:49:42.078546
461fa4,FIN6Y   ,Finland,1790572239.0,1790574574,21.3376,58.2767,10980.42,False,228.46,225.55,0.33,,11254.74,2250,False,0,2026-09-28 05:49:42.078546
461fa5,FIN78D  ,Finland,1790570714.0,1790574574,24.6489,60.145,10363.2,False,1315.77,294.68,0.0,,,2236,False,0,2026-09-28 05:49:42.078546
7c5305,QLK586D ,Australia,1790574574.0,1790574574,138.535,-34.9426,,True,6.69,270.0,,,,,False,0,2026-09-28 05:49:42.078546
896749,ABY822  ,United Arab Emirates,1790574574.0,1790574574,82.2718,18.0687,10972.8,False,235.74,286.22,0.0,,11643.36,,False,0,2026-09-28 05:49:42.078546
c81e29,CVA724  ,New Zealand,1790574574.0,1790574574,175.171,-38.1974,4876.8,False,119.92,181.72,0.0,,4853.94,,False,0,2026-09-28 05:49:42.078546
7c5301,QLK204D ,Australia,1790574574.0,1790574574,151.0384,-33.8595,1562.1,False,126.56,322.43,-4.23,,1752.6,4253,False,0,2026-09-28 05:49:42.078546
e8033e,SKX5562 ,Chile,1790574574.0,1790574574,-53.2174,-21.0412,10668.0,False,236.51,110.37,0.0,,11330.94,,False,0,2026-09-28 05:49:42.078546
40666c,EZY49YR ,United Kingdom,1790574574.0,1790574574,7.2182,45.1298,11262.36,False,231.73,134.37,0.0,,11734.8,2246,False,0,2026-09-28 05:49:42.078546
7c5307,QLK122D ,Australia,1790574574.0,1790574574,149.2666,-34.2341,5791.2,False,200.13,90.59,-0.33,,6042.66,3675,False,0,2026-09-28 05:49:42.078546
7c795c,VHX9A   ,Australia,1790574313.0,1790574313,115.8976,-32.3808,144.78,False,32.73,300.19,-0.33,,220.98,1200,False,0,2026-09-28 05:49:42.078546
ab060e,SCX3096 ,United States,1790574574.0,1790574574,-109.7633,36.0922,11887.2,False,283.9,63.53,0.33,,12527.28,1072,False,0,2026-09-28 05:49:42.078546
40666a,EZY76NK ,United Kingdom,1790574574.0,1790574574,-2.9969,51.339,10942.32,False,191.01,192.13,5.2,,11155.68,5234,False,0,2026-09-28 05:49:42.078546
406674,BAW823  ,United Kingdom,1790574574.0,1790574574,8.7574,54.1916,10972.8,False,210.5,237.48,0.0,,11346.18,3535,False,0,2026-09-28 05:49:42.078546
780bd7,CSN5150 ,China,1790574544.0,1790574544,113.7134,22.7739,746.76,False,99.85,153.04,-5.2,,800.1,,False,0,2026-09-28 05:49:42.078546
406670,EZY76CX ,United Kingdom,1790574568.0,1790574568,-2.7063,51.3852,,True,0.0,177.19,,,,,False,0,2026-09-28 05:49:42.078546
40665e,TOM4GX  ,United Kingdom,1790574574.0,1790574575,3.2198,50.9778,12496.8,False,226.43,102.33,0.33,,12801.6,4623,False,0,2026-09-28 05:49:42.078546
461faa,FIN1855 ,Finland,1790574574.0,1790574574,22.9403,39.1553,11285.22,False,245.5,162.06,0.0,,11650.98,6023,False,0,2026-09-28 05:49:42.078546
780be2,CHH7725 ,China,1790574418.0,1790574423,114.1378,23.6492,6004.56,False,215.58,37.83,1.95,,6393.18,,False,0,2026-09-28 05:49:42.078546
780bda,CSN3088 ,China,1790574568.0,1790574572,114.1317,22.7547,1844.04,False,133.35,293.9,-3.9,,1943.1,2605,False,0,2026-09-28 05:49:42.078546
70aa67,HIM890  ,Nepal,1790574574.0,1790574574,89.5423,23.947,10668.0,False,217.25,128.17,0.0,,11369.04,2516,False,0,2026-09-28 05:49:42.078546
89671b,ETD7DJ  ,United Arab Emirates,1790574305.0,1790574492,55.8483,23.9651,6484.62,False,229.87,117.6,4.88,,6926.58,3442,False,0,2026-09-28 05:49:42.078546
a8222c,JBU66   ,United States,1790574456.0,1790574456,-106.2335,35.2058,4968.24,False,213.05,63.0,2.6,,5242.56,,False,0,2026-09-28 05:49:42.078546
89671f,FDB1736 ,United Arab Emirates,1790574565.0,1790574571,56.1823,24.9272,3931.92,False,176.84,290.97,-8.78,,4175.76,4745,False,0,2026-09-28 05:49:42.078546
780bf5,CCA1891 ,China,1790574573.0,1790574573,116.5248,39.0751,7993.38,False,237.06,165.93,6.5,,8199.12,,False,0,2026-09-28 05:49:42.078546
7c5358,UTY7247 ,Australia,1790574575.0,1790574575,148.3796,-21.1381,9448.8,False,221.9,148.56,0.0,,9928.86,,False,0,2026-09-28 05:49:42.078546
896740,ABY824  ,United Arab Emirates,1790574574.0,1790574574,98.8441,13.2098,9555.48,False,234.01,235.75,0.65,,9380.22,,False,0,2026-09-28 05:49:42.078546
780beb,CSZ9462 ,China,1790574574.0,1790574574,113.4407,22.7132,2278.38,False,123.32,188.64,-7.15,,2400.3,,False,0,2026-09-28 05:49:42.078546
aaf968,DAL309  ,United States,1790574574.0,1790574574,-120.9732,32.9784,11277.6,False,286.16,71.34,0.0,,11803.38,,False,0,2026-09-28 05:49:42.078546
896707,UAE81   ,United Arab Emirates,1790574574.0,1790574574,51.6151,26.3381,12192.0,False,224.55,296.39,0.0,,12854.94,0556,False,0,2026-09-28 05:49:42.078546
346499,IBE05PY ,Spain,1790574574.0,1790574574,-5.9435,41.4126,9456.42,False,233.05,285.75,-0.33,,9837.42,3764,False,0,2026-09-28 05:49:42.078546
a1f1a0,UAL982  ,United States,1790574574.0,1790574574,16.5196,41.0656,11887.2,False,244.75,122.55,0.0,,12336.78,0523,False,0,2026-09-28 05:49:42.078546
a38d48,AAY39   ,United States,1790574557.0,1790574557,-115.1557,36.0829,,True,5.66,345.94,,,,1706,False,0,2026-09-28 05:49:42.078546
84c790,JJP335  ,Japan,1790574574.0,1790574574,138.3529,32.2308,10972.8,False,228.72,236.1,-0.33,,11681.46,1757,False,0,2026-09-28 05:49:42.078546
896717,ABY793  ,United Arab Emirates,1790574481.0,1790574572,48.3427,27.5442,10980.42,False,205.37,298.75,0.0,,11628.12,0556,False,0,2026-09-28 05:49:42.078546
896711,AGI004  ,United Arab Emirates,1790574490.0,1790574557,48.4212,27.5061,12184.38,False,213.91,298.91,0.0,,12885.42,4236,False,0,2026-09-28 05:49:42.078546
896713,ETD6A8  ,United Arab Emirates,1790574575.0,1790574575,13.2318,46.8239,10363.2,False,233.36,311.07,0.0,,10805.16,7743,False,0,2026-09-28 05:49:42.078546
84b473,APJ356  ,Japan,1790574574.0,1790574574,140.8599,34.1949,7315.2,False,225.16,28.67,-0.33,,7780.02,4623,False,0,2026-09-28 05:49:42.078546
c81e79,GIS1    ,New Zealand,1790574574.0,1790574574,177.2063,-38.4097,3870.96,False,137.65,114.75,-6.83,,3825.24,,False,0,2026-09-28 05:49:42.078546
40660e,TOM486  ,United Kingdom,1790574574.0,1790574574,3.7019,50.7741,11277.6,False,236.38,108.4,0.0,,11635.74,4717,False,0,2026-09-28 05:49:42.078546
8a08c5,SJV994  ,Indonesia,1790574551.0,1790574551,100.0544,1.2429,10972.8,False,243.66,317.82,0.0,,11711.94,,False,0,2026-09-28 05:49:42.078546
407944,BAW247  ,United Kingdom,1790574574.0,1790574574,-37.8283,-2.9344,12192.0,False,251.27,199.99,0.0,,12931.14,,False,0,2026-09-28 05:49:42.078546
345250,ANE63YF ,Spain,1790574574.0,1790574574,-2.3824,40.3656,4861.56,False,163.01,251.22,-5.53,,5128.26,1000,False,0,2026-09-28 05:49:42.078546
40792f,BAW971  ,United Kingdom,1790574574.0,1790574574,1.5264,51.7422,7178.04,False,162.43,264.0,-8.45,,7421.88,1355,False,0,2026-09-28 05:49:42.078546
40792e,BAW71LK ,United Kingdom,1790574574.0,1790574574,26.0739,38.8694,10980.42,False,218.46,305.9,0.0,,11308.08,2241,False,0,2026-09-28 05:49:42.078546
4794f2,NOZ602  ,Norway,1790574284.0,1790574284,5.2238,60.2764,91.44,False,70.45,350.33,-4.55,,205.74,,False,0,2026-09-28 05:49:42.078546
8a08b2,LNI107  ,Indonesia,1790574574.0,1790574574,102.5361,-0.3251,11277.6,False,234.43,124.18,0.0,,12024.36,,False,0,2026-09-28 05:49:42.078546
345248,VLG3QU  ,Spain,1790574574.0,1790574574,-0.0461,42.1357,10058.4,False,220.88,297.16,0.0,,10515.6,0253,False,0,2026-09-28 05:49:42.078546
aa1a26,ENY3707 ,United States,1790574574.0,1790574575,-88.6604,42.7712,7315.2,False,219.95,301.12,-0.33,,7620.0,,False,0,2026-09-28 05:49:42.078546
89669b,,United Arab Emirates,,1790574560,,,,False,57.14,159.44,0.98,,,1741,False,0,2026-09-28 05:49:42.078546
ac24e4,SWA4456 ,United States,1790574574.0,1790574574,-114.604,39.561,11582.4,False,238.71,331.56,-0.33,,12009.12,,False,0,2026-09-28 05:49:42.078546
8462c4,FDA615  ,Japan,1790574554.0,1790574563,140.1566,41.173,8534.4,False,176.72,205.52,0.33,,8816.34,,False,0,2026-09-28 05:49:42.078546
407914,EXS71CB ,United Kingdom,1790574574.0,1790574574,-4.9038,55.2909,5768.34,False,190.71,199.71,12.03,,5814.06,1415,False,0,2026-09-28 05:49:42.078546
406669,EZY89CH ,United Kingdom,1790574574.0,1790574574,1.1326,52.2546,10187.94,False,238.0,98.95,9.75,,10447.02,4636,False,0,2026-09-28 05:49:42.078546
7501fd,AXM6440 ,Malaysia,1790574575.0,1790574575,102.3182,3.292,7231.38,False,222.03,4.92,6.18,,7734.3,,False,0,2026-09-28 05:49:42.078546
34520b,IBE0356 ,Spain,1790574545.0,1790574546,-90.1781,50.175,11277.6,False,279.11,75.81,0.0,,11521.44,,False,0,2026-09-28 05:49:42.078546
781fb6,CXA8150 ,China,1790574574.0,1790574574,116.8929,39.2288,2819.4,False,154.76,158.55,15.28,,2872.74,,False,0,2026-09-28 05:49:42.078546
840e10,JAL517  ,Japan,1790574574.0,1790574574,140.9755,40.448,12496.8,False,268.44,9.26,0.0,,12938.76,2235,False,0,2026-09-28 05:49:42.078546
39a431,FHJBR   ,France,1790574574.0,1790574574,1.5298,49.2469,13106.4,False,233.59,46.25,0.0,,13426.44,2350,False,0,2026-09-28 05:49:42.078546
781fc4,CAO1033 ,China,1790574574.0,1790574574,9.4974,54.2004,10363.2,False,231.58,235.96,0.0,,10713.72,3524,False,0,2026-09-28 05:49:42.078546
345212,VLG16UA ,Spain,1790574574.0,1790574574,2.0574,41.2686,335.28,False,89.83,196.98,7.48,,441.96,,False,0,2026-09-28 05:49:42.078546
ac11e9,N877SB  ,United States,1790574574.0,1790574575,-117.7751,34.6627,4450.08,False,164.57,262.28,-3.58,,4587.24,2434,False,0,2026-09-28 05:49:42.078546
896699,ETD2FP  ,United Arab Emirates,1790574574.0,1790574574,54.0125,24.4995,5486.4,False,174.97,285.34,0.0,,5798.82,1723,False,0,2026-09-28 05:49:42.078546
896698,ETD607  ,United Arab Emirates,1790574573.0,1790574574,51.5155,26.3814,9753.6,False,211.41,292.01,0.0,,10317.48,1741,False,0,2026-09-28 05:49:42.078546
4d00d0,LGL4591 ,Luxembourg,1790574575.0,1790574575,0.1592,51.5019,601.98,False,64.38,272.75,-4.55,,708.66,5654,False,0,2026-09-28 05:49:42.078546
4d00c6,LGL9731 ,Luxembourg,1790574422.0,1790574422,11.7714,48.3631,373.38,False,64.2,83.56,-2.93,,502.92,1000,False,0,2026-09-28 05:49:42.078546
40796b,TOM9FB  ,United Kingdom,1790574574.0,1790574574,-2.4165,53.4673,1859.28,False,148.75,59.44,8.78,,1950.72,,False,0,2026-09-28 05:49:42.078546
40796c,TOM7FM  ,United Kingdom,1790574574.0,1790574574,2.0144,54.0646,11277.6,False,224.38,125.29,0.0,,11529.06,0503,False,0,2026-09-28 05:49:42.078546
40796a,TOM490  ,United Kingdom,1790574573.0,1790574574,3.5671,47.3708,11277.6,False,230.17,130.74,0.0,,11689.08,1151,False,0,2026-09-28 05:49:42.078546
400ff4,TOM2XM  ,United Kingdom,1790574574.0,1790574575,1.3061,51.1374,6903.72,False,245.12,98.69,6.83,,7132.32,4723,False,0,2026-09-28 05:49:42.078546
407979,BAW4EA  ,United Kingdom,1790574574.0,1790574575,-3.6245,53.5996,11879.58,False,234.79,125.19,0.33,,11978.64,5142,False,0,2026-09-28 05:49:42.078546
a584bb,N455AM  ,United States,1790574328.0,1790574328,-83.695,36.056,685.8,False,58.9,64.11,0.33,,678.18,,False,0,2026-09-28 05:49:42.078546
345204,VLG9NM  ,Spain,1790574574.0,1790574574,-0.8775,42.4416,8839.2,False,201.32,295.91,0.33,,9243.06,1000,False,0,2026-09-28 05:49:42.078546
345205,VLG8EQ  ,Spain,1790574574.0,1790574574,6.7517,43.1987,10363.2,False,227.27,49.31,0.0,,10835.64,1000,False,0,2026-09-28 05:49:42.078546
896668,ABY368  ,United Arab Emirates,1790574574.0,1790574574,53.7436,25.5328,8031.48,False,226.6,284.73,6.83,,8450.58,1756,False,0,2026-09-28 05:49:42.078546
781fd6,CSS168  ,China,1790574574.0,1790574574,77.8523,27.8826,8694.42,False,250.53,108.43,9.75,,9159.24,,False,0,2026-09-28 05:49:42.078546
a10614,AAL2113 ,United States,1790574574.0,1790574574,-122.3715,37.6156,,True,7.46,92.81,,,,,False,0,2026-09-28 05:49:42.078546
89666d,FDB564  ,United Arab Emirates,1790574574.0,1790574574,85.0845,22.9002,10363.2,False,251.93,274.8,0.0,,11033.76,4714,False,0,2026-09-28 05:49:42.078546
89666a,FJL671  ,United Arab Emirates,1790574575.0,1790574575,69.862,28.659,10980.42,False,213.1,207.93,0.33,,11544.3,,False,0,2026-09-28 05:49:42.078546
400fe2,EZY96CP ,United Kingdom,1790574574.0,1790574574,1.1726,51.9442,8229.6,False,220.2,69.91,0.0,,8488.68,7633,False,0,2026-09-28 05:49:42.078546
7501f9,XAX378  ,Malaysia,1790574574.0,1790574574,120.6247,24.6878,5082.54,False,172.11,39.54,-7.15,,5417.82,,False,0,2026-09-28 05:49:42.078546
400fe0,EZY63BG ,United Kingdom,1790574574.0,1790574575,3.7622,52.4845,3070.86,False,170.49,71.89,-3.9,,3215.64,7632,False,0,2026-09-28 05:49:42.078546
896677,ETD5SM  ,United Arab Emirates,1790574574.0,1790574574,50.6586,26.6521,9151.62,False,224.51,288.85,0.0,,9692.64,1711,False,0,2026-09-28 05:49:42.078546
780cb9,CCA167  ,China,1790574573.0,1790574573,119.34,38.8568,11049.0,False,290.61,102.26,3.9,,11422.38,,False,0,2026-09-28 05:49:42.078546
896682,UAE8Y   ,United Arab Emirates,1790574574.0,1790574574,80.2676,14.2858,12192.0,False,251.25,297.3,0.0,,12870.18,,False,0,2026-09-28 05:49:42.078546
896680,UAE88F  ,United Arab Emirates,1790574574.0,1790574574,3.9163,59.4646,11803.38,False,246.15,309.91,2.93,,11856.72,2706,False,0,2026-09-28 05:49:42.078546
780caa,CES515  ,China,1790574569.0,1790574573,129.4642,32.8006,10058.4,False,255.29,65.35,0.0,,10728.96,3664,False,0,2026-09-28 05:49:42.078546
407959,EZY2929 ,United Kingdom,1790574574.0,1790574574,-2.7492,51.3814,373.38,False,78.99,265.14,12.03,,464.82,,False,0,2026-09-28 05:49:42.078546
e0b392,ARG1687 ,Argentina,1790574574.0,1790574574,-58.4156,-34.5581,,True,4.63,298.12,,,,1627,False,0,2026-09-28 05:49:42.078546
4d00ee,LGL845  ,Luxembourg,1790574574.0,1790574574,16.9337,45.2258,11277.6,False,245.55,120.33,0.0,,11704.32,3505,False,0,2026-09-28 05:49:42.078546
c06c9c,CJT7510 ,Canada,1790574574.0,1790574574,-75.651,7.1563,11277.6,False,245.97,168.78,0.0,,12016.74,,False,0,2026-09-28 05:49:42.078546
4d00f6,LGL3RU  ,Luxembourg,1790574574.0,1790574574,19.2182,45.3085,11277.6,False,231.55,107.19,0.0,,11650.98,3507,False,0,2026-09-28 05:49:42.078546
8965d7,FDB1541 ,United Arab Emirates,1790574572.0,1790574572,35.4635,31.9556,2887.98,False,128.62,295.85,-5.2,,3048.0,,False,0,2026-09-28 05:49:42.078546
7c77f7,QFA6101 ,Australia,1790574574.0,1790574574,145.4281,-38.5459,4564.38,False,166.17,90.0,0.33,,4762.5,7213,False,0,2026-09-28 05:49:42.078546
8965d5,FDB3UF  ,United Arab Emirates,1790574574.0,1790574574,55.6664,25.0977,1455.42,False,110.09,269.73,-3.25,,1501.14,4726,False,0,2026-09-28 05:49:42.078546
7c77f5,QFA625  ,Australia,1790574400.0,1790574400,144.8492,-37.6676,,True,0.0,81.56,,,,1154,False,0,2026-09-28 05:49:42.078546
4d00ed,LGL665  ,Luxembourg,1790574574.0,1790574574,-0.2908,42.9035,11887.2,False,207.18,227.52,0.0,,12329.16,3503,False,0,2026-09-28 05:49:42.078546
748051,MEA211  ,Lebanon,1790574574.0,1790574574,32.2037,37.652,11582.4,False,234.63,311.8,0.0,,11925.3,5612,False,0,2026-09-28 05:49:42.078546
152071,SVR1574 ,Russian Federation,1790574569.0,1790574572,30.9922,36.9777,1844.04,False,143.74,95.75,11.38,,1882.14,4202,False,0,2026-09-28 05:49:42.078546
8832a8,TLM756  ,Thailand,1790574574.0,1790574574,99.9203,13.2158,8061.96,False,210.99,193.97,6.83,,7978.14,,False,0,2026-09-28 05:49:42.078546
8965cc,FDB4XN  ,United Arab Emirates,1790574367.0,1790574392,48.54,27.4473,9753.6,False,214.81,298.77,0.0,,10340.34,6201,False,0,2026-09-28 05:49:42.078546
c010f6,ACA747  ,Canada,1790574575.0,1790574575,-122.2541,37.5702,563.88,False,86.76,297.93,-4.88,,541.02,3317,False,0,2026-09-28 05:49:42.078546
748020,MEA247  ,Lebanon,1790574574.0,1790574574,26.4455,42.9974,9753.6,False,228.84,310.35,-0.33,,10027.92,1000,False,0,2026-09-28 05:49:42.078546
8965b1,FDB52X  ,United Arab Emirates,1790574574.0,1790574574,53.9418,25.4852,6972.3,False,218.25,284.89,6.18,,7368.54,0510,False,0,2026-09-28 05:49:42.078546
a99d87,ASA704  ,United States,1790574574.0,1790574574,-117.4536,37.7112,10264.14,False,234.58,139.36,-3.9,,10622.28,6647,False,0,2026-09-28 05:49:42.078546
748025,MEA215  ,Lebanon,1790574574.0,1790574574,26.5707,42.3928,10363.2,False,224.84,297.97,0.0,,10637.52,5604,False,0,2026-09-28 05:49:42.078546
748027,MEA404  ,Lebanon,1790574256.0,1790574472,35.486,34.0906,4693.92,False,197.42,40.46,8.45,,4884.42,,False,0,2026-09-28 05:49:42.078546
8832d5,TLM710  ,Thailand,1790574574.0,1790574574,100.6956,11.7992,9448.8,False,236.09,183.62,0.0,,9075.42,,False,0,2026-09-28 05:49:42.078546
4d00d6,LGL5L   ,Luxembourg,1790574574.0,1790574574,2.8267,51.3989,7315.2,False,171.0,306.56,0.0,,7612.38,5652,False,0,2026-09-28 05:49:42.078546
4d00d5,LGL691M ,Luxembourg,1790574320.0,1790574320,8.7201,45.6242,,True,0.0,78.75,,,,5271,True,0,2026-09-28 05:49:42.078546
4d00d4,LGL91B  ,Luxembourg,1790574574.0,1790574574,13.5089,52.371,,True,10.29,250.31,,,,1000,False,0,2026-09-28 05:49:42.078546
4d00d9,LGL5741 ,Luxembourg,1790574575.0,1790574575,6.8426,49.7693,4198.62,False,149.85,87.44,8.13,,4450.08,1000,False,0,2026-09-28 05:49:42.078546
8965b5,FDB34Q  ,United Arab Emirates,1790574365.0,1790574403,48.3109,27.5605,10972.8,False,206.11,299.12,0.0,,11620.5,2252,False,0,2026-09-28 05:49:42.078546
8965b4,FDB1YT  ,United Arab Emirates,1790574574.0,1790574574,51.2937,26.566,6088.38,False,188.42,87.81,10.4,,6446.52,2252,False,0,2026-09-28 05:49:42.078546
76cd71,SIA830  ,Singapore,1790574409.0,1790574409,114.423,24.0706,12527.28,False,236.51,26.34,0.0,,13380.72,0102,False,0,2026-09-28 05:49:42.078546
8965b2,FDB1147 ,United Arab Emirates,1790574574.0,1790574574,54.7477,25.3225,3779.52,False,188.6,273.28,7.48,,3992.88,0553,False,0,2026-09-28 05:49:42.078546
76cd74,SIA322  ,Singapore,1790574574.0,1790574575,3.8808,51.2753,11582.4,False,234.45,289.35,0.0,,11910.06,6604,False,0,2026-09-28 05:49:42.078546
76cd73,SIA319  ,Singapore,1790574574.0,1790574574,92.8205,13.4446,11277.6,False,250.29,135.67,0.0,,,,False,0,2026-09-28 05:49:42.078546
76cd77,SIA222  ,Singapore,1790574544.0,1790574546,146.9609,-29.2627,10972.8,False,248.85,325.78,0.0,,11353.8,1253,False,0,2026-09-28 05:49:42.078546
4d00de,LGL851W ,Luxembourg,1790574574.0,1790574574,10.7214,49.9533,10668.0,False,221.37,101.94,0.33,,11079.48,1000,False,0,2026-09-28 05:49:42.078546
4d00dd,LGL3831 ,Luxembourg,1790574574.0,1790574574,-0.9228,43.149,11887.2,False,203.46,200.27,-0.33,,12291.06,1000,False,0,2026-09-28 05:49:42.078546
75033c,AXM407  ,Malaysia,1790574574.0,1790574574,101.5524,2.1533,3878.58,False,172.03,339.89,-11.7,,4145.28,,False,0,2026-09-28 05:49:42.078546
4d00f3,LGL6EP  ,Luxembourg,1790574574.0,1790574575,2.9026,39.4916,3329.94,False,134.36,243.14,-4.23,,3566.16,1000,False,0,2026-09-28 05:49:42.078546
76cd6e,SIA228  ,Singapore,1790574571.0,1790574572,144.8398,-37.6567,,True,0.0,351.56,,,,,False,0,2026-09-28 05:49:42.078546
4d00e8,LGL7M   ,Luxembourg,1790574574.0,1790574574,-7.0333,43.6198,11887.2,False,207.62,219.37,0.0,,12222.48,3504,False,0,2026-09-28 05:49:42.078546
a2cfa2,SKW3956 ,United States,1790574574.0,1790574575,-122.3099,37.4952,3230.88,False,154.49,157.28,-5.53,,3291.84,3532,False,0,2026-09-28 05:49:42.078546
3c49b1,TUI18H  ,Germany,1790574575.0,1790574575,10.7994,48.5906,10751.82,False,236.52,133.59,5.2,,11186.16,7714,False,0,2026-09-28 05:49:42.078546
a35949,JBU454  ,United States,1790574574.0,1790574574,-117.7629,34.4374,4671.06,False,206.93,60.18,10.4,,4831.08,7307,False,0,2026-09-28 05:49:42.078546
4d00e9,LGL3769 ,Luxembourg,1790574575.0,1790574575,-6.1613,43.2696,11277.6,False,204.36,214.85,0.0,,11650.98,1000,False,0,2026-09-28 05:49:42.078546
8965c4,FDB1716 ,United Arab Emirates,1790574315.0,1790574315,39.4709,31.2592,10668.0,False,260.45,122.5,0.0,,11254.74,,False,0,2026-09-28 05:49:42.078546
4d00dc,LGL5433 ,Luxembourg,1790574438.0,1790574438,12.6351,55.626,,True,5.92,345.94,,,,3506,False,0,2026-09-28 05:49:42.078546
4d00db,LGL5401 ,Luxembourg,1790572694.0,1790574574,14.1822,55.8842,12496.8,False,238.67,46.05,0.0,,12816.84,3502,False,0,2026-09-28 05:49:42.078546
a0d374,AAL2298 ,United States,1790574574.0,1790574574,-119.8553,44.9174,10355.58,False,224.63,298.15,0.0,,10523.22,3622,False,0,2026-09-28 05:49:42.078546
4b984f,FHY751  ,Turkey,1790574574.0,1790574574,21.6903,51.0316,9631.68,False,214.01,359.72,-12.03,,9997.44,2377,False,0,2026-09-28 05:49:42.078546
407911,LOG27PR ,United Kingdom,1790574574.0,1790574574,-4.6341,55.9662,2293.62,False,94.78,337.33,7.8,,2331.72,,False,0,2026-09-28 05:49:42.078546
76cd7a,SIA325  ,Singapore,1790574574.0,1790574574,92.2479,14.0132,11887.2,False,244.47,134.32,0.0,,,,False,0,2026-09-28 05:49:42.078546
89409b,GFA048  ,Bahrain,1790574574.0,1790574575,28.3416,35.7664,11285.22,False,257.04,126.04,0.0,,11650.98,7421,False,0,2026-09-28 05:49:42.078546
780d87,CCA2846 ,China,1790574574.0,1790574574,117.5195,39.1604,1295.4,False,132.75,310.91,-2.6,,1348.74,,False,0,2026-09-28 05:49:42.078546
4b9856,FHY8013 ,Turkey,1790574574.0,1790574575,18.7429,44.2518,10675.62,False,250.65,131.84,0.0,,11056.62,0112,False,0,2026-09-28 05:49:42.078546
4b850d,TCAHM   ,Turkey,1790574490.0,1790574490,26.4608,40.0087,1363.98,False,31.48,348.69,1.63,,1455.42,,False,0,2026-09-28 05:49:42.078546
a2bccd,ASI455  ,United States,1790574574.0,1790574574,-112.0714,33.6719,754.38,False,44.43,84.69,-3.25,,708.66,,False,0,2026-09-28 05:49:42.078546
c010a8,ACA838  ,Canada,1790574574.0,1790574574,5.8577,51.9217,11277.6,False,252.92,128.64,-0.33,,11643.36,2026,False,0,2026-09-28 05:49:42.078546
748016,MEA265  ,Lebanon,1790574574.0,1790574574,34.0303,35.8587,10363.2,False,235.1,343.87,0.0,,10751.82,5637,False,0,2026-09-28 05:49:42.078546
8a08eb,SJV797  ,Indonesia,1790574574.0,1790574574,106.5705,-6.1431,487.68,False,72.89,67.6,-3.25,,525.78,,False,0,2026-09-28 05:49:42.078546
a691ed,N522SA  ,United States,1790574574.0,1790574574,-156.0326,20.0974,1508.76,False,70.48,179.58,0.0,,1584.96,,False,0,2026-09-28 05:49:42.078546
8965a3,EFC21G  ,United Arab Emirates,1790574574.0,1790574574,55.1043,24.7949,358.14,False,65.16,317.24,0.33,,289.56,,False,0,2026-09-28 05:49:42.078546
7c64f5,T77     ,Australia,1790574572.0,1790574573,115.881,-32.1003,15.24,False,0.0,0.0,0.0,,-7.62,3000,False,0,2026-09-28 05:49:42.078546
7c77fa,QFA136  ,Australia,1790574574.0,1790574574,171.1976,-42.9949,8854.44,False,208.83,292.14,5.85,,8732.52,,False,0,2026-09-28 05:49:42.078546
15202b,AFL796  ,Russian Federation,1790574472.0,1790574472,30.7945,36.9072,,True,8.75,33.75,,,,5316,True,0,2026-09-28 05:49:42.078546
894096,XLR351  ,Bahrain,1790574574.0,1790574574,54.8199,25.5732,11277.6,False,262.57,108.15,0.0,,11917.68,2273,False,0,2026-09-28 05:49:42.078546
89408d,GFA143  ,Bahrain,1790574509.0,1790574562,-5.9812,33.6422,8412.48,False,217.18,243.56,-11.05,,8862.06,7740,False,0,2026-09-28 05:49:42.078546
3450d8,AEA025  ,Spain,1790574574.0,1790574574,-49.7327,-2.5641,12192.0,False,240.06,218.74,0.0,,12938.76,,False,0,2026-09-28 05:49:42.078546
a7ad84,DAL495  ,United States,1790574575.0,1790574575,-119.4914,38.24,10058.4,False,264.56,81.05,0.98,,10325.1,3240,False,0,2026-09-28 05:49:42.078546
a33325,AAY30   ,United States,1790574574.0,1790574575,-113.133,42.7759,11871.96,False,219.57,163.39,-0.33,,12245.34,6001,False,0,2026-09-28 05:49:42.078546
aceb61,SWA1666 ,United States,1790574529.0,1790574529,-122.3806,37.6168,,True,0.0,298.12,,,,,False,0,2026-09-28 05:49:42.078546
a92d6d,UAL58   ,United States,1790574574.0,1790574575,-5.8934,54.463,10668.0,False,259.82,109.19,-0.33,,10690.86,2016,False,0,2026-09-28 05:49:42.078546
899087,EVA049  ,Taiwan,1790574574.0,1790574574,-97.2876,32.7922,2446.02,False,159.93,297.8,11.7,,2545.08,,False,0,2026-09-28 05:49:42.078546
040188,ETH714  ,Ethiopia,1790574574.0,1790574574,17.9192,59.6539,-68.58,False,71.14,190.42,0.65,,60.96,,False,0,2026-09-28 05:49:42.078546
732543,,Islamic Republic of Iran,1790574574.0,1790574574,32.5283,40.9641,12192.0,False,242.27,296.08,0.0,,12527.28,,False,0,2026-09-28 05:49:42.078546
899082,EVA642  ,Taiwan,1790574574.0,1790574574,-151.7733,60.7653,4404.36,False,184.59,52.59,-8.45,,4183.38,,False,0,2026-09-28 05:49:42.078546
89907e,EVA237  ,Taiwan,1790574573.0,1790574574,113.9942,3.4846,10965.18,False,268.04,211.34,0.0,,11750.04,,False,0,2026-09-28 05:49:42.078546
4ca4b0,ITY9925 ,Ireland,1790574574.0,1790574575,25.0988,35.2572,12199.62,False,221.17,311.7,0.0,,12626.34,,False,0,2026-09-28 05:49:42.078546
ac52ff,SWA2651 ,United States,1790574574.0,1790574574,-98.3566,30.7451,3855.72,False,204.88,118.5,-12.68,,4076.7,,False,0,2026-09-28 05:49:42.078546
aa5b92,AAL52   ,United States,1790574574.0,1790574575,0.9248,45.6724,11887.2,False,256.58,100.75,0.0,,12291.06,1000,False,0,2026-09-28 05:49:42.078546
899095,EVA802  ,Taiwan,1790574337.0,1790574477,114.9655,21.5394,6477.0,False,225.19,82.52,5.85,,7010.4,,False,0,2026-09-28 05:49:42.078546
3b775d,CTM2064 ,France,1790574574.0,1790574575,1.9362,48.1138,586.74,False,129.79,87.27,0.0,,693.42,3327,False,0,2026-09-28 05:49:42.078546
899097,EVA130  ,Taiwan,1790574543.0,1790574543,121.0991,25.0544,1569.72,False,141.4,335.95,0.98,,1645.92,,False,0,2026-09-28 05:49:42.078546
040198,ETH500  ,Ethiopia,1790574575.0,1790574575,-3.3817,52.3693,11582.4,False,241.84,299.29,0.0,,11727.18,5760,False,0,2026-09-28 05:49:42.078546
a42a91,FFT2418 ,United States,1790574535.0,1790574535,-81.3175,28.4495,,True,0.0,180.0,,,,,False,0,2026-09-28 05:49:42.078546
040171,ETH644  ,Ethiopia,1790574574.0,1790574574,111.9677,23.0929,9037.32,False,216.28,102.78,-4.88,,9685.02,,False,0,2026-09-28 05:49:42.078546
c1e977,,Canada,1790574526.0,1790574526,-79.6165,43.668,,True,1.03,56.25,,,,,False,0,2026-09-28 05:49:42.078546
3b776d,FAF2612 ,France,1790574573.0,1790574574,75.2975,26.7168,6705.6,False,199.9,256.61,0.0,,7040.88,,False,0,2026-09-28 05:49:42.078546
7c3a6c,AM774   ,Australia,1790574551.0,1790574552,147.1385,-42.4227,2430.78,False,122.9,169.63,-6.18,,2560.32,,False,0,2026-09-28 05:49:42.078546
c04051,ROU1731 ,Canada,1790574358.0,1790574358,-112.0114,33.4395,,True,1.03,191.25,,,,2642,False,0,2026-09-28 05:49:42.078546
89905a,TTW237  ,Taiwan,1790574573.0,1790574575,132.284,34.2904,9745.98,False,225.82,208.43,0.0,,10355.58,,False,0,2026-09-28 05:49:42.078546
89905c,TTW201  ,Taiwan,1790574574.0,1790574575,136.7831,34.8215,10972.8,False,202.29,244.87,0.0,,11650.98,3777,False,0,2026-09-28 05:49:42.078546
a64924,DAL68   ,United States,1790574573.0,1790574573,134.1078,35.5321,10058.4,False,284.99,57.46,0.33,,10637.52,,False,0,2026-09-28 05:49:42.078546
899077,EVA234  ,Taiwan,1790574575.0,1790574575,121.2142,25.1784,1303.02,False,179.26,41.74,-6.5,,1386.84,,False,0,2026-09-28 05:49:42.078546
c0404e,WJA430  ,Canada,1790574574.0,1790574574,-111.2062,53.0108,9448.8,False,250.01,101.63,6.5,,9456.42,,False,0,2026-09-28 05:49:42.078546
899072,UIA9192 ,Taiwan,1790574573.0,1790574573,119.5589,23.979,5791.2,False,230.26,87.05,0.0,,6179.82,,False,0,2026-09-28 05:49:42.078546
c07996,TSC206  ,Canada,1790574575.0,1790574575,-63.7429,49.8113,12496.8,False,252.59,67.61,0.0,,12908.28,3256,False,0,2026-09-28 05:49:42.078546
a38641,SKW3991 ,United States,1790574575.0,1790574575,-122.6463,45.9692,8747.76,False,198.42,350.15,-10.4,,8900.16,3255,False,0,2026-09-28 05:49:42.078546
4bcd86,SXS6HK  ,Turkey,1790574574.0,1790574574,18.3488,44.2969,11582.4,False,214.99,315.29,0.0,,11993.88,3224,False,0,2026-09-28 05:49:42.078546
4bcd85,SXS4KR  ,Turkey,1790574564.0,1790574564,35.8273,39.1729,12192.0,False,218.68,276.89,0.0,,12565.38,,False,0,2026-09-28 05:49:42.078546
4bcd83,SXS4QE  ,Turkey,1790574574.0,1790574574,24.8094,44.4017,10972.8,False,233.59,313.75,0.0,,11239.5,3273,False,0,2026-09-28 05:49:42.078546
4bcd82,SXS5KX  ,Turkey,1790574574.0,1790574574,6.6353,51.2073,1203.96,False,104.8,175.21,4.55,,1325.88,7664,False,0,2026-09-28 05:49:42.078546
c07993,TSC764  ,Canada,1790574574.0,1790574574,-65.0749,46.8092,11887.2,False,248.92,93.44,0.0,,12367.26,2233,False,0,2026-09-28 05:49:42.078546
89902d,TTW779  ,Taiwan,1790574572.0,1790574573,135.1919,33.2999,10111.74,False,212.98,252.57,1.63,,10744.2,3742,False,0,2026-09-28 05:49:42.078546
392973,AFM01A  ,France,1790574574.0,1790574574,4.988,45.1303,868.68,False,49.33,97.79,1.3,,982.98,1000,False,0,2026-09-28 05:49:42.078546
c0532c,,Canada,1790574574.0,1790574574,0.8019,50.9325,952.5,False,73.2,236.76,5.53,,1059.18,,False,0,2026-09-28 05:49:42.078546
7c0634,BIE     ,Australia,1790574573.0,1790574574,151.3166,-32.8819,922.02,False,44.35,183.99,-0.65,,1082.04,,False,0,2026-09-28 05:49:42.078546
040140,ETH740  ,Ethiopia,1790574574.0,1790574574,-6.4845,40.6111,9441.18,False,218.6,284.17,0.0,,9837.42,2673,False,0,2026-09-28 05:49:42.078546
406ec9,BAW11   ,United Kingdom,1790574572.0,1790574572,95.2393,11.1085,11277.6,False,253.45,130.97,0.0,,,,False,0,2026-09-28 05:49:42.078546
c81958,ANZ375L ,New Zealand,1790574518.0,1790574518,172.5248,-43.4952,99.06,False,56.92,40.6,-3.25,,68.58,,False,0,2026-09-28 05:49:42.078546
c81959,ANZ199L ,New Zealand,1790574574.0,1790574574,172.7131,-43.3987,7315.2,False,110.82,233.87,0.0,,7193.28,,False,0,2026-09-28 05:49:42.078546
4ca4f5,RUK997J ,Ireland,1790574574.0,1790574574,1.3681,51.4172,11277.6,False,234.06,111.26,0.0,,11559.54,7303,False,0,2026-09-28 05:49:42.078546
39aca4,FHLFE   ,France,1790574573.0,1790574574,-0.5771,48.039,579.12,False,120.97,100.78,0.33,,662.94,,False,0,2026-09-28 05:49:42.078546
4ca4f8,RYR72FM ,Ireland,1790574574.0,1790574575,4.2902,41.1182,11277.6,False,220.97,277.36,-0.33,,11757.66,4032,False,0,2026-09-28 05:49:42.078546
c1e973,ESC111  ,Canada,1790574491.0,1790574491,-79.6167,43.6679,,True,2.06,160.31,,,,,False,0,2026-09-28 05:49:42.078546
040159,ETH3657 ,Ethiopia,1790574574.0,1790574574,85.7909,22.5853,9753.6,False,263.52,255.99,0.0,,10378.44,3105,False,0,2026-09-28 05:49:42.078546
4ca4f2,RYR69BQ ,Ireland,1790574574.0,1790574574,6.6778,40.3525,10972.8,False,235.95,76.51,0.0,,11430.0,1411,False,0,2026-09-28 05:49:42.078546
c8195a,ANZ257L ,New Zealand,1790574574.0,1790574574,175.587,-40.229,7315.2,False,118.72,195.84,0.33,,7231.38,,False,0,2026-09-28 05:49:42.078546
899055,EVA157  ,Taiwan,1790574508.0,1790574514,122.0171,25.6002,3718.56,False,169.47,254.87,-3.58,,3954.78,,False,0,2026-09-28 05:49:42.078546
c8195b,ANZ763L ,New Zealand,1790574574.0,1790574574,173.0458,-41.4219,7322.82,False,113.84,195.73,0.0,,7239.0,,False,0,2026-09-28 05:49:42.078546
899058,TTW772  ,Taiwan,1790574572.0,1790574573,120.3599,22.5752,,True,11.83,92.81,,,,,False,0,2026-09-28 05:49:42.078546
c8195c,ANZ096L ,New Zealand,1790574475.0,1790574513,175.0196,-37.1642,2423.16,False,119.21,15.78,-7.8,,2468.88,,False,0,2026-09-28 05:49:42.078546
4ca4f0,RYR2DG  ,Ireland,1790574574.0,1790574575,4.3468,50.429,1150.62,False,106.1,245.05,16.26,,1242.06,,False,0,2026-09-28 05:49:42.078546
899054,UIA512  ,Taiwan,1790574572.0,1790574572,121.1155,24.6735,4206.24,False,167.81,47.11,-3.58,,4472.94,,False,0,2026-09-28 05:49:42.078546
a55d8e,N445DU  ,United States,1790574559.0,1790574559,-79.2894,35.3297,495.3,False,58.09,22.93,0.0,,457.2,,False,0,2026-09-28 05:49:42.078546
899053,EVA181  ,Taiwan,1790574573.0,1790574574,122.3981,25.8652,9144.0,False,248.42,229.28,0.0,,9822.18,,False,0,2026-09-28 05:49:42.078546
899050,EVA169  ,Taiwan,1790574511.0,1790574511,121.2325,25.0748,,True,0.0,317.81,,,,,False,0,2026-09-28 05:49:42.078546
a38633,AAL1356 ,United States,1790574566.0,1790574571,-115.1337,36.0799,,True,0.0,194.06,,,,,False,0,2026-09-28 05:49:42.078546
ab4732,AAL281  ,United States,1790574562.0,1790574568,133.9545,36.089,11582.4,False,199.94,279.78,-0.65,,12214.86,3101,False,0,2026-09-28 05:49:42.078546
89900e,EVA201  ,Taiwan,1790574574.0,1790574574,100.791,13.8854,975.36,False,74.86,194.32,-2.28,,990.6,,False,0,2026-09-28 05:49:42.078546
a18cbb,UAL153  ,United States,1790574572.0,1790574573,121.7839,22.543,10058.4,False,256.03,55.06,-0.33,,10812.78,,False,0,2026-09-28 05:49:42.078546
a79d78,ASA244  ,United States,1790574574.0,1790574574,-123.369,46.7486,6141.72,False,196.11,73.23,-10.08,,6263.64,2444,False,0,2026-09-28 05:49:42.078546
899027,TTW285  ,Taiwan,1790574574.0,1790574574,122.2506,25.75,9304.02,False,247.3,229.22,-4.55,,9997.44,,False,0,2026-09-28 05:49:42.078546
899026,        ,Taiwan,1790574361.0,1790574362,121.2406,25.0783,,False,0.0,0.0,0.0,,,,False,0,2026-09-28 05:49:42.078546
040127,ETH728  ,Ethiopia,1790574574.0,1790574574,5.5885,46.4322,5440.68,False,198.35,334.5,10.73,,5753.1,5721,False,0,2026-09-28 05:49:42.078546
7c0616,BHK     ,Australia,1790574574.0,1790574574,150.7641,-34.1765,640.08,False,59.14,334.77,0.33,,800.1,1200,False,0,2026-09-28 05:49:42.078546
899025,TTW235  ,Taiwan,1790574572.0,1790574572,131.4736,32.5926,9144.0,False,236.54,220.24,0.33,,9730.74,3655,False,0,2026-09-28 05:49:42.078546
040123,ETH736  ,Ethiopia,1790574574.0,1790574575,8.3313,47.6059,1417.32,False,106.06,112.83,-6.5,,1584.96,1000,False,0,2026-09-28 05:49:42.078546
781535,CSZ8106 ,China,1790574559.0,1790574562,115.9286,38.3145,11003.28,False,207.63,199.69,-0.33,,11483.34,,False,0,2026-09-28 05:49:42.078546
89901e,CAL011  ,Taiwan,1790574575.0,1790574575,-73.7854,40.6222,,True,3.34,104.06,,,,,False,0,2026-09-28 05:49:42.078546
89901c,CAL783  ,Taiwan,1790574574.0,1790574574,121.2485,25.083,,True,10.8,50.62,,,,,False,0,2026-09-28 05:49:42.078546
49d3d4,TVS4WY  ,Czech Republic,1790574574.0,1790574574,27.8362,36.387,1767.84,False,136.85,269.35,12.35,,1821.18,,False,0,2026-09-28 05:49:42.078546
49d3d6,TVS2509 ,Czech Republic,1790574535.0,1790574536,18.184,49.7415,441.96,False,75.32,226.38,-3.9,,601.98,4444,False,0,2026-09-28 05:49:42.078546
780205,CPA884  ,China,1790574575.0,1790574575,118.9667,22.8265,9448.8,False,250.75,58.59,0.0,,10149.84,,False,0,2026-09-28 05:49:42.078546
899039,EVA068  ,Taiwan,1790574574.0,1790574574,86.6604,22.5148,10058.4,False,241.99,123.55,0.0,,10713.72,4514,False,0,2026-09-28 05:49:42.078546
040131,ETH717  ,Ethiopia,1790574574.0,1790574574,14.4415,40.0624,12077.7,False,243.06,129.42,4.88,,12504.42,,False,0,2026-09-28 05:49:42.078546
899032,EVA227  ,Taiwan,1790574574.0,1790574574,101.5431,3.0142,1661.16,False,105.08,148.41,-6.18,,1760.22,,False,0,2026-09-28 05:49:42.078546
a2fcf2,ASA594  ,United States,1790574574.0,1790574574,-120.4956,42.4417,11582.4,False,240.62,350.28,0.0,,11833.86,7217,False,0,2026-09-28 05:49:42.078546
abde0b,DAL2904 ,United States,1790574574.0,1790574575,-121.9309,37.3688,,True,0.06,129.38,,,,,False,0,2026-09-28 05:49:42.078546
406f87,EXS89PK ,United Kingdom,1790574574.0,1790574574,-2.4483,53.2729,1135.38,False,134.79,179.34,13.0,,1219.2,,False,0,2026-09-28 05:49:42.078546
86ee7e,ANA806  ,Japan,1790574574.0,1790574575,140.5837,33.5915,8625.84,False,236.35,37.39,-5.53,,9197.34,3502,False,0,2026-09-28 05:49:42.078546
a13386,DAL78   ,United States,1790574575.0,1790574575,3.3826,50.9948,10972.8,False,246.59,101.92,0.0,,11315.7,2244,False,0,2026-09-28 05:49:42.078546
a75634,DAL822  ,United States,1790574575.0,1790574575,-114.7205,36.1961,4846.32,False,203.72,90.14,9.75,,5021.58,,False,0,2026-09-28 05:49:42.078546
486491,KLM42T  ,Kingdom of the Netherlands,1790574574.0,1790574574,0.4383,55.2379,12397.74,False,214.35,133.35,2.6,,12542.52,7623,False,0,2026-09-28 05:49:42.078546
486492,KLM27E  ,Kingdom of the Netherlands,1790574574.0,1790574574,6.6278,48.627,10561.32,False,217.62,179.46,-5.2,,10972.8,1000,False,0,2026-09-28 05:49:42.078546
406f73,BAW138  ,United Kingdom,1790574285.0,1790574285,-0.4757,51.4675,,True,3.09,267.19,,,,0354,False,0,2026-09-28 05:49:42.078546
486495,,Kingdom of the Netherlands,1790574572.0,1790574572,4.7765,52.3137,,True,14.92,0.0,,,,,False,0,2026-09-28 05:49:42.078546
486494,KLM40W  ,Kingdom of the Netherlands,1790574574.0,1790574575,-0.5645,53.3531,8663.94,False,199.74,125.78,8.78,,8854.44,6323,False,0,2026-09-28 05:49:42.078546
a6dfaa,DAL568  ,United States,1790574574.0,1790574574,-114.4026,35.8817,3459.48,False,155.67,307.21,-4.23,,3589.02,1701,False,0,2026-09-28 05:49:42.078546
a7696a,N577LF  ,United States,1790574542.0,1790574545,-80.751,33.4825,320.04,False,61.53,137.37,-0.65,,289.56,,False,0,2026-09-28 05:49:42.078546
486483,KLC86M  ,Kingdom of the Netherlands,1790574560.0,1790574560,4.7138,52.3316,,True,13.89,132.19,,,,1000,False,0,2026-09-28 05:49:42.078546
4ca4ee,RYR69BY ,Ireland,1790574574.0,1790574574,0.119,52.0355,1569.72,False,136.36,268.7,8.13,,1661.16,7726,False,0,2026-09-28 05:49:42.078546
4ca4ed,RYR292Q ,Ireland,1790574574.0,1790574574,10.391,40.5545,10363.2,False,233.62,197.96,-4.55,,10797.54,,False,0,2026-09-28 05:49:42.078546
4ca4ec,RYR3NL  ,Ireland,1790574574.0,1790574574,-0.2284,45.1177,11582.4,False,238.51,335.54,0.0,,11948.16,5331,False,0,2026-09-28 05:49:42.078546
a7a616,DAL819  ,United States,1790574570.0,1790574570,-117.1795,32.7301,,True,1.29,106.88,,,,,True,0,2026-09-28 05:49:42.078546
485123,TRA4J   ,Kingdom of the Netherlands,1790574574.0,1790574574,7.5982,51.2272,9502.14,False,234.5,106.96,6.18,,9875.52,3151,False,0,2026-09-28 05:49:42.078546
485122,TRA39E  ,Kingdom of the Netherlands,1790574572.0,1790574574,-8.1932,37.5965,3444.24,False,174.97,178.48,-10.4,,3657.6,3730,False,0,2026-09-28 05:49:42.078546
71f895,AAAAAAA ,Republic of Korea,1790574574.0,1790574574,128.9109,35.1741,586.74,False,71.79,297.3,10.08,,617.22,7234,False,0,2026-09-28 05:49:42.078546
ac65fb,SWA4466 ,United States,1790574575.0,1790574575,-117.5247,32.9324,3954.78,False,152.6,307.6,14.96,,4076.7,1037,False,0,2026-09-28 05:49:42.078546
882e62,,Thailand,1790574364.0,1790574364,54.6547,24.4253,,True,7.46,129.38,,,,,False,0,2026-09-28 05:49:42.078546
868b50,ANA405  ,Japan,1790574574.0,1790574574,139.7868,35.5648,,True,4.89,67.5,,,,,False,0,2026-09-28 05:49:42.078546
89909f,EVA116  ,Taiwan,1790574574.0,1790574574,141.6781,42.8655,571.5,False,80.98,172.33,-4.88,,518.16,,False,0,2026-09-28 05:49:42.078546
3c1aeb,KLM1497 ,Germany,1790574574.0,1790574575,2.7018,45.8582,10668.0,False,221.3,178.4,0.0,,11079.48,1000,False,0,2026-09-28 05:49:42.078546
89909d,EVA189  ,Taiwan,1790574574.0,1790574574,122.1225,25.1,1988.82,False,162.68,267.83,-8.13,,2118.36,,False,0,2026-09-28 05:49:42.078546
502daa,SWR464L ,Latvia,1790574574.0,1790574574,15.7511,46.2108,10668.0,False,241.79,109.51,0.0,,11087.1,3007,False,0,2026-09-28 05:49:42.078546
502dac,AUA311T ,Latvia,1790574574.0,1790574574,12.8652,49.1466,10363.2,False,210.74,308.86,0.0,,10774.68,1000,False,0,2026-09-28 05:49:42.078546
780297,CSN3771 ,China,1790574574.0,1790574574,116.7782,39.6377,9479.28,False,236.94,19.93,0.0,,9784.08,,False,0,2026-09-28 05:49:42.078546
ac668d,SWA2452 ,United States,1790574540.0,1790574540,-96.8534,32.8442,,True,5.92,326.25,,,,1566,False,0,2026-09-28 05:49:42.078546
502dae,SWR42B  ,Latvia,1790574569.0,1790574574,8.5557,47.4526,,True,3.34,348.75,,,,1000,False,0,2026-09-28 05:49:42.078546
502da9,BTI7PY  ,Latvia,1790574574.0,1790574575,11.9488,50.9257,11582.4,False,215.79,212.44,0.0,,11986.26,1000,False,0,2026-09-28 05:49:42.078546
78029e,CSS383  ,China,1790574572.0,1790574572,-149.9911,61.1745,,True,0.0,33.75,,,,,False,0,2026-09-28 05:49:42.078546
a17b16,DAL34   ,United States,1790574574.0,1790574575,-62.6444,44.9727,10668.0,False,259.68,67.4,0.0,,11117.58,3147,False,0,2026-09-28 05:49:42.078546
c051d1,TSC653  ,Canada,1790574575.0,1790574575,-83.854,28.4221,10668.0,False,238.37,25.85,0.0,,11186.16,,False,0,2026-09-28 05:49:42.078546
845ce4,APJ528  ,Japan,1790574574.0,1790574574,140.5394,35.8991,1691.64,False,114.69,301.05,-3.25,,1783.08,0442,False,0,2026-09-28 05:49:42.078546
ac536c,SWA207  ,United States,1790574566.0,1790574566,-117.1891,32.7299,,True,2.06,289.69,,,,5736,True,0,2026-09-28 05:49:42.078546
c1e7e7,MTC25   ,Canada,1790574569.0,1790574569,-79.6406,43.6877,,True,5.4,126.56,,,,,False,0,2026-09-28 05:49:42.078546
aca35d,REH50   ,United States,1790574335.0,1790574336,-122.9821,41.4345,4259.58,False,119.41,333.1,0.0,,4328.16,,False,0,2026-09-28 05:49:42.078546
508429,SEU7131 ,Ukraine,1790574515.0,1790574527,30.7539,31.8787,11277.6,False,239.3,137.88,0.0,,11803.38,,False,0,2026-09-28 05:49:42.078546
44813d,BIRD154 ,Belgium,1790574572.0,1790574572,4.5107,50.8973,,True,3.86,106.88,,,,,False,0,2026-09-28 05:49:42.078546
c1e7f2,SW268   ,Canada,1790574302.0,1790574302,-79.6202,43.6879,,True,8.23,289.69,,,,,False,0,2026-09-28 05:49:42.078546
aa6cfa,CKS517  ,United States,1790574571.0,1790574571,28.7083,41.2227,327.66,False,63.8,359.08,-3.25,,411.48,1147,False,0,2026-09-28 05:49:42.078546
406f3b,TOM017  ,United Kingdom,1790574483.0,1790574483,-0.1816,51.1623,,True,3.34,53.44,,,,7661,False,0,2026-09-28 05:49:42.078546
a4f690,N419LG  ,United States,1790574574.0,1790574574,-88.3515,21.1957,11574.78,False,186.78,290.98,0.33,,12252.96,,False,0,2026-09-28 05:49:42.078546
394a00,AFR099  ,France,1790574573.0,1790574574,1.0428,49.3288,4351.02,False,200.79,94.7,-9.75,,4564.38,6310,False,0,2026-09-28 05:49:42.078546
c064d8,ROU1889 ,Canada,1790574574.0,1790574574,-97.6987,20.4733,11582.4,False,254.28,225.41,0.0,,12359.64,,False,0,2026-09-28 05:49:42.078546
394a04,AFR021  ,France,1790574574.0,1790574574,-7.8617,53.8156,11277.6,False,251.93,117.09,0.0,,11292.84,6326,False,0,2026-09-28 05:49:42.078546
394a08,AFR454  ,France,1790574572.0,1790574574,-37.4993,-1.9899,10363.2,False,257.1,203.59,0.0,,11049.0,,False,0,2026-09-28 05:49:42.078546
a4e35f,DAL220  ,United States,1790574574.0,1790574574,-10.8567,54.3175,11582.4,False,254.14,109.39,0.0,,11513.82,,False,0,2026-09-28 05:49:42.078546
4ca570,RYR33TQ ,Ireland,1790574575.0,1790574575,14.0152,41.9768,8709.66,False,228.58,340.95,6.83,,9098.28,,False,0,2026-09-28 05:49:42.078546
a4d040,NAC1731 ,United States,1790574571.0,1790574573,-149.9595,61.1721,,True,4.89,0.0,,,,4247,False,0,2026-09-28 05:49:42.078546
394a12,AFR415  ,France,1790574575.0,1790574575,-6.1059,36.4344,10972.8,False,266.07,15.25,-0.65,,11468.1,6216,False,0,2026-09-28 05:49:42.078546
4ca565,RYR66LN ,Ireland,1790574574.0,1790574574,-4.4457,55.1976,5524.5,False,205.34,57.07,-4.88,,5577.84,6011,False,0,2026-09-28 05:49:42.078546
4ca569,RYR41NU ,Ireland,1790574575.0,1790574575,3.3912,52.3142,11277.6,False,244.13,92.78,0.0,,11582.4,3450,False,0,2026-09-28 05:49:42.078546
86da5c,ANA1224 ,Japan,1790574574.0,1790574574,141.3282,40.1583,9570.72,False,207.06,182.85,-17.23,,10058.4,,False,0,2026-09-28 05:49:42.078546
a1a8da,AVA223  ,United States,1790574449.0,1790574449,-67.5907,-2.2371,11277.6,False,240.71,96.38,0.0,,12031.98,,False,0,2026-09-28 05:49:42.078546
a31e37,PD30    ,United States,1790574574.0,1790574574,-117.5917,34.0381,739.14,False,33.26,39.35,0.0,,716.28,,False,0,2026-09-28 05:49:42.078546
4ca536,SAS63Y  ,Ireland,1790574574.0,1790574574,3.7086,49.9121,11277.6,False,206.71,217.21,0.0,,11658.6,0751,False,0,2026-09-28 05:49:42.078546
7814b7,CSN3301 ,China,1790574268.0,1790574270,117.3606,39.1252,,True,0.9,334.69,,,,,False,0,2026-09-28 05:49:42.078546
8881ef,VJC929  ,Viet Nam,1790574574.0,1790574574,106.6375,-6.0218,2225.04,False,153.43,247.73,-14.63,,2369.82,,False,0,2026-09-28 05:49:42.078546
3e017b,CHX31   ,Germany,1790574381.0,1790574381,13.4164,52.3744,-15.24,False,13.35,62.45,-0.98,,106.68,,False,0,2026-09-28 05:49:42.078546
a9c078,N7274G  ,United States,1790574574.0,1790574574,-123.0723,44.5075,1066.8,False,39.31,353.99,0.65,,1074.42,,False,0,2026-09-28 05:49:42.078546
3c70ca,GEC8411 ,Germany,1790574574.0,1790574574,25.9013,44.8098,10363.2,False,245.04,299.15,0.0,,10599.42,1000,False,0,2026-09-28 05:49:42.078546
899000,CAL081  ,Taiwan,1790574573.0,1790574574,80.1301,27.4473,11582.4,False,257.46,317.67,0.0,,12268.2,,False,0,2026-09-28 05:49:42.078546
781555,CHH753  ,China,1790574575.0,1790574575,-2.2867,53.3494,,True,5.92,261.56,,,,7570,False,0,2026-09-28 05:49:42.078546
781550,CSN6561 ,China,1790574354.0,1790574354,116.5442,37.0451,9784.08,False,190.15,246.9,0.0,,10271.76,,False,0,2026-09-28 05:49:42.078546
780220,CPA548  ,China,1790574574.0,1790574574,140.1376,35.7037,1577.34,False,115.81,335.6,0.33,,1645.92,3571,False,0,2026-09-28 05:49:42.078546
04022c,ETH3618 ,Ethiopia,1790574574.0,1790574574,126.2793,37.5059,2202.18,False,138.92,271.06,20.81,,2240.28,7162,False,0,2026-09-28 05:49:42.078546
899016,CAL5301 ,Taiwan,1790574574.0,1790574575,138.5962,35.1584,8549.64,False,199.95,264.69,-7.15,,9083.04,3125,False,0,2026-09-28 05:49:42.078546
5082f0,MGH195  ,Ukraine,1790574574.0,1790574574,30.4676,39.1931,10363.2,False,222.48,332.9,0.0,,10614.66,5357,False,0,2026-09-28 05:49:42.078546
899014,CAL5345 ,Taiwan,1790574574.0,1790574574,-102.7317,37.2612,12192.0,False,198.03,278.21,0.0,,12809.22,3122,False,0,2026-09-28 05:49:42.078546
394a0d,AFR345M ,France,1790574552.0,1790574552,2.5597,49.023,,True,6.43,177.19,,,,6342,False,0,2026-09-28 05:49:42.078546
ac0fdc,SWA2105 ,United States,1790574368.0,1790574369,-157.9357,21.3079,76.2,False,70.17,53.05,-3.25,,91.44,,False,0,2026-09-28 05:49:42.078546
780231,CPA2098 ,China,1790574574.0,1790574574,-96.4536,49.5129,10668.0,False,268.19,128.14,0.0,,10888.98,,False,0,2026-09-28 05:49:42.078546
3de0be,DHFJA   ,Germany,1790574330.0,1790574330,12.2059,54.0375,15.24,False,34.98,118.07,-1.63,,106.68,,False,0,2026-09-28 05:49:42.078546
4ca56c,RYR213W ,Ireland,1790574574.0,1790574574,-3.2304,40.2712,2438.4,False,126.18,279.39,-3.58,,2621.28,1000,False,0,2026-09-28 05:49:42.078546
78022e,,China,1790574574.0,1790574574,113.9318,22.3161,,True,3.86,208.12,,,,,False,0,2026-09-28 05:49:42.078546
040203,ETH672  ,Ethiopia,1790574574.0,1790574574,116.3988,40.3609,10088.88,False,293.03,96.45,0.0,,10332.72,,False,0,2026-09-28 05:49:42.078546
a622b0,N495AE  ,United States,1790574574.0,1790574574,-97.7196,35.4569,1043.94,False,57.19,86.91,0.0,,1059.18,,False,0,2026-09-28 05:49:42.078546
48c5e5,SAR1976 ,Poland,1790574574.0,1790574575,20.255,44.8425,190.5,False,68.93,122.5,-4.55,,327.66,5430,False,0,2026-09-28 05:49:42.078546
48c5e4,SRN194  ,Poland,1790574575.0,1790574575,8.5915,46.6375,7010.4,False,138.52,174.46,0.0,,7360.92,0631,False,0,2026-09-28 05:49:42.078546
341391,AME4581 ,Spain,1790574574.0,1790574574,-0.0569,45.9933,10965.18,False,254.47,25.89,0.0,,11353.8,1000,False,0,2026-09-28 05:49:42.078546
a7b8d7,EJA597  ,United States,1790574574.0,1790574574,-77.103,39.3128,4602.48,False,193.03,63.57,0.0,,4648.2,5673,False,0,2026-09-28 05:49:42.078546
78023d,CPA740  ,China,1790574574.0,1790574574,114.0333,21.8552,3276.6,False,165.69,88.75,-4.23,,3467.1,3112,False,0,2026-09-28 05:49:42.078546
395d66,BGA114G ,France,1790574558.0,1790574567,1.3568,43.6249,,True,0.0,323.44,,,,2000,False,0,2026-09-28 05:49:42.078546
06a3b6,QTR8U   ,Qatar,1790574571.0,1790574571,-87.901,41.9674,,True,7.72,87.19,,,,0701,False,0,2026-09-28 05:49:42.078546
4a5d2e,HYS7122 ,Romania,1790574574.0,1790574574,30.5131,39.4762,10363.2,False,221.11,352.38,0.0,,10599.42,6327,False,0,2026-09-28 05:49:42.078546
06a3b0,A7GQC   ,Qatar,1790574574.0,1790574574,51.7733,25.3308,213.36,False,69.06,236.55,-0.33,,144.78,1514,False,0,2026-09-28 05:49:42.078546
ac5326,SWA1679 ,United States,1790574574.0,1790574574,-112.5507,38.9289,11582.4,False,189.53,262.2,0.0,,12054.84,3247,False,0,2026-09-28 05:49:42.078546
ac7988,SWA1076 ,United States,1790574574.0,1790574574,-116.8495,32.6976,1828.8,False,123.02,250.2,0.0,,1874.52,7053,False,0,2026-09-28 05:49:42.078546
3ce6e4,PWF911  ,Germany,1790574574.0,1790574574,9.4594,50.0996,7315.2,False,162.91,7.44,0.0,,7650.48,5044,False,0,2026-09-28 05:49:42.078546
781590,CHH474  ,China,1790574575.0,1790574575,133.0718,35.3385,10248.9,False,208.41,308.28,7.15,,10843.26,,False,0,2026-09-28 05:49:42.078546
780260,CSN3511 ,China,1790574574.0,1790574575,113.7606,23.3169,4023.36,False,200.79,57.45,8.45,,4259.58,,False,0,2026-09-28 05:49:42.078546
a4f5a0,ASA524  ,United States,1790574574.0,1790574574,-122.3597,47.6013,1699.26,False,129.07,311.12,11.38,,1714.5,,False,0,2026-09-28 05:49:42.078546
a3e8dc,DAL2891 ,United States,1790574575.0,1790574575,-113.0196,34.5446,10058.4,False,283.12,79.43,0.0,,10576.56,6760,False,0,2026-09-28 05:49:42.078546
3c70b8,KAY53   ,Germany,1790574574.0,1790574574,-114.876,42.7195,10668.0,False,270.19,49.94,0.0,,10942.32,,False,0,2026-09-28 05:49:42.078546
7c0581,BDF     ,Australia,1790574320.0,1790574320,150.6779,-34.0416,-38.1,False,38.2,64.47,-4.88,,129.54,3000,False,0,2026-09-28 05:49:42.078546
760a08,SIF721  ,Pakistan,1790574574.0,1790574574,73.7098,31.2399,7467.6,False,229.7,39.0,-9.75,,7818.12,,False,0,2026-09-28 05:49:42.078546
a515ad,AAL399  ,United States,1790574574.0,1790574574,-136.659,57.3282,10066.02,False,251.37,127.43,0.33,,9814.56,0113,False,0,2026-09-28 05:49:42.078546
78158e,CHH7973 ,China,1790574256.0,1790574261,8.7145,45.6283,,True,0.06,168.75,,,,1000,False,0,2026-09-28 05:49:42.078546
78158c,CHH791  ,China,1790574573.0,1790574574,134.4615,33.4468,11277.6,False,255.68,82.72,0.0,,12001.5,4426,False,0,2026-09-28 05:49:42.078546
78158d,CHH7630 ,China,1790574535.0,1790574574,113.5512,22.1668,4206.24,False,184.05,13.41,0.33,,4465.32,,False,0,2026-09-28 05:49:42.078546
a768c2,DAL2103 ,United States,1790574574.0,1790574574,-112.4733,36.1589,9281.16,False,206.36,238.77,-4.88,,9745.98,3646,False,0,2026-09-28 05:49:42.078546
3c70c1,GEC8431 ,Germany,1790574574.0,1790574574,15.7353,47.8595,10363.2,False,232.96,290.56,0.0,,10774.68,3255,False,0,2026-09-28 05:49:42.078546
34134d,IBE04LC ,Spain,1790574574.0,1790574574,-3.4381,40.26,1242.06,False,133.14,36.52,-2.6,,1356.36,3430,False,0,2026-09-28 05:49:42.078546
3c70c4,GEC8404 ,Germany,1790574574.0,1790574574,12.3082,48.6338,9448.8,False,258.51,107.97,0.0,,9852.66,6430,False,0,2026-09-28 05:49:42.078546
3c70c8,GEC8375 ,Germany,1790574574.0,1790574575,15.1933,48.0081,10363.2,False,235.63,289.78,0.0,,10782.3,3250,False,0,2026-09-28 05:49:42.078546
34134e,IBE0671 ,Spain,1790574574.0,1790574575,-3.4868,40.6396,1813.56,False,115.95,41.04,3.9,,1958.34,1000,False,0,2026-09-28 05:49:42.078546
a2a2e6,UAL992  ,United States,1790574573.0,1790574573,1.1525,41.6454,5905.5,False,186.74,99.51,-5.85,,6248.4,1000,False,0,2026-09-28 05:49:42.078546
78027c,CCA1381 ,China,1790574574.0,1790574574,113.5556,23.4331,3124.2,False,154.98,10.71,9.43,,3268.98,,False,0,2026-09-28 05:49:42.078546
ad864e,N9702L  ,United States,1790574574.0,1790574574,-86.2935,37.2383,1737.36,False,48.77,26.29,0.65,,1760.22,,False,0,2026-09-28 05:49:42.078546
502d10,ASL96K  ,Latvia,1790574575.0,1790574575,19.269,49.6642,10972.8,False,215.1,348.69,0.0,,11338.56,5207,False,0,2026-09-28 05:49:42.078546
44d1ba,JAF88H  ,Belgium,1790574575.0,1790574575,-2.4277,41.2845,11277.6,False,209.0,203.35,0.0,,11734.8,7124,False,0,2026-09-28 05:49:42.078546
4ba9ea,THY85T  ,Turkey,1790574574.0,1790574574,30.7515,37.2671,11582.4,False,241.46,354.25,0.0,,11902.44,1141,False,0,2026-09-28 05:49:42.078546
86ef28,ANA836  ,Japan,1790574575.0,1790574575,138.7736,32.7094,11544.3,False,272.2,73.76,-2.6,,12306.3,3212,False,0,2026-09-28 05:49:42.078546
009e2b,LNK926Q ,South Africa,1790574574.0,1790574574,27.695,-26.7363,5935.98,False,174.06,14.2,-7.15,,6271.26,,False,0,2026-09-28 05:49:42.078546
717020,,Saudi Arabia,,1790574512,,,335.28,False,64.25,155.9,-1.63,,358.14,7636,False,0,2026-09-28 05:49:42.078546
502d14,,Latvia,,1790574475,,,,False,214.49,348.8,0.0,,,,False,0,2026-09-28 05:49:42.078546
8403e8,CKSTR12 ,Japan,1790574574.0,1790574574,144.1871,43.6369,1135.38,False,92.23,3.2,1.3,,1127.76,,False,0,2026-09-28 05:49:42.078546
781600,AMU128  ,China,1790574526.0,1790574534,116.9662,23.4527,10706.1,False,222.3,46.03,0.0,,11475.72,,False,0,2026-09-28 05:49:42.078546
781601,AMU162  ,China,1790574563.0,1790574568,117.8245,24.1147,10088.88,False,234.17,47.76,0.0,,10843.26,3363,False,0,2026-09-28 05:49:42.078546
44d1a6,JAF7HW  ,Belgium,1790574574.0,1790574574,-5.4076,43.9751,11277.6,False,207.27,211.91,-0.33,,11635.74,7150,False,0,2026-09-28 05:49:42.078546
44d1a7,JAF97T  ,Belgium,1790574573.0,1790574574,13.7725,44.9504,10668.0,False,229.9,134.82,0.0,,11117.58,1000,False,0,2026-09-28 05:49:42.078546
44d1a5,JAF3HX  ,Belgium,1790574574.0,1790574574,0.4003,42.9758,11277.6,False,212.88,191.15,0.0,,11734.8,1000,False,0,2026-09-28 05:49:42.078546
71c015,JNA303  ,Republic of Korea,1790574574.0,1790574574,141.798,42.9663,1325.88,False,110.99,319.89,-1.3,,1295.4,,False,0,2026-09-28 05:49:42.078546
040049,ETH724  ,Ethiopia,1790574574.0,1790574574,15.669,49.119,11795.76,False,229.1,335.74,7.48,,12214.86,4546,False,0,2026-09-28 05:49:42.078546
71c016,JNA206  ,Republic of Korea,1790574574.0,1790574575,137.522,36.2194,11582.4,False,181.38,273.25,0.0,,12222.48,6121,False,0,2026-09-28 05:49:42.078546
44d1b3,JAF9TC  ,Belgium,1790574574.0,1790574574,0.8303,44.1782,11277.6,False,211.56,181.95,0.0,,11711.94,7157,False,0,2026-09-28 05:49:42.078546
44d1b4,JAF68V  ,Belgium,1790574574.0,1790574574,2.7057,40.5754,8610.6,False,225.94,181.7,-11.05,,9075.42,2342,False,0,2026-09-28 05:49:42.078546
4ba9e6,THY67F  ,Turkey,1790573832.0,1790574299,69.8493,32.2207,10965.18,False,216.69,232.91,0.33,,11445.24,,False,0,2026-09-28 05:49:42.078546
76e949,A1      ,Singapore,1790574563.0,1790574563,103.9855,1.3726,,True,10.29,202.5,,,,,False,0,2026-09-28 05:49:42.078546
06a374,QTR1170 ,Qatar,1790574574.0,1790574574,49.9994,22.9091,9144.0,False,241.31,275.38,0.0,,9715.5,2140,False,0,2026-09-28 05:49:42.078546
4ba9e2,THY1BX  ,Turkey,1790574574.0,1790574574,22.1277,48.1769,10972.8,False,227.01,324.22,0.0,,11285.22,2666,False,0,2026-09-28 05:49:42.078546
4ba9e1,THY3JL  ,Turkey,1790574574.0,1790574574,27.2183,42.0337,8656.32,False,226.44,293.71,5.2,,8915.4,7354,False,0,2026-09-28 05:49:42.078546
502d24,DLH2467 ,Latvia,1790574574.0,1790574574,11.5554,48.3254,1143.0,False,99.42,83.46,-1.3,,1295.4,1150,False,0,2026-09-28 05:49:42.078546
04004a,ETH574  ,Ethiopia,1790574574.0,1790574574,-11.3408,55.0169,12184.38,False,238.81,296.9,-0.33,,12108.18,5731,False,0,2026-09-28 05:49:42.078546
89917e,CAL161  ,Taiwan,1790574488.0,1790574488,122.3253,26.2234,6149.34,False,209.67,215.21,-6.5,,7680.96,,False,0,2026-09-28 05:49:42.078546
502d0d,AUA30P  ,Latvia,1790574574.0,1790574574,7.9212,51.3943,10668.0,False,226.23,113.59,0.0,,11064.24,1000,False,0,2026-09-28 05:49:42.078546
502d0c,ASL64F  ,Latvia,1790574574.0,1790574575,23.5096,38.6586,10668.0,False,235.49,163.11,0.0,,11018.52,,False,0,2026-09-28 05:49:42.078546
502d0f,AUA96F  ,Latvia,1790574574.0,1790574574,15.4708,50.0285,10363.2,False,216.58,3.95,0.33,,10767.06,1000,False,0,2026-09-28 05:49:42.078546
502d0e,BTI7HB  ,Latvia,1790571920.0,1790574571,24.6556,54.4612,10363.2,False,159.92,251.62,10.73,,,1000,False,0,2026-09-28 05:49:42.078546
71c002,KAL648  ,Republic of Korea,1790574574.0,1790574574,126.4297,37.2022,845.82,False,119.92,103.14,-2.6,,883.92,0171,False,0,2026-09-28 05:49:42.078546
71c005,KAL249  ,Republic of Korea,1790574575.0,1790574575,-152.7572,60.7396,6606.54,False,197.68,69.11,-8.45,,6316.98,,False,0,2026-09-28 05:49:42.078546
adb0b4,AAL2038 ,United States,1790574574.0,1790574574,-105.7942,34.3709,10363.2,False,204.88,272.01,0.0,,10972.8,,False,0,2026-09-28 05:49:42.078546
4ba9f5,THY6282 ,Turkey,1790574147.0,1790574571,35.4037,34.5869,11277.6,False,249.14,139.27,0.0,,11765.28,2755,False,0,2026-09-28 05:49:42.078546
502d29,BEL5RA  ,Latvia,1790574575.0,1790574575,12.9078,49.6106,8839.2,False,231.76,124.78,0.0,,9235.44,1000,False,0,2026-09-28 05:49:42.078546
44d1c2,JAF3DN  ,Belgium,1790574575.0,1790574575,13.3105,42.5959,12321.54,False,221.96,151.18,-4.88,,12755.88,1000,False,0,2026-09-28 05:49:42.078546
06a384,A7GQA   ,Qatar,1790574571.0,1790574573,51.6291,25.0592,411.48,False,56.03,13.27,-1.95,,373.38,1522,False,0,2026-09-28 05:49:42.078546
502d28,BTI8FH  ,Latvia,1790574574.0,1790574574,12.4345,55.6961,11582.4,False,199.03,234.26,0.0,,11910.06,3523,False,0,2026-09-28 05:49:42.078546
06a390,QTR15R  ,Qatar,1790574574.0,1790574574,75.7165,28.7356,8176.26,False,239.87,264.34,10.73,,8572.5,,False,0,2026-09-28 05:49:42.078546
89914a,MDA370  ,Taiwan,1790574575.0,1790574575,120.453,24.2937,3954.78,False,134.12,55.94,-0.33,,4168.14,,False,0,2026-09-28 05:49:42.078546
781624,CQH8780 ,China,1790574547.0,1790574547,118.6577,24.8969,10088.88,False,233.97,46.34,0.0,,10850.88,,False,0,2026-09-28 05:49:42.078546
502d59,BTI83L  ,Latvia,1790572696.0,1790574574,23.2945,56.7859,10363.2,False,2.18,45.0,-15.93,,4351.02,1000,False,0,2026-09-28 05:49:42.078546
502d58,SWR8CH  ,Latvia,1790574575.0,1790574575,8.9663,47.5618,6339.84,False,193.98,27.65,12.03,,6682.74,1000,False,0,2026-09-28 05:49:42.078546
502d44,DLH05M  ,Latvia,1790574574.0,1790574575,7.3603,43.4718,1417.32,False,124.62,221.65,-3.25,,1584.96,1000,False,0,2026-09-28 05:49:42.078546
502d46,BEL94L  ,Latvia,1790574574.0,1790574574,2.819,49.0674,9144.0,False,231.18,329.95,0.0,,9502.14,1000,False,0,2026-09-28 05:49:42.078546
ab4840,,United States,1790574541.0,1790574541,-14.0475,49.933,10668.0,False,265.0,93.78,0.0,,10751.82,,False,0,2026-09-28 05:49:42.078546
04002f,ETH689  ,Ethiopia,1790574573.0,1790574573,70.8343,28.4019,10972.8,False,230.47,266.16,0.0,,11536.68,,False,0,2026-09-28 05:49:42.078546
502d45,BTI31G  ,Latvia,1790574574.0,1790574574,24.443,59.4025,739.14,False,106.18,36.93,-1.95,,906.78,6024,False,0,2026-09-28 05:49:42.078546
38941b,AIB805  ,France,1790574570.0,1790574571,1.3534,43.6301,,True,0.0,233.44,,,,,False,0,2026-09-28 05:49:42.078546
8403a4,CKSTR10 ,Japan,1790574573.0,1790574573,134.5033,34.3492,2453.64,False,135.26,41.14,-0.33,,2583.18,,False,0,2026-09-28 05:49:42.078546
a91b2b,GUG703  ,United States,1790574537.0,1790574537,-90.5292,14.5781,,True,12.35,19.69,,,,2767,False,0,2026-09-28 05:49:42.078546
040030,,Ethiopia,1790574343.0,1790574343,72.8699,19.0951,,True,0.77,230.62,,,,,False,0,2026-09-28 05:49:42.078546
44d1a1,JAF2JW  ,Belgium,1790574575.0,1790574575,-2.1646,41.6975,11277.6,False,206.03,204.65,0.0,,11719.56,7166,False,0,2026-09-28 05:49:42.078546
89912f,SJX802  ,Taiwan,1790574574.0,1790574575,141.0234,35.4096,3657.6,False,156.28,311.93,-2.28,,3848.1,2614,False,0,2026-09-28 05:49:42.078546
89912b,EVA183  ,Taiwan,1790574574.0,1790574574,137.6573,34.9976,11574.78,False,218.77,247.9,0.33,,12275.82,6055,False,0,2026-09-28 05:49:42.078546
a6ce7d,DAL1662 ,United States,1790574574.0,1790574575,-112.6698,38.3508,9761.22,False,191.63,209.25,0.33,,10203.18,6005,False,0,2026-09-28 05:49:42.078546
781649,AMU855  ,China,1790574574.0,1790574574,134.7572,34.3635,2796.54,False,132.8,229.4,15.28,,2918.46,,False,0,2026-09-28 05:49:42.078546
76e988,R16     ,Singapore,1790574555.0,1790574555,103.9977,1.3843,,True,5.14,22.5,,,,,False,0,2026-09-28 05:49:42.078546
899146,UIA8732 ,Taiwan,1790574339.0,1790574339,120.6186,24.2962,304.8,False,59.78,176.55,-2.93,,327.66,,False,0,2026-09-28 05:49:42.078546
899142,UIA8725 ,Taiwan,1790574574.0,1790574574,121.4801,24.9934,1912.62,False,90.45,139.15,5.85,,2004.06,,False,0,2026-09-28 05:49:42.078546
845f5a,JAL2765 ,Japan,1790574574.0,1790574574,141.7298,43.2578,2987.04,False,107.22,62.57,7.8,,2994.66,,False,0,2026-09-28 05:49:42.078546
4481c9,BIRD326 ,Belgium,1790574416.0,1790574416,4.474,50.8996,,True,6.69,2.81,,,,,False,0,2026-09-28 05:49:42.078546
89913c,UIA8961 ,Taiwan,1790574442.0,1790574551,119.532,23.9821,3070.86,False,127.3,266.52,0.0,,3238.5,,False,0,2026-09-28 05:49:42.078546
49d2b7,EWG2GR  ,Czech Republic,1790574574.0,1790574574,27.5557,36.5835,3817.62,False,160.11,111.29,-10.4,,3962.4,7712,False,0,2026-09-28 05:49:42.078546
89913e,EVA272  ,Taiwan,1790574573.0,1790574573,120.7363,16.5026,11269.98,False,250.35,357.06,0.33,,12092.94,,False,0,2026-09-28 05:49:42.078546
a875da,UAL330  ,United States,1790574563.0,1790574568,-62.0359,46.0588,10980.42,False,261.08,66.67,-0.33,,11430.0,2434,False,0,2026-09-28 05:49:42.078546
89913d,UIA8707 ,Taiwan,1790574574.0,1790574574,120.1747,22.7068,1546.86,False,121.37,330.83,0.0,,1607.82,,False,0,2026-09-28 05:49:42.078546
4481af,BIRD380 ,Belgium,1790574574.0,1790574574,4.4989,50.9144,,True,8.23,81.56,,,,,False,0,2026-09-28 05:49:42.078546
502d5e,SWR36K  ,Latvia,1790574575.0,1790574575,6.8747,46.7244,8008.62,False,206.32,231.07,6.18,,8412.48,3004,False,0,2026-09-28 05:49:42.078546
502d5f,BTI87A  ,Latvia,1790574574.0,1790574575,11.2139,54.3426,10972.8,False,205.28,244.78,0.0,,11338.56,3522,False,0,2026-09-28 05:49:42.078546
502d5a,BTI9WL  ,Latvia,1790571717.0,1790574574,24.7599,54.4912,10363.2,False,1669.32,237.74,0.0,,,1000,False,0,2026-09-28 05:49:42.078546
502d5c,SWR98C  ,Latvia,1790574574.0,1790574574,11.1764,45.182,8839.2,False,226.02,151.74,0.0,,9250.68,1000,False,0,2026-09-28 05:49:42.078546
502d5b,SWR3CA  ,Latvia,1790574574.0,1790574574,11.1686,47.5705,10058.4,False,231.5,71.61,-0.33,,10492.74,1000,False,0,2026-09-28 05:49:42.078546
76e98d,R52     ,Singapore,1790574291.0,1790574334,103.9926,1.3725,,True,5.66,22.5,,,,,False,0,2026-09-28 05:49:42.078546
78031e,CCA419  ,China,1790574573.0,1790574573,113.9307,22.3166,,True,0.0,340.31,,,,1547,False,0,2026-09-28 05:49:42.078546
8990a5,CAL5225 ,Taiwan,1790574575.0,1790574575,-147.9365,60.7736,6751.32,False,196.47,257.6,-8.45,,6469.38,0516,False,0,2026-09-28 05:49:42.078546
7814ba,CCA440  ,China,1790574570.0,1790574574,123.9333,37.1319,9784.08,False,188.25,237.61,0.0,,10241.28,0140,False,0,2026-09-28 05:49:42.078546
8990a0,CAL5381 ,Taiwan,1790574574.0,1790574574,-84.4642,30.7215,10972.8,False,236.48,314.12,0.0,,11460.48,7470,False,0,2026-09-28 05:49:42.078546
7801a3,CPA423  ,China,1790574575.0,1790574575,120.3134,22.5777,685.8,False,86.46,271.7,3.58,,723.9,,False,0,2026-09-28 05:49:42.078546
aba9e7,SWA1497 ,United States,1790574301.0,1790574301,-104.6696,39.8642,,True,4.37,174.38,,,,3411,False,0,2026-09-28 05:49:42.078546
71c072,ASV905  ,Republic of Korea,1790574574.0,1790574574,126.7154,35.2529,5486.4,False,181.79,185.03,0.0,,5722.62,4305,False,0,2026-09-28 05:49:42.078546
4a2821,YRJAA   ,Romania,1790574558.0,1790574561,25.932,44.8911,342.9,False,34.87,338.36,-1.63,,472.44,,False,0,2026-09-28 05:49:42.078546
c05416,WJA720  ,Canada,1790574574.0,1790574574,-79.8107,43.5729,1021.08,False,88.18,48.31,-4.23,,1013.46,7025,False,0,2026-09-28 05:49:42.078546
8990a9,CAL706  ,Taiwan,1790574574.0,1790574574,120.5739,21.7215,10668.0,False,231.83,346.4,0.0,,11460.48,,False,0,2026-09-28 05:49:42.078546
a36130,DAL2635 ,United States,1790574574.0,1790574574,-123.2467,42.3851,10058.4,False,260.41,178.42,0.0,,10264.14,1631,False,0,2026-09-28 05:49:42.078546
8990b4,EVA165  ,Taiwan,1790574574.0,1790574574,134.298,34.5367,9144.0,False,225.24,211.08,0.33,,9715.5,3753,False,0,2026-09-28 05:49:42.078546
7801b6,CPA420  ,China,1790574494.0,1790574494,113.9191,22.3142,,True,10.29,340.31,,,,,False,0,2026-09-28 05:49:42.078546
8990ad,MDA1266 ,Taiwan,1790574574.0,1790574574,121.6433,25.074,541.02,False,80.06,264.84,-5.85,,571.5,,False,0,2026-09-28 05:49:42.078546
7801b1,HKE112  ,China,1790574570.0,1790574573,119.5242,23.3135,9989.82,False,232.05,55.11,-5.2,,10690.86,,False,0,2026-09-28 05:49:42.078546
71c062,JJA1327 ,Republic of Korea,1790574508.0,1790574508,130.1902,37.001,11277.6,False,276.09,121.82,0.0,,11788.14,4305,False,0,2026-09-28 05:49:42.078546
a98408,FFT3205 ,United States,1790574574.0,1790574575,-102.8737,38.3742,10370.82,False,213.35,312.65,0.0,,10896.6,2570,False,0,2026-09-28 05:49:42.078546
7801af,CPA973  ,China,1790574563.0,1790574570,113.9297,22.3132,,True,0.26,0.0,,,,7010,False,0,2026-09-28 05:49:42.078546
7814dc,CSN3056 ,China,1790574574.0,1790574574,101.2295,19.1572,11277.6,False,248.99,48.77,0.0,,12016.74,,False,0,2026-09-28 05:49:42.078546
71c095,TWB652  ,Republic of Korea,1790574573.0,1790574573,120.3403,22.5742,,True,0.0,92.81,,,,,False,0,2026-09-28 05:49:42.078546
aa6ed1,AAL2876 ,United States,1790574575.0,1790574575,-117.5813,47.5893,891.54,False,69.12,45.0,-3.9,,906.78,,False,0,2026-09-28 05:49:42.078546
71c089,JJA6255 ,Republic of Korea,1790574541.0,1790574542,127.5152,33.8139,9852.66,False,229.25,197.5,5.85,,10462.26,4106,False,0,2026-09-28 05:49:42.078546
84183d,JTA5    ,Japan,1790574567.0,1790574567,133.9369,33.8171,8206.74,False,211.44,242.94,6.5,,8290.56,,False,0,2026-09-28 05:49:42.078546
7c4e56,PRC     ,Australia,1790574575.0,1790574575,144.6602,-38.2614,701.04,False,58.65,90.0,0.0,,838.2,1200,False,0,2026-09-28 05:49:42.078546
71c084,KAL2022 ,Republic of Korea,1790574430.0,1790574439,121.867,25.868,8054.34,False,233.26,36.39,8.13,,8656.32,,False,0,2026-09-28 05:49:42.078546
ac53d5,SWA4440 ,United States,1790574574.0,1790574574,-117.8756,33.4975,8732.52,False,256.9,7.59,2.6,,9128.76,4612,False,0,2026-09-28 05:49:42.078546
7814fb,CSN688  ,China,1790574574.0,1790574575,126.1305,37.4789,3733.8,False,147.3,258.93,23.08,,3848.1,4115,False,0,2026-09-28 05:49:42.078546
ac53be,SKW5753 ,United States,1790574327.0,1790574327,-118.5455,39.4084,10058.4,False,271.51,68.78,-0.65,,10325.1,3205,False,0,2026-09-28 05:49:42.078546
4b3510,HBUCM   ,Switzerland,1790574574.0,1790574574,7.9068,47.1773,1470.66,False,58.76,93.51,,,1623.06,7000,False,0,2026-09-28 05:49:42.078546
71c032,JJA125  ,Republic of Korea,1790574574.0,1790574575,126.6382,37.5939,1821.18,False,139.43,227.24,17.88,,1859.28,7237,False,0,2026-09-28 05:49:42.078546
06a30a,QTR8975 ,Qatar,1790574573.0,1790574574,87.1143,16.7455,9753.6,False,260.15,283.84,0.0,,10332.72,,False,0,2026-09-28 05:49:42.078546
86dc60,SJO452  ,Japan,1790574419.0,1790574572,138.3948,32.1821,10668.0,False,240.64,65.9,0.0,,11353.8,,False,0,2026-09-28 05:49:42.078546
a3615f,FFT1439 ,United States,1790574574.0,1790574574,-112.4035,36.0368,8831.58,False,208.33,183.96,0.0,,9258.3,6032,False,0,2026-09-28 05:49:42.078546
71c059,,Republic of Korea,1790574567.0,1790574567,126.4421,37.466,,True,1.03,320.62,,,,,False,0,2026-09-28 05:49:42.078546
71c056,TWB644  ,Republic of Korea,1790574341.0,1790574341,115.4614,21.756,9685.02,False,233.61,96.7,9.75,,10347.96,,False,0,2026-09-28 05:49:42.078546
ad60b7,JBU1574 ,United States,1790574574.0,1790574574,-115.6895,34.1863,9197.34,False,268.84,59.66,0.98,,9646.92,6747,False,0,2026-09-28 05:49:42.078546
040087,ETH552  ,Ethiopia,1790574574.0,1790574574,-2.6955,47.8934,11574.78,False,248.79,306.85,0.33,,11871.96,4005,False,0,2026-09-28 05:49:42.078546
71c051,JJA120  ,Republic of Korea,1790574574.0,1790574574,127.1675,36.8908,4084.32,False,183.08,43.06,-3.58,,4236.72,5047,False,0,2026-09-28 05:49:42.078546
c06724,ACA1104 ,Canada,1790574574.0,1790574574,-111.9497,49.9044,10668.0,False,255.65,84.92,0.0,,10782.3,7040,False,0,2026-09-28 05:49:42.078546
04008b,ETH3753 ,Ethiopia,1790574573.0,1790574573,-1.7276,39.7975,10972.8,False,257.88,118.87,0.0,,11452.86,1457,False,0,2026-09-28 05:49:42.078546
48520a,TRA51K  ,Kingdom of the Netherlands,1790574574.0,1790574574,15.9434,45.8207,12496.8,False,235.97,132.35,0.0,,12908.28,0150,False,0,2026-09-28 05:49:42.078546
86ef6c,ANA852  ,Japan,1790574574.0,1790574575,121.767,25.1698,3848.1,False,198.27,58.04,12.03,,4084.32,,False,0,2026-09-28 05:49:42.078546
48520d,TRA83R  ,Kingdom of the Netherlands,1790574574.0,1790574575,1.9242,47.4418,11277.6,False,212.1,192.18,0.0,,11635.74,1000,False,0,2026-09-28 05:49:42.078546
48520c,TRA79X  ,Kingdom of the Netherlands,1790574575.0,1790574575,4.5162,51.0672,7246.62,False,186.89,218.07,9.75,,7536.18,2115,False,0,2026-09-28 05:49:42.078546
485207,KLC32D  ,Kingdom of the Netherlands,1790574574.0,1790574574,4.6224,56.2837,10972.8,False,203.83,184.49,0.0,,11193.78,1145,False,0,2026-09-28 05:49:42.078546
485209,TRA15N  ,Kingdom of the Netherlands,1790574574.0,1790574574,1.3145,45.2176,11879.58,False,209.58,192.33,0.0,,12283.44,1000,False,0,2026-09-28 05:49:42.078546
06a2d2,A04     ,Qatar,1790574573.0,1790574575,51.4238,25.863,701.04,False,58.0,96.62,2.28,,670.56,1532,False,0,2026-09-28 05:49:42.078546
84176b,JAL8680 ,Japan,1790574574.0,1790574575,140.8105,35.8701,2209.8,False,112.83,260.02,-5.53,,2278.38,0042,False,0,2026-09-28 05:49:42.078546
485206,KLM86H  ,Kingdom of the Netherlands,1790574574.0,1790574574,1.0959,47.7349,11582.4,False,250.52,11.01,-0.33,,11948.16,1000,False,0,2026-09-28 05:49:42.078546
479ee7,NSZ5380 ,Norway,1790574569.0,1790574569,-0.2255,38.4014,3238.5,False,158.98,19.67,6.18,,3436.62,,False,0,2026-09-28 05:49:42.078546
a9d44c,AAL2159 ,United States,1790574574.0,1790574574,-104.6073,35.3568,10370.82,False,181.65,235.5,-4.88,,10911.84,2232,False,0,2026-09-28 05:49:42.078546
06a2e7,QTR839  ,Qatar,1790574432.0,1790574432,81.7192,20.3074,11574.78,False,254.17,287.19,0.0,,12298.68,0725,False,0,2026-09-28 05:49:42.078546
a06f7d,N127UH  ,United States,1790574575.0,1790574575,-115.6409,36.221,13365.48,False,230.99,116.74,-4.23,,13921.74,3323,False,0,2026-09-28 05:49:42.078546
06a2e4,QTR1150 ,Qatar,1790574573.0,1790574574,50.1751,26.3569,2491.74,False,141.2,291.14,-0.65,,2628.9,2107,False,0,2026-09-28 05:49:42.078546
06a2e3,QTR8230 ,Qatar,1790574573.0,1790574574,36.7936,40.2739,11887.2,False,235.76,107.53,0.0,,12252.96,7120,False,0,2026-09-28 05:49:42.078546
06a2e0,QTR8952 ,Qatar,1790574574.0,1790574574,98.1028,21.4419,12496.8,False,226.14,105.3,0.0,,13251.18,2135,False,0,2026-09-28 05:49:42.078546
a146f1,SWA3120 ,United States,1790574566.0,1790574566,-122.5822,45.5883,,True,11.32,118.12,,,,,False,0,2026-09-28 05:49:42.078546
503fc4,ELY5187 ,Lithuania,1790574574.0,1790574574,23.4146,40.294,11582.4,False,215.31,303.5,-0.33,,11940.54,4137,False,0,2026-09-28 05:49:42.078546
06a2dd,A03     ,Qatar,1790574572.0,1790574574,51.0532,25.6698,754.38,False,52.58,323.35,-1.63,,731.52,1531,False,0,2026-09-28 05:49:42.078546
06a2db,A06     ,Qatar,1790573376.0,1790574575,51.5615,25.2687,670.56,False,47.64,335.1,3.25,,129.54,1530,False,0,2026-09-28 05:49:42.078546
06a2f7,QTR61L  ,Qatar,1790574574.0,1790574574,76.3639,10.289,11582.4,False,260.15,308.82,-0.33,,12260.58,,False,0,2026-09-28 05:49:42.078546
06a2f3,QTR56E  ,Qatar,1790574568.0,1790574574,50.2623,26.3241,8763.0,False,227.36,291.92,4.23,,9288.78,2127,False,0,2026-09-28 05:49:42.078546
a67f04,SCX3067 ,United States,1790574575.0,1790574575,-101.6542,34.1248,10972.8,False,204.36,290.94,0.0,,11635.74,,False,0,2026-09-28 05:49:42.078546
502cc6,BTI15P  ,Latvia,1790574566.0,1790574566,11.1015,60.1995,,True,9.77,106.88,,,,0250,False,0,2026-09-28 05:49:42.078546
46ced4,SEH2AK  ,Greece,1790574524.0,1790574524,23.9328,37.9332,,True,0.0,219.38,,,,,False,0,2026-09-28 05:49:42.078546
06a2eb,QTR057  ,Qatar,1790574574.0,1790574574,51.4835,25.0123,4907.28,False,180.42,165.81,10.4,,5158.74,2121,False,0,2026-09-28 05:49:42.078546
503fd9,LYF468  ,Lithuania,1790573380.0,1790574572,23.158,55.9317,3048.0,False,62.58,296.35,4.55,,,4310,False,0,2026-09-28 05:49:42.078546
4b8de5,CAI14JW ,Turkey,1790574574.0,1790574574,29.7871,40.3858,10363.2,False,230.46,325.46,0.0,,10622.28,6353,False,0,2026-09-28 05:49:42.078546
a8b44e,N660AW  ,United States,1790574551.0,1790574551,-75.241,39.8742,,True,0.0,25.31,,,,,False,0,2026-09-28 05:49:42.078546
49d414,TVS1234 ,Czech Republic,1790574408.0,1790574408,26.9552,34.8059,10668.0,False,239.1,159.73,0.0,,11049.0,4440,False,0,2026-09-28 05:49:42.078546
06a2fe,QTR976  ,Qatar,1790574574.0,1790574574,99.8454,20.9847,11887.2,False,242.8,105.86,0.33,,12633.96,3243,False,0,2026-09-28 05:49:42.078546
06a2fd,QTR983  ,Qatar,1790574575.0,1790574575,71.1582,22.8387,11574.78,False,249.19,264.31,0.0,,12275.82,,False,0,2026-09-28 05:49:42.078546
502ccd,ASL82X  ,Latvia,1790574575.0,1790574575,15.118,46.4127,10363.2,False,212.31,298.99,0.0,,10797.54,7212,False,0,2026-09-28 05:49:42.078546
502ccf,BTI89G  ,Latvia,1790574574.0,1790574574,13.8718,49.7744,10363.2,False,222.48,227.53,0.0,,10774.68,1000,False,0,2026-09-28 05:49:42.078546
a85119,JBU264  ,United States,1790574574.0,1790574574,-119.4007,47.5747,9418.32,False,242.55,79.12,3.9,,9555.48,3520,False,0,2026-09-28 05:49:42.078546
502ce6,BTI74A  ,Latvia,1790574377.0,1790574377,13.4965,52.3521,,True,31.38,70.31,,,,1000,False,0,2026-09-28 05:49:42.078546
502ce5,BTI6RV  ,Latvia,1790571439.0,1790574574,23.3561,56.7879,10363.2,False,164.0,261.16,14.31,,,1000,False,0,2026-09-28 05:49:42.078546
502ce8,BTI8GJ  ,Latvia,1790574574.0,1790574574,10.7343,52.886,10972.8,False,219.81,228.7,0.0,,11361.42,1000,False,0,2026-09-28 05:49:42.078546
502ce7,BTI1M1  ,Latvia,1790574574.0,1790574575,18.2498,59.7191,1737.36,False,136.9,358.28,-6.5,,1874.52,1000,False,0,2026-09-28 05:49:42.078546
502ce4,BTI9NW  ,Latvia,1790574574.0,1790574574,14.2187,51.4222,11582.4,False,213.5,243.37,0.0,,11986.26,1000,False,0,2026-09-28 05:49:42.078546
49d421,TVL5007 ,Czech Republic,1790574574.0,1790574575,18.7971,44.754,10972.8,False,208.27,344.97,0.0,,11353.8,7736,False,0,2026-09-28 05:49:42.078546
7c4e44,PQU     ,Australia,1790574526.0,1790574542,139.0505,-34.6938,990.6,False,57.16,92.58,0.0,,1127.76,,False,0,2026-09-28 05:49:42.078546
49d41e,TVS2208 ,Czech Republic,1790574573.0,1790574574,19.2216,46.6798,11277.6,False,246.27,146.24,0.0,,11643.36,1426,False,0,2026-09-28 05:49:42.078546
845daa,ANA612  ,Japan,1790574574.0,1790574574,139.2908,34.8234,4815.84,False,212.78,67.09,-10.08,,5097.78,3365,False,0,2026-09-28 05:49:42.078546
502cd0,BTI9LE  ,Latvia,1790574575.0,1790574575,16.631,48.7927,4061.46,False,187.77,199.53,-11.38,,4305.3,1000,False,0,2026-09-28 05:49:42.078546
39ae37,FHLRX   ,France,1790574574.0,1790574574,-1.6809,42.9371,5974.08,False,199.86,238.15,-9.43,,6256.02,1000,False,0,2026-09-28 05:49:42.078546
ac79d4,SWA3320 ,United States,1790574574.0,1790574574,-114.2307,39.5456,10972.8,False,253.05,344.07,0.0,,11361.42,,False,0,2026-09-28 05:49:42.078546
49d42b,TVS2523 ,Czech Republic,1790574574.0,1790574574,22.2447,43.0891,10972.8,False,218.3,326.05,0.0,,11292.84,,False,0,2026-09-28 05:49:42.078546
502d95,SWR3HB  ,Latvia,1790574572.0,1790574572,8.5691,47.4557,358.14,True,2.06,95.62,,,,1000,False,0,2026-09-28 05:49:42.078546
89910a,CAL126  ,Taiwan,1790574505.0,1790574505,122.7732,25.7327,10058.4,False,231.8,49.77,0.0,,10812.78,,False,0,2026-09-28 05:49:42.078546
502d96,SWR96E  ,Latvia,1790574574.0,1790574574,8.1012,47.5689,2865.12,False,120.38,322.64,-8.13,,3093.72,1000,False,0,2026-09-28 05:49:42.078546
851186,JAL120  ,Japan,1790574574.0,1790574574,135.3904,34.7591,1341.12,False,117.94,168.94,12.68,,1402.08,,False,0,2026-09-28 05:49:42.078546
a3c3e0,UAL2397 ,United States,1790574575.0,1790574575,-103.9062,40.0147,11277.6,False,272.42,78.01,0.0,,11788.14,1427,False,0,2026-09-28 05:49:42.078546
502d88,BTI60K  ,Latvia,1790574575.0,1790574575,12.2702,53.8819,10363.2,False,211.23,233.02,0.0,,10736.58,1000,False,0,2026-09-28 05:49:42.078546
c078ba,TSC402  ,Canada,1790574575.0,1790574575,-8.4386,49.2968,12496.8,False,252.02,115.0,0.0,,12656.82,1144,False,0,2026-09-28 05:49:42.078546
89911f,CAL7761 ,Taiwan,1790574574.0,1790574575,120.6308,22.0,5524.5,False,174.63,286.78,-7.48,,5905.5,,False,0,2026-09-28 05:49:42.078546
89911a,CAL311  ,Taiwan,1790574573.0,1790574573,122.4937,25.2377,6096.0,False,224.38,234.71,-0.98,,6537.96,,False,0,2026-09-28 05:49:42.078546
899139,EVA868  ,Taiwan,1790574570.0,1790574570,113.9226,22.3136,,True,0.0,300.94,,,,,False,0,2026-09-28 05:49:42.078546
502d7c,BEL5BN  ,Latvia,1790574435.0,1790574441,8.7187,45.6292,,True,0.0,78.75,,,,1000,False,0,2026-09-28 05:49:42.078546
502d7b,BTI2YH  ,Latvia,1790571722.0,1790574575,21.1317,58.1945,11582.4,False,209.41,246.39,2.6,,,4305,False,0,2026-09-28 05:49:42.078546
899135,EVA668  ,Taiwan,1790574572.0,1790574572,143.1067,36.5259,9448.8,False,288.12,71.14,-0.33,,9997.44,3146,False,0,2026-09-28 05:49:42.078546
899134,EVA693  ,Taiwan,1790574574.0,1790574574,-104.3798,40.6658,10363.2,False,228.36,331.47,0.0,,10835.64,0545,False,0,2026-09-28 05:49:42.078546
502d7d,BTI3AK  ,Latvia,1790574574.0,1790574574,19.6236,48.4348,11582.4,False,235.1,201.57,0.0,,11955.78,1000,False,0,2026-09-28 05:49:42.078546
502d7a,ASL54C  ,Latvia,1790574574.0,1790574574,12.9604,48.5767,10363.2,False,210.99,315.2,0.0,,10789.92,1000,False,0,2026-09-28 05:49:42.078546
899130,UIA8616 ,Taiwan,1790574574.0,1790574574,121.5517,25.0677,,True,4.12,216.56,,,,,False,0,2026-09-28 05:49:42.078546
ac541b,SWA4680 ,United States,1790574574.0,1790574574,-114.2317,40.71,11590.02,False,200.87,267.21,0.0,,11978.64,3550,False,0,2026-09-28 05:49:42.078546
a2a3d2,UAL79   ,United States,1790574573.0,1790574573,141.8194,35.7995,4861.56,False,148.19,244.5,-7.8,,5113.02,,False,0,2026-09-28 05:49:42.078546
899105,CAL5266 ,Taiwan,1790574574.0,1790574575,139.2679,36.1489,9441.18,False,288.53,62.61,0.33,,9974.58,3116,False,0,2026-09-28 05:49:42.078546
78167f,CES205  ,China,1790574575.0,1790574575,100.3132,18.9986,7239.0,False,189.37,251.96,-9.43,,7673.34,,False,0,2026-09-28 05:49:42.078546
899108,CAL165  ,Taiwan,1790574574.0,1790574574,120.4819,22.5729,670.56,False,88.54,272.0,-5.2,,723.9,,False,0,2026-09-28 05:49:42.078546
845f30,FDA205  ,Japan,1790574573.0,1790574574,130.3703,33.7037,640.08,False,101.84,150.33,-0.65,,678.18,,False,0,2026-09-28 05:49:42.078546
899109,CAL731  ,Taiwan,1790574538.0,1790574538,100.5067,5.4559,1082.04,False,142.07,282.12,-7.8,,1310.64,,False,0,2026-09-28 05:49:42.078546
899114,CAL2162 ,Taiwan,1790574465.0,1790574493,122.5663,26.7518,10507.98,False,222.83,35.41,3.58,,11308.08,,False,0,2026-09-28 05:49:42.078546
899116,CAL103  ,Taiwan,1790574574.0,1790574575,135.7573,34.3724,10972.8,False,204.35,244.66,0.0,,11666.22,3605,False,0,2026-09-28 05:49:42.078546
a67f8a,DAL39   ,United States,1790574572.0,1790574575,140.1619,38.2751,12192.0,False,195.69,249.37,0.0,,12725.4,,False,0,2026-09-28 05:49:42.078546
502d9f,BTI8PW  ,Latvia,1790574574.0,1790574574,10.0554,53.9358,2095.5,False,151.23,239.77,-9.75,,2232.66,3521,False,0,2026-09-28 05:49:42.078546
7cf359,        ,Australia,1790574485.0,1790574485,144.8485,-37.6741,,True,2.31,174.38,,,,,False,0,2026-09-28 05:49:42.078546
ad8766,ASA368  ,United States,1790574574.0,1790574574,-112.6593,36.2035,10058.4,False,219.23,166.29,0.33,,10530.84,,False,0,2026-09-28 05:49:42.078546
4ba9c9,THY743  ,Turkey,1790574552.0,1790574563,70.374,32.2469,10980.42,False,243.75,307.28,0.0,,11452.86,,False,0,2026-09-28 05:49:42.078546
4863db,KLC78L  ,Kingdom of the Netherlands,1790574574.0,1790574574,5.4156,52.9788,3817.62,False,168.81,224.01,-8.45,,3977.64,0737,False,0,2026-09-28 05:49:42.078546
4ba9c8,THY7RS  ,Turkey,1790574574.0,1790574574,21.4732,45.5286,12192.0,False,231.01,307.76,0.0,,12542.52,5355,False,0,2026-09-28 05:49:42.078546
4ba9c2,THY1UC  ,Turkey,1790574573.0,1790574574,17.788,40.5939,11582.4,False,236.26,271.87,0.0,,12016.74,2332,False,0,2026-09-28 05:49:42.078546
4ba9c4,THY3QX  ,Turkey,1790574574.0,1790574574,22.3824,39.6295,10972.8,False,234.28,241.97,0.0,,11346.18,2355,False,0,2026-09-28 05:49:42.078546
ab7ae4,DAL752  ,United States,1790574574.0,1790574574,-112.2915,35.9174,11582.4,False,181.03,248.32,0.0,,12176.76,1540,False,0,2026-09-28 05:49:42.078546
a360ea,ATN3344 ,United States,1790574574.0,1790574575,-78.0181,40.2803,10972.8,False,241.98,254.84,-0.33,,11315.7,7121,False,0,2026-09-28 05:49:42.078546
4ba9d3,THY1QG  ,Turkey,1790574574.0,1790574574,22.9635,45.4041,12192.0,False,234.43,304.18,0.0,,12504.42,1000,False,0,2026-09-28 05:49:42.078546
405bfb,BAW142  ,United Kingdom,1790574360.0,1790574360,-0.4821,51.4725,,True,0.06,90.0,,,,3242,False,0,2026-09-28 05:49:42.078546
405bfd,BAW290  ,United Kingdom,1790574574.0,1790574574,-1.5868,51.3449,4320.54,False,166.23,96.58,-6.5,,4465.32,5161,False,0,2026-09-28 05:49:42.078546
4ba9d0,THY30S  ,Turkey,1790574574.0,1790574574,24.2524,43.3421,11582.4,False,232.04,291.73,0.0,,11894.82,1344,False,0,2026-09-28 05:49:42.078546
7cf338,WHITE6  ,Australia,1790574433.0,1790574434,144.8454,-37.672,,True,3.34,11.25,,,,,False,0,2026-09-28 05:49:42.078546
46bc53,OAL062  ,Greece,1790574574.0,1790574574,24.0315,38.0002,1539.24,False,99.84,131.66,4.55,,1630.68,,False,0,2026-09-28 05:49:42.078546
46bc4c,AEE271  ,Greece,1790574574.0,1790574574,23.8558,37.8315,731.52,False,80.46,36.94,-4.88,,830.58,,False,0,2026-09-28 05:49:42.078546
46bc4d,OAL042  ,Greece,1790574515.0,1790574515,23.2208,36.3468,2674.62,False,133.28,247.3,-5.85,,2796.54,,False,0,2026-09-28 05:49:42.078546
06a2af,VOZ001  ,Qatar,1790574575.0,1790574575,150.3753,-33.7804,6682.74,False,210.51,288.52,6.83,,6918.96,1363,False,0,2026-09-28 05:49:42.078546
46bc4b,AEE14XD ,Greece,1790574574.0,1790574574,25.4131,40.14,4709.16,False,111.35,211.78,2.6,,4876.8,,False,0,2026-09-28 05:49:42.078546
4ba9a9,THY7PW  ,Turkey,1790574574.0,1790574574,28.7528,40.8624,5989.32,False,189.98,155.86,13.0,,6172.2,1056,False,0,2026-09-28 05:49:42.078546
46bc4e,AEE241  ,Greece,1790574574.0,1790574574,23.8433,37.5322,2103.12,False,122.03,284.15,-4.55,,2209.8,,False,0,2026-09-28 05:49:42.078546
46bc4f,OAL8NJ  ,Greece,1790574574.0,1790574574,23.9742,37.9803,678.18,False,68.95,35.59,7.8,,777.24,,False,0,2026-09-28 05:49:42.078546
06a2c7,QTR19E  ,Qatar,1790574574.0,1790574574,138.4478,-34.9286,10668.0,False,260.97,106.26,0.0,,11026.14,,False,0,2026-09-28 05:49:42.078546
a79f25,PRY05   ,United States,1790574574.0,1790574574,-87.7308,37.9222,7932.42,False,135.21,192.08,0.0,,8237.22,,False,0,2026-09-28 05:49:42.078546
39ae95,CRL633  ,France,1790574471.0,1790574471,5.219,43.4393,,True,4.89,36.56,,,,6637,False,0,2026-09-28 05:49:42.078546
a6cf20,LAE2504 ,United States,1790574575.0,1790574575,-75.5105,5.4633,10172.7,False,241.56,300.88,9.1,,10881.36,,False,0,2026-09-28 05:49:42.078546
8511a8,,Japan,1790574529.0,1790574545,136.8081,34.8146,533.4,False,111.9,183.95,5.85,,556.26,2156,False,0,2026-09-28 05:49:42.078546
781705,CSN6091 ,China,1790574498.0,1790574573,112.9479,21.9911,8321.04,False,234.89,239.9,0.0,,8923.02,,False,0,2026-09-28 05:49:42.078546
781706,CSN3061 ,China,1790574567.0,1790574574,126.5787,37.2824,800.1,False,105.49,324.53,0.33,,830.58,5473,False,0,2026-09-28 05:49:42.078546
7c0831,BWJ     ,Australia,1790574574.0,1790574574,150.7394,-34.2034,1188.72,False,37.91,277.8,-6.18,,1363.98,1200,False,0,2026-09-28 05:49:42.078546
4a12ae,AWG101L ,Romania,1790574574.0,1790574574,23.9693,45.8584,7162.8,False,221.4,164.64,7.8,,7399.02,,False,0,2026-09-28 05:49:42.078546
a43b91,DAL865  ,United States,1790574574.0,1790574574,-71.1056,42.1567,1089.66,False,103.33,19.79,-3.58,,1066.8,2570,False,0,2026-09-28 05:49:42.078546
4b8e47,PGT41LW ,Turkey,1790574575.0,1790574575,39.8199,41.1809,6370.32,False,201.41,272.93,10.4,,6598.92,5136,False,0,2026-09-28 05:49:42.078546
3d1823,DEHJV   ,Germany,1790574573.0,1790574574,16.857,50.343,1371.6,False,53.61,295.58,,,1508.76,,False,0,2026-09-28 05:49:42.078546
ad1c67,DAL905  ,United States,1790574574.0,1790574574,-92.501,36.2384,10668.0,False,253.14,108.73,0.0,,11132.82,4502,False,0,2026-09-28 05:49:42.078546
86dd08,JAL750  ,Japan,1790574375.0,1790574375,133.5179,32.5809,11887.2,False,272.26,68.38,0.0,,12641.58,,False,0,2026-09-28 05:49:42.078546
a07dc8,UAL970  ,United States,1790574323.0,1790574323,12.2259,41.8168,-45.72,False,78.26,162.4,-4.23,,76.2,1164,False,0,2026-09-28 05:49:42.078546
4ba8f6,TKJ4CM  ,Turkey,1790574574.0,1790574575,27.4571,43.9075,11277.6,False,234.27,135.18,0.0,,11551.92,2222,False,0,2026-09-28 05:49:42.078546
aa10ba,SKW4824 ,United States,1790574574.0,1790574574,-90.4445,42.3543,6103.62,False,221.1,278.56,0.0,,6324.6,,False,0,2026-09-28 05:49:42.078546
ae4f6e,VVTA051 ,United States,1790574573.0,1790574574,139.3664,35.321,289.56,False,60.05,173.61,0.65,,297.18,1200,False,0,2026-09-28 05:49:42.078546
406d8e,EZY86TW ,United Kingdom,1790574574.0,1790574574,4.0131,47.1617,11887.2,False,221.94,133.87,0.33,,12306.3,6371,False,0,2026-09-28 05:49:42.078546
4aab15,DFL5980 ,Sweden,1790574574.0,1790574574,18.1286,59.4062,152.4,False,52.17,220.6,-0.98,,281.94,7000,False,0,2026-09-28 05:49:42.078546
3d5ea8,DFICE   ,Germany,1790574574.0,1790574574,11.1727,49.4152,2887.98,False,81.92,244.72,8.78,,3108.96,4371,False,0,2026-09-28 05:49:42.078546
407fc2,WUK7LU  ,United Kingdom,1790574574.0,1790574574,14.7646,45.7363,11285.22,False,239.65,143.82,0.0,,11750.04,4703,False,0,2026-09-28 05:49:42.078546
a81e38,FFT1261 ,United States,1790574574.0,1790574575,-109.1731,38.4889,9761.22,False,200.16,243.11,0.33,,10256.52,3244,False,0,2026-09-28 05:49:42.078546
a0baa1,SKW4662 ,United States,1790574575.0,1790574575,-94.3366,42.2108,10668.0,False,244.55,75.88,0.0,,11071.86,3270,False,0,2026-09-28 05:49:42.078546
407faf,TOM656  ,United Kingdom,1790574574.0,1790574574,-4.5033,55.4818,3878.58,False,173.59,162.05,11.05,,3924.3,,False,0,2026-09-28 05:49:42.078546
407fad,TOM2PX  ,United Kingdom,1790574574.0,1790574574,-1.4291,52.2915,5501.64,False,208.21,153.75,13.66,,5646.42,2713,False,0,2026-09-28 05:49:42.078546
407fb9,GPJCD   ,United Kingdom,1790574574.0,1790574574,1.2549,52.6927,457.2,False,37.23,348.85,5.2,,563.88,,False,0,2026-09-28 05:49:42.078546
78040c,CDG1160 ,China,1790574572.0,1790574574,113.5136,23.72,7909.56,False,237.4,349.01,7.15,,8442.96,3156,False,0,2026-09-28 05:49:42.078546
78041b,AMU821  ,China,1790574573.0,1790574575,126.6918,35.0317,9753.6,False,219.47,184.98,0.0,,10302.24,4170,False,0,2026-09-28 05:49:42.078546
aba800,GTI537  ,United States,1790574574.0,1790574575,-98.2632,44.5076,12192.0,False,226.01,308.25,0.0,,12611.1,2073,False,0,2026-09-28 05:49:42.078546
aa7f5e,AAL900  ,United States,1790574574.0,1790574574,-73.6798,8.7432,10972.8,False,256.06,341.86,0.0,,11711.94,0351,False,0,2026-09-28 05:49:42.078546
42a1a6,,United Kingdom,1790574199.0,1790574485,22.0079,50.1118,,False,142.26,241.49,14.63,,,,False,0,2026-09-28 05:49:42.078546
a03765,AAL1578 ,United States,1790574574.0,1790574574,-109.7612,36.666,11582.4,False,186.36,243.08,0.0,,12161.52,3433,False,0,2026-09-28 05:49:42.078546
a9d069,SKW5303 ,United States,1790574570.0,1790574570,-104.6623,39.8631,,True,10.8,0.0,,,,,False,0,2026-09-28 05:49:42.078546
a01112,AAL10   ,United States,1790574505.0,1790574505,-109.9985,38.6776,10058.4,False,268.33,64.81,0.33,,10507.98,7231,False,0,2026-09-28 05:49:42.078546
aa6ba4,UAL698  ,United States,1790574574.0,1790574574,-113.2969,39.375,10660.38,False,297.37,73.41,0.33,,11079.48,0213,False,0,2026-09-28 05:49:42.078546
486258,KLM62P  ,Kingdom of the Netherlands,1790574574.0,1790574574,7.3026,52.658,8229.6,False,196.53,262.78,-3.9,,8542.02,1000,False,0,2026-09-28 05:49:42.078546
39bdab,AFR1385 ,France,1790574574.0,1790574574,7.2792,43.6708,11582.4,False,224.11,329.67,0.33,,12054.84,1000,False,0,2026-09-28 05:49:42.078546
8991be,CAL703  ,Taiwan,1790574575.0,1790574575,121.6485,24.7258,6728.46,False,209.66,136.99,6.18,,7208.52,,False,0,2026-09-28 05:49:42.078546
39bdac,AFR87JD ,France,1790574574.0,1790574574,9.4672,50.0463,11582.4,False,219.35,263.94,0.0,,12001.5,1000,False,0,2026-09-28 05:49:42.078546
aa7ebc,UAL1195 ,United States,1790574574.0,1790574574,-121.7778,36.5949,6515.1,False,195.07,327.27,-10.73,,6644.64,2062,False,0,2026-09-28 05:49:42.078546
7815f9,CHH407  ,China,1790574574.0,1790574574,-3.5805,56.0614,2232.66,False,147.78,82.8,-7.48,,2293.62,3050,False,0,2026-09-28 05:49:42.078546
8991d8,SJX860  ,Taiwan,1790574573.0,1790574573,130.824,34.2179,10058.4,False,260.66,47.24,0.0,,10698.48,2611,False,0,2026-09-28 05:49:42.078546
8991d7,SJX891  ,Taiwan,1790574574.0,1790574575,121.3967,25.2149,1074.42,False,92.63,229.05,-4.88,,1135.38,,False,0,2026-09-28 05:49:42.078546
86dd90,JAL119  ,Japan,1790574574.0,1790574574,136.2099,34.5501,3855.72,False,159.59,276.85,-10.73,,4091.94,2171,False,0,2026-09-28 05:49:42.078546
8991d6,SJX301  ,Taiwan,1790574547.0,1790574547,127.2596,27.2214,10370.82,False,244.88,232.77,0.33,,11109.96,,False,0,2026-09-28 05:49:42.078546
8991d5,SJX1835 ,Taiwan,1790574574.0,1790574574,126.4614,26.5978,10363.2,False,247.36,233.8,0.0,,11125.2,,False,0,2026-09-28 05:49:42.078546
a26454,HBAL815 ,United States,1790574574.0,1790574574,-91.8835,31.9204,19872.96,False,9.16,308.16,0.0,,20833.08,,False,0,2026-09-28 05:49:42.078546
3e1217,DHYAX   ,Germany,1790574571.0,1790574574,7.9153,53.5711,91.44,False,59.54,320.26,0.0,,167.64,0020,False,0,2026-09-28 05:49:42.078546
49d1aa,OKNGX   ,Czech Republic,1790574574.0,1790574574,12.6023,51.4151,6080.76,False,142.8,39.88,-2.6,,6400.8,5015,False,0,2026-09-28 05:49:42.078546
39bda1,AFR52AK ,France,1790574574.0,1790574574,2.1357,48.8985,1645.92,False,135.49,273.05,-8.45,,1790.7,0520,False,0,2026-09-28 05:49:42.078546
406d1a,BAW54   ,United Kingdom,1790574574.0,1790574574,2.4177,49.4877,12192.0,False,259.32,332.47,0.33,,12527.28,4044,False,0,2026-09-28 05:49:42.078546
8991a7,CAL167  ,Taiwan,1790574572.0,1790574573,121.3219,22.0904,7665.72,False,220.14,231.74,-5.85,,8229.6,,False,0,2026-09-28 05:49:42.078546
3c825a,,Germany,1790574571.0,1790574571,9.2135,48.6921,,True,7.72,87.19,,,,,False,0,2026-09-28 05:49:42.078546
39bda4,00000000,France,1790574541.0,1790574541,2.3776,48.744,,True,0.06,90.0,,,,,False,0,2026-09-28 05:49:42.078546
a0cdf3,AAL2507 ,United States,1790574574.0,1790574574,-109.8712,39.4296,9159.24,False,218.23,302.19,0.33,,9570.72,2376,False,0,2026-09-28 05:49:42.078546
39bda8,AFR48JA ,France,1790574321.0,1790574321,2.536,48.9913,182.88,False,69.68,85.34,-3.58,,281.94,1000,False,0,2026-09-28 05:49:42.078546
49d1c6,EWG55UA ,Czech Republic,1790574548.0,1790574548,7.1245,50.8783,,True,0.0,286.88,,,,4135,False,0,2026-09-28 05:49:42.078546
a1ede3,LFG223  ,United States,1790574575.0,1790574575,-111.6285,35.7037,13106.4,False,191.84,248.94,0.0,,13738.86,0561,False,0,2026-09-28 05:49:42.078546
4ca2c1,RYR18GP ,Ireland,1790574574.0,1790574575,-3.8464,47.8472,10363.2,False,248.07,1.66,0.0,,10637.52,7450,False,0,2026-09-28 05:49:42.078546
4ca2c0,RYR6GQ  ,Ireland,1790574575.0,1790574575,0.3546,39.9801,10972.8,False,249.18,44.75,0.0,,11468.1,1000,False,0,2026-09-28 05:49:42.078546
4ca2ad,RYR1994 ,Ireland,1790574574.0,1790574574,-1.2272,38.5648,11277.6,False,212.65,201.72,0.0,,11772.9,2306,False,0,2026-09-28 05:49:42.078546
4ca2ab,RYR1MT  ,Ireland,1790574574.0,1790574574,12.0744,43.0466,10668.0,False,226.88,122.97,0.0,,11117.58,1000,False,0,2026-09-28 05:49:42.078546
a14452,SWA3706 ,United States,1790574575.0,1790574575,-72.9277,42.7193,9707.88,False,229.79,99.15,-10.08,,10035.54,7755,False,0,2026-09-28 05:49:42.078546
8991a9,CAL153  ,Taiwan,1790574574.0,1790574574,134.9045,34.4074,2179.32,False,132.39,284.63,4.88,,2301.24,,False,0,2026-09-28 05:49:42.078546
39bdb2,AFR1239 ,France,1790574574.0,1790574574,8.8081,47.5996,10363.2,False,234.61,260.66,0.0,,10789.92,1000,False,0,2026-09-28 05:49:42.078546
39bdb4,AFR17UE ,France,1790574574.0,1790574574,1.4037,45.8634,10058.4,False,213.29,216.57,0.0,,10454.64,1000,False,0,2026-09-28 05:49:42.078546
39bdb5,AFR71GF ,France,1790574573.0,1790574574,6.5728,54.0937,10972.8,False,202.43,201.94,0.0,,11285.22,0750,False,0,2026-09-28 05:49:42.078546
48b206,IGA672  ,Poland,1790574574.0,1790574574,22.5469,47.992,10675.62,False,242.28,131.82,0.0,,10957.56,6022,False,0,2026-09-28 05:49:42.078546
4ca2cb,EIN3JE  ,Ireland,1790574566.0,1790574573,-6.244,53.4223,,True,1.29,312.19,,,,,False,0,2026-09-28 05:49:42.078546
39bdb7,AFR1228 ,France,1790574575.0,1790574575,4.8391,48.6925,9296.4,False,222.48,116.8,6.83,,9677.4,1000,False,0,2026-09-28 05:49:42.078546
39bdb8,AFR79JE ,France,1790574574.0,1790574574,4.9104,47.3127,7924.8,False,224.35,327.55,0.0,,8305.8,1000,False,0,2026-09-28 05:49:42.078546
8991b4,CAL792  ,Taiwan,1790574559.0,1790574559,111.5595,22.8866,10088.88,False,240.43,83.12,0.0,,10812.78,,False,0,2026-09-28 05:49:42.078546
39bdb9,AFR62PQ ,France,1790574574.0,1790574574,2.7419,48.7224,4427.22,False,158.46,179.44,9.43,,4640.58,,False,0,2026-09-28 05:49:42.078546
a01153,N103RC  ,United States,1790574574.0,1790574575,-79.9294,41.1234,2468.88,False,93.37,260.49,0.33,,2461.26,,False,0,2026-09-28 05:49:42.078546
39bdb0,AFR73XZ ,France,1790574575.0,1790574575,3.155,48.7853,4572.0,False,188.8,302.65,0.0,,4808.22,1000,False,0,2026-09-28 05:49:42.078546
39bdb1,AFR64SD ,France,1790574574.0,1790574574,7.5348,47.4597,11582.4,False,212.49,264.3,0.0,,12016.74,1000,False,0,2026-09-28 05:49:42.078546
c00da8,FLE665  ,Canada,1790574574.0,1790574574,-112.5648,49.5384,7315.2,False,194.54,271.67,-0.33,,7429.5,,False,0,2026-09-28 05:49:42.078546
8991aa,CAL221  ,Taiwan,1790574564.0,1790574564,139.7713,35.5456,,True,1.29,284.06,,,,,False,0,2026-09-28 05:49:42.078546
39bda9,AFR84XP ,France,1790574574.0,1790574574,2.9541,49.2854,3352.8,False,141.59,247.35,0.0,,3543.3,1000,False,0,2026-09-28 05:49:42.078546
406d6f,TOM115  ,United Kingdom,1790574574.0,1790574574,-3.9597,53.4753,5631.18,False,206.66,84.72,-8.13,,5753.1,6006,False,0,2026-09-28 05:49:42.078546
8511ec,JAL802  ,Japan,1790574574.0,1790574574,140.6759,35.838,2392.68,False,118.24,300.02,-4.55,,2522.22,2666,False,0,2026-09-28 05:49:42.078546
406d77,BAW242  ,United Kingdom,1790574574.0,1790574574,-91.3508,28.7542,11277.6,False,250.99,51.16,-0.33,,11871.96,,False,0,2026-09-28 05:49:42.078546
a3979f,UPS174  ,United States,1790574574.0,1790574574,117.1837,37.2709,6621.78,False,202.15,245.65,0.0,,6858.0,,False,0,2026-09-28 05:49:42.078546
405a49,BAW902N ,United Kingdom,1790574574.0,1790574574,-0.463,51.476,,True,10.29,90.0,,,,2224,False,0,2026-09-28 05:49:42.078546
a52736,,United States,1790574575.0,1790574575,-93.23,44.8671,,True,0.0,270.0,,,,,False,0,2026-09-28 05:49:42.078546
ac0f6c,SWA3267 ,United States,1790574575.0,1790574575,-112.4646,36.4349,10980.42,False,233.2,331.4,0.33,,11513.82,,False,0,2026-09-28 05:49:42.078546
503f07,PGS1    ,Lithuania,1790574464.0,1790574464,25.2821,54.6374,,True,1.03,73.12,,,,,False,0,2026-09-28 05:49:42.078546
ad2f75,JSX109  ,United States,1790574528.0,1790574528,-115.1619,36.0968,,True,0.0,348.75,,,,,False,0,2026-09-28 05:49:42.078546
a19f29,SWA1894 ,United States,1790574503.0,1790574506,-95.3268,29.6857,320.04,False,65.85,134.05,-3.25,,312.42,1040,False,0,2026-09-28 05:49:42.078546
a7b779,ASA795  ,United States,1790574575.0,1790574575,-121.6202,39.2716,2407.92,False,145.85,176.56,-7.8,,2438.4,6624,False,0,2026-09-28 05:49:42.078546
4ba94c,THY10   ,Turkey,1790574479.0,1790574486,-106.4361,44.4268,9448.8,False,267.74,45.47,0.0,,9768.84,,False,0,2026-09-28 05:49:42.078546
4ba94b,THY8FW  ,Turkey,1790574574.0,1790574575,25.182,38.4473,7757.16,False,204.91,230.19,-7.15,,8039.1,5326,False,0,2026-09-28 05:49:42.078546
4ba94e,THY67C  ,Turkey,1790574574.0,1790574574,15.1541,53.2478,9753.6,False,241.18,314.74,0.0,,10134.6,3266,False,0,2026-09-28 05:49:42.078546
4ba94d,THY5AB  ,Turkey,1790574574.0,1790574574,27.3555,38.9976,8648.7,False,217.2,181.76,-6.18,,8923.02,0766,False,0,2026-09-28 05:49:42.078546
a7fde4,SKW4047 ,United States,1790574324.0,1790574324,-121.1238,44.2649,975.36,False,69.96,241.93,-3.58,,1021.08,4731,False,0,2026-09-28 05:49:42.078546
a6cacb,,United States,1790574574.0,1790574574,-84.4301,33.6513,,True,0.0,180.0,,,,,False,0,2026-09-28 05:49:42.078546
ab4489,DAL28   ,United States,1790574574.0,1790574574,7.1513,43.6102,190.5,False,73.64,15.4,-2.28,,320.04,6337,False,0,2026-09-28 05:49:42.078546
851230,JAL214  ,Japan,1790574574.0,1790574574,138.368,34.5958,7459.98,False,216.51,76.95,-2.6,,7909.56,4717,False,0,2026-09-28 05:49:42.078546
4ba95a,THY70   ,Turkey,1790574574.0,1790574574,91.0677,23.9278,10058.4,False,234.21,103.33,0.0,,10713.72,5170,False,0,2026-09-28 05:49:42.078546
c829ab,ANZ625  ,New Zealand,1790574575.0,1790574575,171.8174,-42.187,10363.2,False,192.41,204.99,-0.33,,10241.28,,False,0,2026-09-28 05:49:42.078546
c829ac,ANZ563  ,New Zealand,1790574574.0,1790574574,173.7799,-39.7808,10370.82,False,206.42,195.32,0.0,,10241.28,,False,0,2026-09-28 05:49:42.078546
a8c415,N664LF  ,United States,1790574575.0,1790574575,-122.2624,47.4825,243.84,False,55.07,330.32,-3.58,,259.08,,False,0,2026-09-28 05:49:42.078546
4ba934,THY3EQ  ,Turkey,1790574574.0,1790574574,27.4101,40.9303,3855.72,False,151.48,35.74,-7.48,,4008.12,4114,False,0,2026-09-28 05:49:42.078546
4ba930,THY2DM  ,Turkey,1790574486.0,1790574486,69.4961,32.8256,11582.4,False,236.47,307.84,0.0,,12085.32,,False,0,2026-09-28 05:49:42.078546
4ba946,THY72   ,Turkey,1790574575.0,1790574575,90.1944,24.1154,10668.0,False,234.86,102.91,0.0,,11353.8,5226,False,0,2026-09-28 05:49:42.078546
008deb,SFR312  ,South Africa,1790574574.0,1790574574,18.5659,-33.7437,1028.7,False,118.31,210.58,-3.25,,1158.24,,False,0,2026-09-28 05:49:42.078546
7c06d7,BMX     ,Australia,1790574575.0,1790574575,150.7043,-34.0166,243.84,False,46.14,329.15,2.6,,426.72,3000,False,0,2026-09-28 05:49:42.078546
8990e8,CAL835  ,Taiwan,1790574553.0,1790574553,121.2518,25.0831,,True,2.83,171.56,,,,,False,0,2026-09-28 05:49:42.078546
845ebc,ADO128  ,Japan,1790574559.0,1790574574,139.7833,38.7066,11574.78,False,176.14,212.11,0.0,,12047.22,,False,0,2026-09-28 05:49:42.078546
a5277d,GTI8103 ,United States,1790574574.0,1790574574,-72.7388,43.169,11277.6,False,252.45,64.79,0.0,,11620.5,5672,False,0,2026-09-28 05:49:42.078546
503ef3,AS70    ,Lithuania,1790574574.0,1790574574,25.2822,54.6427,,True,7.2,75.94,,,,,False,0,2026-09-28 05:49:42.078546
8990f6,MDA307  ,Taiwan,1790574574.0,1790574575,120.0348,22.8583,3223.26,False,97.78,333.43,4.55,,3413.76,,False,0,2026-09-28 05:49:42.078546
8990f3,CAL502  ,Taiwan,1790574472.0,1790574476,121.227,25.0777,,True,2.83,90.0,,,,,False,0,2026-09-28 05:49:42.078546
acb470,AAL815  ,United States,1790574574.0,1790574575,-85.3455,40.0534,10363.2,False,221.73,326.64,0.0,,10736.58,0127,False,0,2026-09-28 05:49:42.078546
ad846f,JBU2120 ,United States,1790574263.0,1790574265,-111.0667,36.2402,10058.4,False,260.8,54.55,0.0,,10546.08,7335,False,0,2026-09-28 05:49:42.078546
8990f1,MDA766  ,Taiwan,1790574567.0,1790574569,119.9096,24.0681,4434.84,False,132.02,49.11,-2.6,,4709.16,,False,0,2026-09-28 05:49:42.078546
503ee7,69      ,Lithuania,1790574574.0,1790574574,25.2834,54.645,,True,6.43,351.56,,,,,False,0,2026-09-28 05:49:42.078546
44083f,EJU925J ,Austria,1790574565.0,1790574569,7.5297,47.596,,True,0.0,337.5,,,,,False,0,2026-09-28 05:49:42.078546
8990ee,CAL5141 ,Taiwan,1790574574.0,1790574574,-154.9313,63.7248,11582.4,False,240.16,230.65,0.0,,11262.36,,False,0,2026-09-28 05:49:42.078546
44083c,EJU768G ,Austria,1790574574.0,1790574575,4.8882,45.949,1722.12,False,127.2,99.31,-5.2,,1897.38,1000,False,0,2026-09-28 05:49:42.078546
8990c8,SJX862  ,Taiwan,1790574574.0,1790574575,132.6583,34.852,11887.2,False,271.78,62.13,0.0,,12580.62,6241,False,0,2026-09-28 05:49:42.078546
7816de,CSH7221 ,China,1790574574.0,1790574574,101.8715,2.8553,4274.82,False,150.38,260.15,-2.93,,4541.52,,False,0,2026-09-28 05:49:42.078546
8990c6,DA7011  ,Taiwan,1790574264.0,1790574264,119.4934,23.2169,312.42,False,82.42,306.37,-1.63,,388.62,,False,0,2026-09-28 05:49:42.078546
4ba976,TKJ9ND  ,Turkey,1790573998.0,1790574575,39.5513,41.1847,10363.2,False,208.6,272.83,10.08,,7970.52,5167,False,0,2026-09-28 05:49:42.078546
a79aae,ASA2623 ,United States,1790574574.0,1790574574,-92.594,40.137,11582.4,False,231.24,281.16,-0.33,,12047.22,,False,0,2026-09-28 05:49:42.078546
7803ae,CCA857  ,China,1790574574.0,1790574574,135.2548,34.6054,1325.88,False,142.1,92.28,-9.43,,1417.32,4412,False,0,2026-09-28 05:49:42.078546
49d327,TVQ6019 ,Czech Republic,1790574574.0,1790574574,25.1186,37.9389,10972.8,False,216.11,340.1,0.0,,11315.7,,False,0,2026-09-28 05:49:42.078546
8990bc,SJX901  ,Taiwan,1790574574.0,1790574574,121.234,25.0713,,True,4.89,317.81,,,,,False,0,2026-09-28 05:49:42.078546
8990be,SJX302  ,Taiwan,1790574341.0,1790574357,123.7591,24.9321,8831.58,False,241.79,89.63,0.0,,9502.14,,False,0,2026-09-28 05:49:42.078546
8990d8,EVA215  ,Taiwan,1790574574.0,1790574575,104.0628,1.5515,1089.66,False,96.8,203.16,-1.63,,1158.24,,False,0,2026-09-28 05:49:42.078546
503eed,ELEKTRA ,Lithuania,1790574575.0,1790574575,25.28,54.6399,,True,6.17,87.19,,,,,False,0,2026-09-28 05:49:42.078546
7c19d2,FD447   ,Australia,1790574574.0,1790574574,153.0583,-26.698,6096.0,False,155.84,346.06,0.0,,6400.8,4452,False,0,2026-09-28 05:49:42.078546
7c06a1,BLF     ,Australia,1790574574.0,1790574574,150.242,-35.745,1508.76,False,56.6,27.03,1.63,,1661.16,,False,0,2026-09-28 05:49:42.078546
aa7dad,AAL1426 ,United States,1790574574.0,1790574574,-87.9398,41.9637,8785.86,False,231.23,319.15,-13.33,,9151.62,5067,False,0,2026-09-28 05:49:42.078546
8990d0,EVA282  ,Taiwan,1790574550.0,1790574572,120.6693,19.6748,11277.6,False,240.19,3.56,0.0,,12100.56,,False,0,2026-09-28 05:49:42.078546
a143a3,SWA162  ,United States,1790574574.0,1790574574,-116.6135,36.6611,8991.6,False,266.9,95.97,-4.88,,9334.5,3301,False,0,2026-09-28 05:49:42.078546
4ca301,RYR651T ,Ireland,1790574574.0,1790574574,2.6933,49.394,11582.4,False,235.69,336.46,0.0,,11925.3,6771,False,0,2026-09-28 05:49:42.078546
4ca304,RYR7399 ,Ireland,1790574574.0,1790574574,13.6134,44.9962,1577.34,False,123.74,183.81,-2.6,,1744.98,1000,False,0,2026-09-28 05:49:42.078546
780457,CES2035 ,China,1790574573.0,1790574574,94.6636,22.7033,10363.2,False,251.1,260.21,0.0,,11041.38,,False,0,2026-09-28 05:49:42.078546
780459,CHH7113 ,China,1790574264.0,1790574264,118.5944,31.9883,4000.5,False,170.8,270.35,11.05,,3855.72,,False,0,2026-09-28 05:49:42.078546
a526e6,ASA1423 ,United States,1790574574.0,1790574574,-105.8613,38.8969,8572.5,False,241.94,50.52,-10.73,,9006.84,1074,False,0,2026-09-28 05:49:42.078546
3c1a76,,Germany,1790574537.0,1790574537,9.8226,53.5383,,True,0.0,14.06,,,,,False,0,2026-09-28 05:49:42.078546
78045e,CES5018 ,China,1790574574.0,1790574574,117.2408,23.6259,10088.88,False,236.52,46.41,0.0,,10835.64,5730,False,0,2026-09-28 05:49:42.078546
49d357,ISR717  ,Czech Republic,1790574574.0,1790574574,21.5817,46.5702,8884.92,False,220.67,297.64,-4.23,,9204.96,5232,False,0,2026-09-28 05:49:42.078546
a406bb,N359FB  ,United States,1790574574.0,1790574574,-111.9913,33.527,670.56,False,30.42,86.12,0.33,,632.46,,False,0,2026-09-28 05:49:42.078546
a8b168,N6596W  ,United States,1790574574.0,1790574574,-96.3767,38.0191,1318.26,False,55.68,238.22,0.0,,1348.74,,False,0,2026-09-28 05:49:42.078546
aa7f28,UAL1079 ,United States,1790574575.0,1790574575,-122.3758,37.619,0.0,False,76.17,297.78,0.65,,-22.86,,False,0,2026-09-28 05:49:42.078546
780482,CSH9535 ,China,1790574573.0,1790574574,113.9717,23.7956,9784.08,False,234.05,200.19,0.0,,10492.74,,False,0,2026-09-28 05:49:42.078546
49d369,TVS87M  ,Czech Republic,1790574548.0,1790574569,21.9781,43.5333,10370.82,False,209.01,324.31,0.0,,10660.38,5244,False,0,2026-09-28 05:49:42.078546
440826,AUA650A ,Austria,1790574575.0,1790574575,15.6462,48.7928,4244.34,False,163.96,155.93,-5.53,,4495.8,1000,False,0,2026-09-28 05:49:42.078546
440824,AUA287  ,Austria,1790574574.0,1790574574,16.6744,48.4277,5905.5,False,173.58,322.59,12.68,,6217.92,1000,False,0,2026-09-28 05:49:42.078546
407eb5,DHK574  ,United Kingdom,1790574385.0,1790574385,77.0914,28.561,,True,11.32,104.06,,,,,False,0,2026-09-28 05:49:42.078546
440821,AUA50E  ,Austria,1790574574.0,1790574574,15.4697,47.4272,6804.66,False,176.64,56.4,-9.1,,7124.7,1000,False,0,2026-09-28 05:49:42.078546
440820,AUA67U  ,Austria,1790574501.0,1790574502,16.5709,48.1196,,True,2.83,25.31,,,,1000,False,0,2026-09-28 05:49:42.078546
a143e9,SWA323  ,United States,1790574574.0,1790574574,-114.0278,35.6361,5699.76,False,193.98,320.27,-12.68,,5966.46,2476,False,0,2026-09-28 05:49:42.078546
44081e,AUA780K ,Austria,1790574574.0,1790574575,19.4987,46.5526,10363.2,False,210.92,311.94,0.33,,10728.96,,False,0,2026-09-28 05:49:42.078546
48e9f5,RYR31BA ,Poland,1790574574.0,1790574574,4.7926,43.211,11277.6,False,225.84,217.13,0.0,,11750.04,2227,False,0,2026-09-28 05:49:42.078546
48e9f3,RYR151  ,Poland,1790574575.0,1790574575,14.3957,47.6202,10058.4,False,237.42,54.35,0.0,,10477.5,1000,False,0,2026-09-28 05:49:42.078546
48e9f2,RYR28GH ,Poland,1790574575.0,1790574575,8.1538,44.7079,10668.0,False,233.0,214.11,0.0,,11094.72,1000,False,0,2026-09-28 05:49:42.078546
48e9f1,RYR9MU  ,Poland,1790567128.0,1790574573,23.4907,56.7935,3230.88,False,149.45,261.09,3.9,,,7670,False,0,2026-09-28 05:49:42.078546
48e9f0,RYR90QE ,Poland,1790574574.0,1790574574,11.7012,45.6784,2743.2,False,136.65,203.28,-6.83,,2964.18,6011,False,0,2026-09-28 05:49:42.078546
45ac4f,SAS550  ,Denmark,1790574575.0,1790574575,9.4811,54.7016,11277.6,False,250.68,58.17,0.33,,11620.5,3135,False,0,2026-09-28 05:49:42.078546
78048c,CCA1502 ,China,1790574461.0,1790574469,116.4974,37.9733,8199.12,False,213.87,331.4,-5.2,,8542.02,,False,0,2026-09-28 05:49:42.078546
c05044,ROU2090 ,Canada,1790574575.0,1790574575,-112.5278,49.8697,10058.4,False,255.84,84.46,0.0,,10172.7,2611,False,0,2026-09-28 05:49:42.078546
86eee4,ANA848  ,Japan,1790574575.0,1790574575,120.0386,22.0757,11277.6,False,244.82,23.93,0.0,,12092.94,,False,0,2026-09-28 05:49:42.078546
406bbb,SHT19Y  ,United Kingdom,1790574574.0,1790574574,-2.2023,57.2015,,True,0.0,247.5,,,,,False,0,2026-09-28 05:49:42.078546
407eeb,EXS1767 ,United Kingdom,1790574574.0,1790574574,-4.5546,53.6263,9189.72,False,201.17,275.87,4.88,,9288.78,1255,False,0,2026-09-28 05:49:42.078546
a539f5,FFT2130 ,United States,1790574569.0,1790574574,-81.3155,28.4495,,True,0.0,180.0,,,,1452,False,0,2026-09-28 05:49:42.078546
76e9b1,R17     ,Singapore,1790574543.0,1790574543,104.0053,1.3486,,True,6.17,320.62,,,,,False,0,2026-09-28 05:49:42.078546
c05060,ROU2072 ,Canada,1790574317.0,1790574320,-114.0082,51.1282,,True,0.0,357.19,,,,2634,False,0,2026-09-28 05:49:42.078546
48e9b9,ENT4DH  ,Poland,1790574574.0,1790574574,12.8398,50.62,10668.0,False,239.69,230.4,0.0,,11094.72,7542,False,0,2026-09-28 05:49:42.078546
4b8e0b,PGT35R  ,Turkey,1790574574.0,1790574575,23.2666,44.8409,10972.8,False,223.48,302.59,0.0,,11247.12,5377,False,0,2026-09-28 05:49:42.078546
acc748,N922TG  ,United States,1790574572.0,1790574572,-82.4613,27.9372,45.72,False,8.0,45.0,-0.98,,38.1,,False,0,2026-09-28 05:49:42.078546
e4999d,TAM8083 ,Brazil,1790574574.0,1790574574,-55.9914,-10.2538,11277.6,False,228.69,153.55,0.0,,12009.12,,False,0,2026-09-28 05:49:42.078546
4b44a5,HBZZX   ,Switzerland,1790574573.0,1790574574,6.9778,46.4524,1516.38,False,40.77,100.18,6.5,,1668.78,,False,0,2026-09-28 05:49:42.078546
3a5400,THT88   ,France,1790574573.0,1790574574,142.1332,34.8895,6507.48,False,172.77,307.62,-9.75,,6896.1,,False,0,2026-09-28 05:49:42.078546
4b44a1,HBZZT   ,Switzerland,1790574574.0,1790574574,8.6437,46.1633,449.58,False,0.0,0.0,0.0,,594.36,,False,0,2026-09-28 05:49:42.078546
a06bb6,N126TS  ,United States,1790574570.0,1790574570,-122.9521,45.5388,,True,0.0,36.56,,,,,False,0,2026-09-28 05:49:42.078546
a7ff72,SKW5534 ,United States,1790574574.0,1790574574,-119.1372,35.3888,9448.8,False,245.46,132.28,0.33,,9768.84,3613,False,0,2026-09-28 05:49:42.078546
a4e0ec,SKW3444 ,United States,1790574543.0,1790574543,-117.202,32.7348,,True,1.29,112.5,,,,,False,0,2026-09-28 05:49:42.078546
71c223,KAL116  ,Republic of Korea,1790574574.0,1790574574,126.3161,37.2317,1318.26,False,114.8,26.34,-5.53,,1341.12,5706,False,0,2026-09-28 05:49:42.078546
71c224,JNA428  ,Republic of Korea,1790574574.0,1790574574,128.498,34.7684,6400.8,False,206.81,0.29,0.0,,6743.7,5166,False,0,2026-09-28 05:49:42.078546
c1e887,BUS294  ,Canada,1790574571.0,1790574571,-79.6219,43.6852,,True,4.12,202.5,,,,,False,0,2026-09-28 05:49:42.078546
71c226,KAL568  ,Republic of Korea,1790574479.0,1790574479,126.4637,37.4634,,True,0.0,143.44,,,,3045,False,0,2026-09-28 05:49:42.078546
71c256,ABL146  ,Republic of Korea,1790574574.0,1790574574,130.268,33.6128,1242.06,False,94.03,303.17,0.0,,1280.16,7141,False,0,2026-09-28 05:49:42.078546
e4998a,PSRDR   ,Brazil,1790574547.0,1790574547,-64.821,50.7746,10965.18,False,237.54,211.9,-0.33,,11384.28,,False,0,2026-09-28 05:49:42.078546
780524,CCA8362 ,China,1790574461.0,1790574461,116.4725,39.2089,1379.22,False,110.27,353.57,-5.53,,1668.78,,False,0,2026-09-28 05:49:42.078546
71c245,JNA251  ,Republic of Korea,1790574569.0,1790574574,134.5795,34.0979,3108.96,False,139.24,4.03,-4.88,,3291.84,,False,0,2026-09-28 05:49:42.078546
71c246,JNA437  ,Republic of Korea,1790574485.0,1790574557,128.1777,34.5791,6096.0,False,197.94,228.69,0.0,,6423.66,7253,False,0,2026-09-28 05:49:42.078546
78051b,CSN6049 ,China,1790574571.0,1790574571,113.1893,23.0348,2750.82,False,148.62,173.44,0.0,,2887.98,,False,0,2026-09-28 05:49:42.078546
71c243,JNA311  ,Republic of Korea,1790574557.0,1790574557,132.8882,35.8778,11277.6,False,282.16,73.91,0.0,,11902.44,,False,0,2026-09-28 05:49:42.078546
503e44,CFG002  ,Lithuania,1790574575.0,1790574575,15.6763,49.7317,10660.38,False,232.45,135.45,0.0,,11071.86,1120,False,0,2026-09-28 05:49:42.078546
781865,CDG1152 ,China,1790574569.0,1790574573,113.8436,22.2717,914.4,False,112.15,236.6,5.53,,944.88,,False,0,2026-09-28 05:49:42.078546
7cf636,        ,Australia,1790574568.0,1790574568,115.96,-31.9291,,True,2.83,191.25,,,,,False,0,2026-09-28 05:49:42.078546
744832,RJA556  ,Jordan,1790574574.0,1790574574,-7.3386,33.9983,6134.1,False,188.43,29.43,12.68,,6438.9,6437,False,0,2026-09-28 05:49:42.078546
744841,RJA271  ,Jordan,1790574566.0,1790574569,-11.0466,56.5586,11277.6,False,237.72,283.13,-0.33,,11132.82,3125,False,0,2026-09-28 05:49:42.078546
74482f,RJA727  ,Jordan,1790574574.0,1790574574,36.1469,31.0499,6126.48,False,195.0,0.91,-13.66,,6492.24,,False,0,2026-09-28 05:49:42.078546
0d0997,VOI1902 ,Mexico,1790574574.0,1790574574,-94.4847,28.577,10660.38,False,222.26,44.72,0.65,,11285.22,,False,0,2026-09-28 05:49:42.078546
78052f,CXA8642 ,China,1790574569.0,1790574569,117.5258,7.9601,10668.0,False,226.4,42.97,0.0,,11437.62,,False,0,2026-09-28 05:49:42.078546
74482c,RJA651  ,Jordan,1790574574.0,1790574574,36.2584,31.7249,1371.6,False,95.03,297.4,-0.65,,1455.42,,False,0,2026-09-28 05:49:42.078546
48506d,TFL368  ,Kingdom of the Netherlands,1790574546.0,1790574546,4.7344,52.3162,,True,10.8,180.0,,,,6255,False,0,2026-09-28 05:49:42.078546
4408df,AUA25Q  ,Austria,1790574574.0,1790574574,14.1705,48.5418,10363.2,False,211.64,286.23,0.0,,10789.92,1742,False,0,2026-09-28 05:49:42.078546
4408de,AUA26Y  ,Austria,1790574574.0,1790574574,11.1239,53.27,7292.34,False,213.57,131.48,7.48,,7635.24,7611,False,0,2026-09-28 05:49:42.078546
aca1e4,AVA254  ,United States,1790574574.0,1790574574,-73.8171,5.733,8442.96,False,224.28,11.64,4.88,,9022.08,,False,0,2026-09-28 05:49:42.078546
aca1da,ASA17   ,United States,1790574574.0,1790574574,-118.4425,47.6412,10363.2,False,228.96,277.75,-0.33,,10500.36,,False,0,2026-09-28 05:49:42.078546
4aaa0f,POL5490 ,Sweden,1790574574.0,1790574574,17.9945,59.4332,190.5,False,58.24,204.53,-0.65,,327.66,7000,False,0,2026-09-28 05:49:42.078546
503e61,CXI62EA ,Lithuania,1790574574.0,1790574575,10.5159,48.3337,10675.62,False,238.65,121.15,0.0,,11117.58,0111,False,0,2026-09-28 05:49:42.078546
c82952,ANZ265  ,New Zealand,1790574574.0,1790574574,146.4379,-38.4544,10645.14,False,212.31,298.99,-4.55,,10873.74,0216,False,0,2026-09-28 05:49:42.078546
0c605d,BWA605  ,Trinidad and Tobago,1790574309.0,1790574309,-77.6598,32.7812,11277.6,False,227.65,158.25,0.0,,11765.28,6321,False,0,2026-09-28 05:49:42.078546
71c211,TWB405  ,Republic of Korea,1790574574.0,1790574574,116.7791,40.177,10393.68,False,228.53,351.2,0.0,,10713.72,,False,0,2026-09-28 05:49:42.078546
71c216,KAL643  ,Republic of Korea,1790574480.0,1790574482,126.2148,33.3615,9753.6,False,249.56,198.14,0.33,,10370.82,4112,False,0,2026-09-28 05:49:42.078546
780566,CTJ3842 ,China,1790574574.0,1790574574,90.7636,23.6227,4610.1,False,182.7,144.74,10.08,,4792.98,4704,False,0,2026-09-28 05:49:42.078546
c06558,ACA1275 ,Canada,1790574570.0,1790574570,-115.152,36.0786,,True,3.09,16.88,,,,1314,False,0,2026-09-28 05:49:42.078546
780560,CES552  ,China,1790574571.0,1790574574,117.3758,41.4369,10088.88,False,261.43,172.65,0.0,,10302.24,,False,0,2026-09-28 05:49:42.078546
744828,RJA518  ,Jordan,1790574574.0,1790574574,14.3747,35.9666,10668.0,False,243.06,92.55,0.0,,11117.58,4107,False,0,2026-09-28 05:49:42.078546
4408fd,TAY1845 ,Austria,1790574574.0,1790574574,33.0061,33.1702,8785.86,False,261.59,124.91,-7.15,,9166.86,7143,False,0,2026-09-28 05:49:42.078546
744824,RJA857  ,Jordan,1790574572.0,1790574572,39.783,40.9957,,True,4.12,112.5,,,,,False,0,2026-09-28 05:49:42.078546
744821,RJA613  ,Jordan,1790574574.0,1790574574,36.1055,31.7463,1203.96,False,70.45,260.33,-3.9,,1280.16,,False,0,2026-09-28 05:49:42.078546
744831,RJA811  ,Jordan,1790574574.0,1790574574,36.8889,32.2265,6256.02,False,172.04,232.41,-17.23,,6629.4,,False,0,2026-09-28 05:49:42.078546
406e65,EZY52LD ,United Kingdom,1790574574.0,1790574574,1.5144,44.0201,11269.98,False,215.66,167.32,0.0,,11719.56,2233,False,0,2026-09-28 05:49:42.078546
503cf5,EWG66Q  ,Lithuania,1790574574.0,1790574574,16.1024,46.6877,10668.0,False,253.62,143.25,0.0,,11087.1,7606,False,0,2026-09-28 05:49:42.078546
a2a213,SKW4083 ,United States,1790574574.0,1790574575,-120.588,37.6633,6042.66,False,211.94,321.41,-8.13,,6134.1,7203,False,0,2026-09-28 05:49:42.078546
503cfe,CAI3VT  ,Lithuania,1790574568.0,1790574570,30.8049,36.8809,,True,4.37,171.56,,,,,False,0,2026-09-28 05:49:42.078546
44d068,BEL9901 ,Belgium,1790574574.0,1790574575,12.6936,47.4922,9966.96,False,203.36,131.51,-1.95,,10416.54,1000,False,0,2026-09-28 05:49:42.078546
50801c,ADB7125 ,Ukraine,1790574574.0,1790574575,11.686,53.0077,10066.02,False,228.73,108.76,0.0,,10469.88,2056,False,0,2026-09-28 05:49:42.078546
4aaa68,DFL5920 ,Sweden,1790574486.0,1790574494,11.9566,57.6836,,True,0.0,106.88,,,,,False,0,2026-09-28 05:49:42.078546
44d071,BEL6NY  ,Belgium,1790574575.0,1790574575,-1.7037,42.7311,10660.38,False,208.44,206.69,0.0,,11094.72,7106,False,0,2026-09-28 05:49:42.078546
406e2e,EXS55DG ,United Kingdom,1790574574.0,1790574575,4.0342,52.0072,11277.6,False,228.25,117.37,0.0,,11597.64,4720,False,0,2026-09-28 05:49:42.078546
ad1d23,TWY944  ,United States,1790574574.0,1790574574,6.115,45.2585,12496.8,False,253.08,110.09,0.0,,12938.76,1000,False,0,2026-09-28 05:49:42.078546
4ba913,THY1CA  ,Turkey,1790574574.0,1790574574,29.9809,40.9567,5364.48,False,180.03,221.52,-8.45,,,4327,False,0,2026-09-28 05:49:42.078546
4ba916,THY3AY  ,Turkey,1790574574.0,1790574574,21.8488,48.4446,11277.6,False,243.54,148.12,0.0,,11605.26,4534,False,0,2026-09-28 05:49:42.078546
4ba915,THY8GS  ,Turkey,1790574416.0,1790574572,39.1275,41.0874,6606.54,False,193.0,271.68,12.03,,4792.98,5072,False,0,2026-09-28 05:49:42.078546
4ba910,THY5RN  ,Turkey,1790574575.0,1790574575,21.6643,46.2436,10363.2,False,222.48,312.47,0.0,,10660.38,5371,False,0,2026-09-28 05:49:42.078546
4ba90c,THY1MJ  ,Turkey,1790574574.0,1790574574,24.6367,43.2568,10972.8,False,224.61,292.63,0.0,,11262.36,5425,False,0,2026-09-28 05:49:42.078546
4ba90e,THY9NY  ,Turkey,1790574211.0,1790574556,29.9437,42.0116,9944.1,False,228.93,89.87,6.5,,9860.28,0743,False,0,2026-09-28 05:49:42.078546
71c274,KAL622  ,Republic of Korea,1790574575.0,1790574575,120.539,23.9719,11277.6,False,236.13,36.5,0.0,,12092.94,,False,0,2026-09-28 05:49:42.078546
abca08,DAL258  ,United States,1790574574.0,1790574574,-10.6907,54.3873,11887.2,False,257.37,105.54,0.0,,11841.48,,False,0,2026-09-28 05:49:42.078546
a37265,DAL1404 ,United States,1790574558.0,1790574567,-73.8662,40.7723,,True,0.06,132.19,,,,1671,False,0,2026-09-28 05:49:42.078546
48d961,PLF106  ,Poland,1790574574.0,1790574575,24.9672,46.382,11902.44,False,245.3,130.24,-0.65,,12192.0,1740,False,0,2026-09-28 05:49:42.078546
405b65,EZY31BD ,United Kingdom,1790574574.0,1790574575,0.5317,45.1721,11277.6,False,200.64,179.71,-0.33,,11681.46,5216,False,0,2026-09-28 05:49:42.078546
4ba91a,THY6TE  ,Turkey,1790574170.0,1790574574,22.6253,51.2778,10668.0,False,212.03,9.07,0.0,,10988.04,5313,False,0,2026-09-28 05:49:42.078546
a2fbec,UAL576  ,United States,1790574574.0,1790574574,-115.1194,35.973,10668.0,False,285.39,48.58,-0.98,,11117.58,1332,False,0,2026-09-28 05:49:42.078546
abdd4a,SWA1111 ,United States,1790574574.0,1790574575,-105.901,40.4303,7322.82,False,224.31,100.3,-9.43,,7673.34,6246,False,0,2026-09-28 05:49:42.078546
7cf4f1,        ,Australia,1790574536.0,1790574536,151.179,-33.9312,,True,4.89,289.69,,,,,False,0,2026-09-28 05:49:42.078546
0d0932,VOI3047 ,Mexico,1790574565.0,1790574571,-110.2483,27.9128,10363.2,False,225.56,292.53,0.0,,11071.86,,False,0,2026-09-28 05:49:42.078546
0d0934,VIV4309 ,Mexico,1790574461.0,1790574469,-100.1156,25.7784,,True,0.0,154.69,,,,,False,0,2026-09-28 05:49:42.078546
4ba906,TKJ634  ,Turkey,1790574575.0,1790574575,30.7451,40.3164,10005.06,False,212.59,98.21,-4.55,,10271.76,4441,False,0,2026-09-28 05:49:42.078546
4ba903,TKJ9BU  ,Turkey,1790574574.0,1790574574,24.9201,44.1411,11277.6,False,239.05,152.99,0.33,,11544.3,2274,False,0,2026-09-28 05:49:42.078546
4ba905,TKJ8TK  ,Turkey,1790574574.0,1790574574,22.8866,46.1185,11277.6,False,246.79,161.15,0.0,,11574.78,6256,False,0,2026-09-28 05:49:42.078546
a25278,SKW4815 ,United States,1790574574.0,1790574574,-112.1362,35.8813,7551.42,False,225.34,354.5,-6.5,,7917.18,,False,0,2026-09-28 05:49:42.078546
7cf4e8,        ,Australia,1790574570.0,1790574570,151.1749,-33.9337,,True,4.63,205.31,,,,,False,0,2026-09-28 05:49:42.078546
a2b562,ASA303  ,United States,1790574574.0,1790574574,-131.673,55.3204,10972.8,False,218.54,307.06,0.33,,10850.88,,False,0,2026-09-28 05:49:42.078546
71c282,AAR333  ,Republic of Korea,1790574572.0,1790574574,117.1179,39.1734,4785.36,False,172.79,340.7,0.0,,4930.14,,False,0,2026-09-28 05:49:42.078546
78180a,CSN8032 ,China,1790574535.0,1790574535,113.6444,22.87,1043.94,False,104.74,114.68,-2.6,,1135.38,,False,0,2026-09-28 05:49:42.078546
3424d2,VLG6034 ,Spain,1790574574.0,1790574574,5.7323,43.2576,10363.2,False,213.77,18.96,0.0,,10828.02,1000,False,0,2026-09-28 05:49:42.078546
3424d1,VLG7CX  ,Spain,1790574574.0,1790574575,-4.3186,40.7666,10050.78,False,209.49,189.18,0.0,,10469.88,5055,False,0,2026-09-28 05:49:42.078546
3424d5,VLG4WR  ,Spain,1790574575.0,1790574575,11.489,44.4631,845.82,False,102.61,296.82,0.0,,998.22,1000,False,0,2026-09-28 05:49:42.078546
7817b6,CSN6965 ,China,1790574573.0,1790574573,117.8826,38.7018,9174.48,False,199.41,313.54,0.0,,9525.0,,False,0,2026-09-28 05:49:42.078546
ac6596,SWA647  ,United States,1790574575.0,1790574575,-112.6789,33.7212,9448.8,False,251.09,142.07,0.33,,9951.72,,False,0,2026-09-28 05:49:42.078546
a05a25,UAL310  ,United States,1790574574.0,1790574575,-5.8658,53.634,2438.4,False,133.77,95.07,0.0,,2499.36,3607,False,0,2026-09-28 05:49:42.078546
adc238,JBU777  ,United States,1790574574.0,1790574574,-86.5844,41.7828,10370.82,False,238.56,261.82,0.0,,10751.82,3466,False,0,2026-09-28 05:49:42.078546
85134a,,Japan,1790574574.0,1790574574,135.2266,34.4353,,True,6.94,320.62,,,,,False,0,2026-09-28 05:49:42.078546
aca22e,DAL2653 ,United States,1790574574.0,1790574574,-115.1409,36.0783,,True,4.63,90.0,,,,4743,False,0,2026-09-28 05:49:42.078546
c1e6ca,TRA148  ,Canada,1790574574.0,1790574575,-123.1996,49.1883,,True,1.54,278.44,,,,,False,0,2026-09-28 05:49:42.078546
a05a01,UAL36   ,United States,1790574560.0,1790574570,-11.7609,56.0414,11887.2,False,257.59,84.04,0.0,,11734.8,,False,0,2026-09-28 05:49:42.078546
c1e6d0,WLD67   ,Canada,1790574572.0,1790574572,-123.1719,49.1841,,True,3.86,98.44,,,,,False,0,2026-09-28 05:49:42.078546
a29a19,N267MH  ,United States,1790574574.0,1790574574,-83.724,41.6896,510.54,False,53.83,51.6,-2.28,,502.92,,False,0,2026-09-28 05:49:42.078546
39bf0c,FHPYM   ,France,1790574349.0,1790574380,5.1472,47.1548,655.32,False,97.85,314.79,-1.63,,769.62,,False,0,2026-09-28 05:49:42.078546
840646,TOK503  ,Japan,1790574575.0,1790574575,136.3468,35.3565,4884.42,False,115.07,249.86,0.33,,5113.02,7305,False,0,2026-09-28 05:49:42.078546
ad7284,TAI590  ,United States,1790574574.0,1790574574,-79.0203,35.7689,11277.6,False,246.64,25.98,0.33,,11711.94,1046,False,0,2026-09-28 05:49:42.078546
7c3d53,VHMED   ,Australia,1790574555.0,1790574555,148.7129,-18.0441,11277.6,False,222.36,165.26,0.33,,12039.6,,False,0,2026-09-28 05:49:42.078546
7804bd,CCA1711 ,China,1790574511.0,1790574511,116.7607,39.7067,2331.72,False,128.22,287.27,-2.93,,2804.16,,False,0,2026-09-28 05:49:42.078546
406e10,VIR156T ,United Kingdom,1790574574.0,1790574574,-113.3991,37.8834,8991.6,False,300.85,32.36,6.83,,9395.46,,False,0,2026-09-28 05:49:42.078546
4ba892,THY6318 ,Turkey,1790574575.0,1790574575,35.2286,34.7527,11887.2,False,250.54,139.08,0.0,,12382.5,5317,False,0,2026-09-28 05:49:42.078546
8991e7,SJX841  ,Taiwan,1790574573.0,1790574573,130.5243,33.4643,1463.04,False,148.19,152.28,8.13,,1531.62,,False,0,2026-09-28 05:49:42.078546
8991e6,SJX850  ,Taiwan,1790574574.0,1790574574,141.3694,42.0083,5905.5,False,215.33,34.49,-8.45,,6057.9,,False,0,2026-09-28 05:49:42.078546
8991e2,SJX847  ,Taiwan,1790574574.0,1790574574,121.2382,25.0795,,True,0.0,317.81,,,,,False,0,2026-09-28 05:49:42.078546
a8886d,UAL52   ,United States,1790574574.0,1790574575,8.0799,47.4988,3649.98,False,138.77,108.37,-8.13,,3909.06,2053,False,0,2026-09-28 05:49:42.078546
8991dd,SJX716  ,Taiwan,1790574342.0,1790574343,115.4188,21.8899,10058.4,False,235.51,86.62,0.0,,10774.68,,False,0,2026-09-28 05:49:42.078546
a79bdb,TFF959  ,United States,1790574575.0,1790574575,-1.2622,52.2794,5882.64,False,197.68,150.37,-10.4,,6035.04,5173,False,0,2026-09-28 05:49:42.078546
86efb0,ANA116D ,Japan,1790574574.0,1790574574,139.7725,35.5589,,True,8.23,42.19,,,,,False,0,2026-09-28 05:49:42.078546
3c818e,FM2     ,Germany,1790574516.0,1790574516,12.2482,51.4107,,True,9.77,87.19,,,,,False,0,2026-09-28 05:49:42.078546
ad727a,ASA436  ,United States,1790574568.0,1790574570,-112.3607,46.2737,10058.4,False,252.32,85.56,0.0,,10279.38,6602,False,0,2026-09-28 05:49:42.078546
31d7af,MIKE11  ,Italy,1790574566.0,1790574566,8.7234,45.6188,,True,2.57,36.56,,,,,False,0,2026-09-28 05:49:42.078546
c063c8,CWA927  ,Canada,1790574574.0,1790574574,-112.5403,50.6304,7010.4,False,156.08,120.28,0.0,,7063.74,,False,0,2026-09-28 05:49:42.078546
a7a532,DAL548  ,United States,1790574574.0,1790574574,-111.9302,33.5438,3421.38,False,184.05,75.26,5.2,,3573.78,,False,0,2026-09-28 05:49:42.078546
7804f1,CXA8135 ,China,1790574574.0,1790574574,117.9079,38.8228,1996.44,False,138.28,297.23,-2.6,,2057.4,,False,0,2026-09-28 05:49:42.078546
3939e4,TJT51AL ,France,1790574574.0,1790574574,8.3783,45.1261,3314.7,False,150.18,50.42,-8.13,,3566.16,1000,False,0,2026-09-28 05:49:42.078546
4ca242,RYR315R ,Ireland,1790574575.0,1790574575,4.5701,41.5128,10972.8,False,233.08,25.77,-0.33,,11460.48,5513,False,0,2026-09-28 05:49:42.078546
780571,,China,,1790574553,,,,False,224.64,355.01,0.0,,,,False,0,2026-09-28 05:49:42.078546
503e82,EWG7C   ,Lithuania,1790574574.0,1790574574,7.3196,42.3432,11277.6,False,234.78,227.04,0.0,,11780.52,1133,False,0,2026-09-28 05:49:42.078546
4ca251,RYR6882 ,Ireland,1790574570.0,1790574570,3.9112,39.9568,3779.52,False,188.98,320.63,12.35,,4023.36,,False,0,2026-09-28 05:49:42.078546
407fda,WUK712  ,United Kingdom,1790574574.0,1790574575,13.1366,47.0406,11285.22,False,235.36,135.09,-0.33,,11750.04,4705,False,0,2026-09-28 05:49:42.078546
406caa,EXS4JM  ,United Kingdom,1790574574.0,1790574574,5.0428,52.3618,11277.6,False,231.04,131.57,0.0,,11620.5,4711,False,0,2026-09-28 05:49:42.078546
780592,CSN3168 ,China,1790574574.0,1790574574,113.5329,22.6628,1699.26,False,121.5,44.66,-7.8,,1790.7,,False,0,2026-09-28 05:49:42.078546
4ca245,RYR71TT ,Ireland,1790574574.0,1790574574,6.505,43.0821,10972.8,False,232.85,50.65,0.0,,11452.86,1000,False,0,2026-09-28 05:49:42.078546
7c089c,BZI     ,Australia,1790574574.0,1790574574,153.0426,-26.5821,289.56,False,60.07,343.58,-2.93,,426.72,,False,0,2026-09-28 05:49:42.078546
4ca244,RYR3622 ,Ireland,1790574574.0,1790574574,10.6381,40.6436,10972.8,False,227.64,87.28,0.0,,11430.0,1000,False,0,2026-09-28 05:49:42.078546
8418cc,JAL316  ,Japan,1790574574.0,1790574574,132.4149,33.7128,8961.12,False,275.16,82.26,5.53,,9517.38,,False,0,2026-09-28 05:49:42.078546
704003,UBA412  ,Myanmar,1790574427.0,1790574427,93.5317,19.52,655.32,False,86.75,154.35,-4.23,,,,False,0,2026-09-28 05:49:42.078546
407fcb,SHT2V   ,United Kingdom,1790574571.0,1790574574,-0.4448,51.4777,-22.86,True,44.24,270.0,,,,6003,False,0,2026-09-28 05:49:42.078546
8405b5,JA01JP  ,Japan,1790574570.0,1790574570,133.0143,34.2483,13037.82,False,163.59,244.08,-4.55,,13761.72,3317,False,0,2026-09-28 05:49:42.078546
503e9a,EWG7SV  ,Lithuania,1790574574.0,1790574575,5.8184,45.1374,11277.6,False,226.52,197.04,0.0,,11757.66,1116,False,0,2026-09-28 05:49:42.078546
ad2ea1,ASA349  ,United States,1790574574.0,1790574575,-134.506,57.7011,11582.4,False,239.3,320.32,0.0,,11384.28,,False,0,2026-09-28 05:49:42.078546
4ca216,EIN59K  ,Ireland,1790574575.0,1790574575,-5.5829,51.7148,10530.84,False,195.29,171.06,11.05,,10675.62,1155,False,0,2026-09-28 05:49:42.078546
4ba88f,THY6144 ,Turkey,1790574574.0,1790574574,29.1498,41.0671,2636.52,False,157.67,214.36,-15.28,,2743.2,0677,False,0,2026-09-28 05:49:42.078546
503e99,GJM3327 ,Lithuania,1790566828.0,1790574572,24.574,54.4457,11277.6,False,202.54,108.2,0.0,,,6746,False,0,2026-09-28 05:49:42.078546
a3d4ed,AAL686  ,United States,1790574574.0,1790574574,-118.5968,37.885,11582.4,False,202.53,263.29,0.0,,11978.64,,False,0,2026-09-28 05:49:42.078546
34258f,VLG4KY  ,Spain,1790574574.0,1790574574,-2.0885,42.2214,10066.02,False,216.76,291.88,0.33,,10492.74,1000,False,0,2026-09-28 05:49:42.078546
704018,MMA834  ,Myanmar,1790574575.0,1790574575,99.94,20.4914,533.4,False,62.38,35.26,10.4,,,,False,0,2026-09-28 05:49:42.078546
44093e,EJU653F ,Austria,1790574574.0,1790574574,8.7329,45.6322,137.16,False,82.83,348.9,2.28,,274.32,,False,0,2026-09-28 05:49:42.078546
407fc9,BAW581X ,United Kingdom,1790574574.0,1790574574,7.3534,46.3627,10043.16,False,231.51,301.18,6.18,,10507.98,5775,False,0,2026-09-28 05:49:42.078546
4ca226,RYR99XM ,Ireland,1790574575.0,1790574575,13.5047,45.2224,9753.6,False,223.3,320.52,0.33,,10187.94,0254,False,0,2026-09-28 05:49:42.078546
4ca281,EIN60H  ,Ireland,1790574574.0,1790574574,-1.155,53.2412,11262.36,False,237.07,99.87,0.33,,11460.48,4644,False,0,2026-09-28 05:49:42.078546
4ca280,EIN45F  ,Ireland,1790574574.0,1790574574,-2.3269,52.894,10972.8,False,231.76,111.9,-0.33,,11163.3,2227,False,0,2026-09-28 05:49:42.078546
342591,VLG4GZ  ,Spain,1790574574.0,1790574575,0.9612,45.2633,10363.2,False,239.98,354.09,0.0,,10774.68,1000,False,0,2026-09-28 05:49:42.078546
49d24d,,Czech Republic,1790574478.0,1790574559,21.4132,50.3344,9936.48,False,248.53,174.66,4.23,,10256.52,,False,0,2026-09-28 05:49:42.078546
a07fb5,VJA131  ,United States,1790574574.0,1790574574,-120.885,40.6591,12519.66,False,240.31,171.51,-0.33,,12847.32,0105,False,0,2026-09-28 05:49:42.078546
4ca294,EIN2MW  ,Ireland,1790574574.0,1790574574,-5.195,53.5301,7498.08,False,213.14,92.21,5.2,,7627.62,7730,False,0,2026-09-28 05:49:42.078546
4ca293,EIN680  ,Ireland,1790574574.0,1790574574,-1.4034,52.0052,11277.6,False,208.96,144.82,0.33,,11513.82,2072,False,0,2026-09-28 05:49:42.078546
ad8514,EJA970  ,United States,1790574542.0,1790574562,-122.3843,37.6278,,True,0.0,298.12,,,,6074,False,0,2026-09-28 05:49:42.078546
4ca292,EIN4GC  ,Ireland,1790574574.0,1790574574,12.0309,41.7912,1379.22,False,151.76,270.0,4.55,,1554.48,,False,0,2026-09-28 05:49:42.078546
342582,VLG37ZU ,Spain,1790574574.0,1790574574,10.1719,40.3568,10972.8,False,225.1,100.67,0.0,,11422.38,1417,False,0,2026-09-28 05:49:42.078546
342581,VLG9EH  ,Spain,1790574575.0,1790574575,-0.973,38.9176,4625.34,False,195.59,178.19,-13.0,,4937.76,1000,False,0,2026-09-28 05:49:42.078546
4ca27b,RYR5436 ,Ireland,1790574574.0,1790574574,-2.8218,42.367,10972.8,False,258.05,36.73,0.0,,11384.28,4527,False,0,2026-09-28 05:49:42.078546
4ca27a,RYR791X ,Ireland,1790574574.0,1790574574,6.1752,46.7356,11582.4,False,223.54,319.01,0.0,,12016.74,5701,False,0,2026-09-28 05:49:42.078546
4ca27c,RYR64CZ ,Ireland,1790574575.0,1790574575,11.9374,44.6743,11887.2,False,226.43,157.28,0.0,,12329.16,1000,False,0,2026-09-28 05:49:42.078546
4ca264,RYR54SE ,Ireland,1790574574.0,1790574574,2.2486,41.3551,655.32,False,101.29,245.39,-5.53,,777.24,1000,False,0,2026-09-28 05:49:42.078546
abeeea,SWA874  ,United States,1790574574.0,1790574575,-122.9676,45.1895,5715.0,False,214.01,179.59,7.8,,5806.44,3504,False,0,2026-09-28 05:49:42.078546
4ca24f,RYR19WY ,Ireland,1790574398.0,1790574425,-6.2476,53.4288,,True,0.0,185.62,,,,,False,0,2026-09-28 05:49:42.078546
4ca24d,RYR63VQ ,Ireland,1790574574.0,1790574574,13.9558,41.2983,11277.6,False,232.53,183.81,0.0,,11719.56,1000,False,0,2026-09-28 05:49:42.078546
479d40,NOZ164  ,Norway,1790574489.0,1790574494,10.9158,63.4549,,True,0.0,180.0,,,,,False,0,2026-09-28 05:49:42.078546
46cd38,SEH031  ,Greece,1790574574.0,1790574575,24.4669,37.5082,4488.18,False,144.8,287.79,-2.6,,4655.82,,False,0,2026-09-28 05:49:42.078546
a384f8,DAL1156 ,United States,1790574568.0,1790574573,-71.018,42.3704,,True,0.0,205.31,,,,,False,0,2026-09-28 05:49:42.078546
ac6573,SWA3690 ,United States,1790574574.0,1790574575,-121.6016,38.6809,175.26,False,81.8,180.72,17.23,,121.92,,False,0,2026-09-28 05:49:42.078546
39ac4d,SAMU42  ,France,1790574574.0,1790574574,4.0318,45.8088,822.96,False,70.39,144.22,0.0,,937.26,,False,0,2026-09-28 05:49:42.078546
a67d17,SKW6371 ,United States,1790574499.0,1790574499,-122.3011,47.4383,,True,0.39,337.5,,,,2036,False,0,2026-09-28 05:49:42.078546
4ca25b,RYR9286 ,Ireland,1790574575.0,1790574575,-0.5115,54.7988,12496.8,False,229.79,122.2,0.0,,12633.96,3447,False,0,2026-09-28 05:49:42.078546
4ca25a,RYR5NY  ,Ireland,1790574575.0,1790574575,9.3393,44.8199,11582.4,False,235.56,59.12,0.0,,12024.36,1000,False,0,2026-09-28 05:49:42.078546
781942,DKH1670 ,China,1790574574.0,1790574574,122.1561,12.4814,11574.78,False,252.42,325.63,0.0,,12420.6,,False,0,2026-09-28 05:49:42.078546
a1cdd8,UAL1157 ,United States,1790574575.0,1790574575,-118.367,33.939,137.16,False,69.94,263.24,-3.58,,91.44,2447,False,0,2026-09-28 05:49:42.078546
49d04d,TVP7464 ,Czech Republic,1790574574.0,1790574574,21.445,50.1218,10363.2,False,248.99,174.78,4.88,,10675.62,4544,False,0,2026-09-28 05:49:42.078546
71c354,TWB252  ,Republic of Korea,1790574574.0,1790574574,136.4337,34.6034,9144.0,False,206.99,274.7,0.33,,9707.88,3254,False,0,2026-09-28 05:49:42.078546
71c357,ABL794  ,Republic of Korea,1790574575.0,1790574575,121.5738,25.6173,6492.24,False,223.98,49.28,6.83,,6949.44,,False,0,2026-09-28 05:49:42.078546
a50734,EMD44   ,United States,1790574575.0,1790574575,-98.3212,33.353,6096.0,False,128.71,304.58,0.0,,6408.42,,False,0,2026-09-28 05:49:42.078546
781953,CSZ9138 ,China,1790574574.0,1790574574,113.4797,22.8789,2735.58,False,129.51,162.43,0.33,,2880.36,,False,0,2026-09-28 05:49:42.078546
780628,CQN2333 ,China,1790574494.0,1790574544,117.7962,36.9264,7833.36,False,250.32,96.96,-4.88,,8206.74,,False,0,2026-09-28 05:49:42.078546
71c348,KAL1364 ,Republic of Korea,1790574574.0,1790574575,126.848,37.5105,335.28,False,72.39,314.71,-3.58,,358.14,5016,False,0,2026-09-28 05:49:42.078546
71c349,KAL833  ,Republic of Korea,1790574413.0,1790574413,126.4419,37.4479,,True,5.4,143.44,,,,,False,0,2026-09-28 05:49:42.078546
78194d,CES5016 ,China,1790574574.0,1790574574,114.0642,22.3843,5699.76,False,185.81,21.95,11.05,,6057.9,5734,False,0,2026-09-28 05:49:42.078546
880c44,AIQ583  ,Thailand,1790574573.0,1790574573,100.4568,16.2576,10980.42,False,222.72,165.96,0.0,,11689.08,,False,0,2026-09-28 05:49:42.078546
880c43,AIQ175  ,Thailand,1790574574.0,1790574574,77.7207,6.089,11582.4,False,236.82,248.06,0.0,,12252.96,,False,0,2026-09-28 05:49:42.078546
c069c9,CGOBO   ,Canada,1790574574.0,1790574574,-79.3384,43.1437,388.62,False,49.05,94.81,-0.65,,381.0,5506,False,0,2026-09-28 05:49:42.078546
880c47,AIQ513  ,Thailand,1790574574.0,1790574574,100.4377,14.062,2964.18,False,147.7,21.02,-4.88,,3086.1,,False,0,2026-09-28 05:49:42.078546
4405ea,EJU64AM ,Austria,1790574574.0,1790574574,6.7917,47.2847,11582.4,False,222.99,334.74,0.0,,12016.74,1000,False,0,2026-09-28 05:49:42.078546
880c46,AIQ1040 ,Thailand,1790574418.0,1790574418,100.2543,15.8881,9448.8,False,249.56,45.67,0.0,,,,False,0,2026-09-28 05:49:42.078546
71c375,ESR626  ,Republic of Korea,1790574547.0,1790574554,132.6694,36.0288,10972.8,False,176.69,263.14,0.0,,11567.16,6171,False,0,2026-09-28 05:49:42.078546
78195f,CES243  ,China,1790574574.0,1790574574,8.9742,45.2395,1569.72,False,117.91,217.02,-6.5,,1783.08,1000,False,0,2026-09-28 05:49:42.078546
71c371,AAR173  ,Republic of Korea,1790574574.0,1790574575,141.4167,42.5653,3909.06,False,167.41,245.88,11.7,,3962.4,,False,0,2026-09-28 05:49:42.078546
ab3856,AAL236  ,United States,1790574574.0,1790574574,-1.813,47.2266,11879.58,False,254.78,114.96,-0.33,,12214.86,2205,False,0,2026-09-28 05:49:42.078546
71c363,TWB669  ,Republic of Korea,1790574470.0,1790574472,126.1233,33.2707,10363.2,False,228.11,197.45,0.33,,11003.28,7135,False,0,2026-09-28 05:49:42.078546
407e82,RUK27NX ,United Kingdom,1790574574.0,1790574575,-4.1856,48.275,11277.6,False,200.39,194.57,0.0,,11529.06,2266,False,0,2026-09-28 05:49:42.078546
704020,MMA504  ,Myanmar,1790574555.0,1790574555,100.3593,6.2993,10980.42,False,236.84,345.15,0.0,,11704.32,,False,0,2026-09-28 05:49:42.078546
71c319,AIH926  ,Republic of Korea,1790574568.0,1790574574,126.6304,37.1744,1478.28,False,117.03,11.41,-3.9,,1554.48,4755,False,0,2026-09-28 05:49:42.078546
7c2ac0,JTE5671 ,Australia,1790574574.0,1790574574,116.2981,-31.4064,3474.72,False,152.65,196.85,-7.15,,3512.82,7225,False,0,2026-09-28 05:49:42.078546
78197d,CSC3995 ,China,1790574574.0,1790574574,102.1343,2.8616,5265.42,False,165.38,214.48,-4.23,,5600.7,,False,0,2026-09-28 05:49:42.078546
78064c,,China,1790574544.0,1790574564,118.6243,32.0655,2171.7,False,140.04,177.68,-4.23,,2255.52,,False,0,2026-09-28 05:49:42.078546
71c312,KAL1717 ,Republic of Korea,1790574573.0,1790574573,126.6932,35.0443,5486.4,False,200.37,185.01,0.0,,5760.72,7277,False,0,2026-09-28 05:49:42.078546
78197a,CDC8655 ,China,1790574510.0,1790574522,117.8947,24.5223,9784.08,False,239.55,222.74,0.0,,10507.98,,False,0,2026-09-28 05:49:42.078546
71c313,KAL1543 ,Republic of Korea,1790574539.0,1790574539,128.9355,35.1775,,True,1.29,306.56,,,,5000,False,0,2026-09-28 05:49:42.078546
70400c,MMA502  ,Myanmar,1790574574.0,1790574575,98.8174,12.5083,10980.42,False,239.45,329.25,-0.33,,,,False,0,2026-09-28 05:49:42.078546
71c308,AAR221  ,Republic of Korea,1790574573.0,1790574573,143.61,36.7632,11582.4,False,205.15,266.41,0.0,,12207.24,,False,0,2026-09-28 05:49:42.078546
71c309,ABL8115 ,Republic of Korea,1790574566.0,1790574573,128.5703,34.8755,3680.46,False,192.68,222.08,0.33,,3863.34,7264,False,0,2026-09-28 05:49:42.078546
71c301,JJA155  ,Republic of Korea,1790574574.0,1790574574,126.6392,34.5324,5486.4,False,199.3,184.89,0.0,,5745.48,3141,False,0,2026-09-28 05:49:42.078546
71c304,,Republic of Korea,1790574430.0,1790574430,141.6741,42.7854,,True,5.92,354.38,,,,,False,0,2026-09-28 05:49:42.078546
71c305,JJA1472 ,Republic of Korea,1790574548.0,1790574570,126.4674,37.4533,53.34,False,60.52,324.69,-0.65,,83.82,7065,False,0,2026-09-28 05:49:42.078546
71c303,JJA8802 ,Republic of Korea,1790574575.0,1790574575,126.2584,37.1006,1882.14,False,140.12,64.09,-4.23,,1950.72,0025,False,0,2026-09-28 05:49:42.078546
a28adf,CHP51   ,United States,1790574574.0,1790574575,-118.2737,34.0333,2308.86,False,45.79,154.01,0.0,,2354.58,0723,False,0,2026-09-28 05:49:42.078546
70401f,,Myanmar,1790574524.0,1790574524,77.0775,28.5524,,True,4.63,194.06,,,,,False,0,2026-09-28 05:49:42.078546
780676,BSN8076 ,China,1790574574.0,1790574574,100.7512,13.6446,586.74,False,80.85,170.48,15.61,,563.88,,False,0,2026-09-28 05:49:42.078546
503d41,,Lithuania,1790574514.0,1790574514,34.888,32.0149,,True,8.75,73.12,,,,,False,0,2026-09-28 05:49:42.078546
503d40,EWG1L   ,Lithuania,1790574574.0,1790574575,11.4803,46.8462,8839.2,False,216.46,204.13,0.0,,9250.68,1111,False,0,2026-09-28 05:49:42.078546
780673,CSN6315 ,China,1790574573.0,1790574574,117.627,40.7831,9784.08,False,212.84,207.49,0.0,,10027.92,,False,0,2026-09-28 05:49:42.078546
a6ab7e,N529MP  ,United States,1790574574.0,1790574575,-121.8665,38.1809,2308.86,False,82.85,14.38,0.0,,2316.48,0430,False,0,2026-09-28 05:49:42.078546
71c339,JJA6171 ,Republic of Korea,1790574575.0,1790574575,126.7843,35.8904,10172.7,False,227.29,185.19,6.18,,10683.24,4167,False,0,2026-09-28 05:49:42.078546
71c334,JJA1393 ,Republic of Korea,1790574574.0,1790574574,129.1018,37.5342,8648.7,False,270.5,121.15,6.5,,8991.6,4130,False,0,2026-09-28 05:49:42.078546
71c332,JJA1552 ,Republic of Korea,1790574574.0,1790574574,140.3907,41.6892,10972.8,False,187.3,197.09,0.33,,11300.46,,False,0,2026-09-28 05:49:42.078546
71c337,JJA1621 ,Republic of Korea,1790574370.0,1790574370,135.2305,34.6349,,True,6.94,264.38,,,,,False,0,2026-09-28 05:49:42.078546
71c335,JJA1171 ,Republic of Korea,1790574574.0,1790574575,135.1579,36.5827,9448.8,False,272.89,62.61,0.0,,9959.34,,False,0,2026-09-28 05:49:42.078546
06a052,QTR3R   ,Qatar,1790574574.0,1790574574,89.8018,23.4864,4640.58,False,208.87,232.71,7.8,,4838.7,4775,False,0,2026-09-28 05:49:42.078546
503d48,EWG10E  ,Lithuania,1790574574.0,1790574574,8.8036,47.3316,10378.44,False,239.69,189.89,-5.2,,10835.64,1136,False,0,2026-09-28 05:49:42.078546
06a053,QTR46M  ,Qatar,1790574573.0,1790574574,51.5328,24.6707,5859.78,False,211.03,217.37,4.23,,6195.06,2113,False,0,2026-09-28 05:49:42.078546
71c328,ABL8817 ,Republic of Korea,1790574574.0,1790574575,128.3137,36.0428,5181.6,False,218.64,135.67,0.33,,5417.82,7262,False,0,2026-09-28 05:49:42.078546
e49c02,TAM3324 ,Brazil,1790574574.0,1790574574,-39.1253,-4.6941,6088.38,False,193.38,24.52,-8.45,,6446.52,,False,0,2026-09-28 05:49:42.078546
71c329,TWB126  ,Republic of Korea,1790574574.0,1790574574,121.1102,16.9891,10058.4,False,238.21,17.34,0.0,,10789.92,,False,0,2026-09-28 05:49:42.078546
71c321,JJA122  ,Republic of Korea,1790574574.0,1790574574,126.94,35.8136,5181.6,False,191.1,5.1,0.0,,5394.96,,False,0,2026-09-28 05:49:42.078546
71c326,,Republic of Korea,,1790574517,,,,False,84.26,301.26,12.68,,,,False,0,2026-09-28 05:49:42.078546
4405b6,EJU84PN ,Austria,1790574574.0,1790574574,0.018,44.3263,11574.78,False,227.95,340.62,0.0,,11986.26,1061,False,0,2026-09-28 05:49:42.078546
06a068,QTR774  ,Qatar,1790574573.0,1790574574,-41.1497,-22.3101,9448.8,False,272.06,72.73,0.0,,9974.58,,False,0,2026-09-28 05:49:42.078546
4405b2,LDX15   ,Austria,1790574573.0,1790574575,132.9468,35.825,12496.8,False,181.76,267.57,0.33,,13129.26,3275,False,0,2026-09-28 05:49:42.078546
406b91,EZY47RE ,United Kingdom,1790574574.0,1790574574,-3.3558,55.9486,,True,0.51,298.12,,,,,False,0,2026-09-28 05:49:42.078546
48e97c,LOT6603 ,Poland,1790574574.0,1790574574,24.7949,44.2959,11277.6,False,236.7,151.15,0.0,,11567.16,2371,False,0,2026-09-28 05:49:42.078546
39ceb2,TVF583Z ,France,1790574574.0,1790574574,5.2411,38.5236,11887.2,False,235.75,184.25,0.0,,12397.74,7643,False,0,2026-09-28 05:49:42.078546
a6aab5,DAL159  ,United States,1790574573.0,1790574573,134.3646,36.2238,12192.0,False,202.25,264.01,0.33,,12801.6,3137,False,0,2026-09-28 05:49:42.078546
7cf5eb,TUG86   ,Australia,1790574335.0,1790574335,115.9705,-31.9418,,True,1.8,14.06,,,,,False,0,2026-09-28 05:49:42.078546
39ceb7,TVF89WM ,France,1790574575.0,1790574575,9.5011,42.684,11277.6,False,232.58,123.27,0.0,,11742.42,2375,False,0,2026-09-28 05:49:42.078546
7cf5ec,TUG87   ,Australia,1790574570.0,1790574570,115.9717,-31.9418,,True,1.03,233.44,,,,,False,0,2026-09-28 05:49:42.078546
39ceb9,TVF56XJ ,France,1790574574.0,1790574574,15.8634,41.8469,11582.4,False,225.31,303.07,0.0,,12016.74,,False,0,2026-09-28 05:49:42.078546
47a32e,NOZ605  ,Norway,1790574574.0,1790574574,9.6441,60.4325,5036.82,False,180.38,86.57,-8.78,,5158.74,,False,0,2026-09-28 05:49:42.078546
a9873d,ASA624  ,United States,1790574574.0,1790574574,-117.2804,47.1168,11277.6,False,246.85,95.02,0.0,,11437.62,6614,False,0,2026-09-28 05:49:42.078546
39ceb0,TVF87SC ,France,1790574574.0,1790574575,1.2078,46.3937,11262.36,False,238.29,106.56,3.58,,11658.6,2376,False,0,2026-09-28 05:49:42.078546
7cf5f4,        ,Australia,1790574268.0,1790574269,115.9594,-31.9479,,True,0.06,284.06,,,,,False,0,2026-09-28 05:49:42.078546
a05f31,DAL1824 ,United States,1790574574.0,1790574574,-112.9627,43.7956,11574.78,False,241.57,339.56,-0.33,,11894.82,4336,False,0,2026-09-28 05:49:42.078546
48e979,LOT334  ,Poland,1790574574.0,1790574574,6.6641,49.7702,11277.6,False,244.18,61.98,0.0,,11696.7,1000,False,0,2026-09-28 05:49:42.078546
abbc52,SWA392  ,United States,1790574574.0,1790574574,-75.9955,39.418,11277.6,False,239.03,57.3,0.0,,11643.36,1563,False,0,2026-09-28 05:49:42.078546
47a31a,NOZ6EJ  ,Norway,1790574574.0,1790574574,11.0618,62.0717,10896.6,False,194.03,194.59,-4.88,,11079.48,,False,0,2026-09-28 05:49:42.078546
39ceab,TVF11SD ,France,1790574574.0,1790574574,2.3579,48.7274,,True,0.0,171.56,,,,,False,0,2026-09-28 05:49:42.078546
a149c1,SKW847E ,United States,1790574574.0,1790574574,-118.7895,35.1804,8534.4,False,237.94,345.6,0.0,,8823.96,5574,False,0,2026-09-28 05:49:42.078546
39ceac,TVF54HE ,France,1790574574.0,1790574574,-0.1781,46.4024,10058.4,False,209.13,111.2,-0.33,,10408.92,1000,False,0,2026-09-28 05:49:42.078546
407e21,VIR138M ,United Kingdom,1790574574.0,1790574574,-58.1113,44.6028,11887.2,False,264.39,76.15,0.0,,12412.98,7170,False,0,2026-09-28 05:49:42.078546
39cead,TVF68PG ,France,1790574574.0,1790574574,4.4419,45.2413,10668.0,False,225.24,148.92,0.0,,11109.96,1000,False,0,2026-09-28 05:49:42.078546
48e95e,LOT7KT  ,Poland,1790574574.0,1790574574,23.8556,46.9643,10972.8,False,220.88,311.41,0.0,,11254.74,2376,False,0,2026-09-28 05:49:42.078546
48e95a,LOT6527 ,Poland,1790574574.0,1790574575,8.0066,44.7512,11277.6,False,226.78,232.56,0.33,,11734.8,5270,False,0,2026-09-28 05:49:42.078546
7cf5cb,TUG64   ,Australia,1790574420.0,1790574420,115.96,-31.9312,,True,0.0,348.75,,,,,False,0,2026-09-28 05:49:42.078546
ad50a9,SWA3416 ,United States,1790574567.0,1790574567,-111.7299,43.7469,11277.6,False,248.57,9.89,-0.33,,11582.4,2076,False,0,2026-09-28 05:49:42.078546
7cf5d4,        ,Australia,1790574574.0,1790574574,115.9608,-31.9356,,True,0.06,188.44,,,,,False,0,2026-09-28 05:49:42.078546
ab10cb,AAL284  ,United States,1790574574.0,1790574574,14.27,50.1116,,True,3.6,149.06,,,,2205,False,0,2026-09-28 05:49:42.078546
39cea1,TVF62SF ,France,1790574291.0,1790574293,2.3578,48.7266,,True,0.0,64.69,,,,1000,False,0,2026-09-28 05:49:42.078546
39cea2,TVF10TE ,France,1790574574.0,1790574574,10.0563,40.202,11277.6,False,239.76,124.95,0.0,,11727.18,1000,False,0,2026-09-28 05:49:42.078546
39cea4,TVF57FM ,France,1790574574.0,1790574574,-0.4202,39.6893,11887.2,False,215.86,193.51,0.0,,12382.5,7647,False,0,2026-09-28 05:49:42.078546
39cea5,TVF700  ,France,1790574575.0,1790574575,13.0786,47.2281,12496.8,False,228.35,99.33,0.0,,12931.14,1000,False,0,2026-09-28 05:49:42.078546
39cea7,TVF77CD ,France,1790574575.0,1790574575,-3.3216,42.3029,11582.4,False,251.33,65.06,0.0,,11986.26,2022,False,0,2026-09-28 05:49:42.078546
39cea8,TVF79VW ,France,1790574574.0,1790574574,-4.7628,43.9682,12496.8,False,213.0,211.77,0.0,,12832.08,7651,False,0,2026-09-28 05:49:42.078546
7c3e85,MMV     ,Australia,1790574574.0,1790574574,115.5142,-32.031,1699.26,False,52.68,58.17,5.85,,1691.64,0361,False,0,2026-09-28 05:49:42.078546
47c968,NBT50V  ,Norway,1790574574.0,1790574574,-63.0938,43.0104,11277.6,False,267.56,73.24,0.0,,11811.0,1515,False,0,2026-09-28 05:49:42.078546
a16c14,N191C   ,United States,1790574574.0,1790574574,-116.2592,33.5164,3093.72,False,38.08,218.42,0.0,,3192.78,4641,False,0,2026-09-28 05:49:42.078546
71c392,KAL963  ,Republic of Korea,1790574573.0,1790574574,116.9222,39.473,10393.68,False,236.64,350.74,-0.33,,10736.58,,False,0,2026-09-28 05:49:42.078546
abbc75,SWA3537 ,United States,1790574574.0,1790574574,-122.4386,47.5725,2865.12,False,148.69,179.21,15.28,,2887.98,,False,0,2026-09-28 05:49:42.078546
71c396,ABL157  ,Republic of Korea,1790574574.0,1790574574,128.5543,35.8406,7909.56,False,201.95,316.34,-0.33,,8328.66,7043,False,0,2026-09-28 05:49:42.078546
71c393,KAL8921 ,Republic of Korea,1790574574.0,1790574574,116.8429,39.8583,10393.68,False,236.24,351.36,0.0,,10713.72,,False,0,2026-09-28 05:49:42.078546
407e71,EXS43CE ,United Kingdom,1790574574.0,1790574575,-4.4363,55.8652,,True,1.03,250.31,,,,,False,0,2026-09-28 05:49:42.078546
71c394,ABL125  ,Republic of Korea,1790574570.0,1790574570,131.8525,35.4171,10980.42,False,191.69,263.22,0.0,,11612.88,,False,0,2026-09-28 05:49:42.078546
a4d42d,AAL2347 ,United States,1790574575.0,1790574575,-96.0425,34.2926,10363.2,False,215.11,289.56,0.0,,10896.6,1476,False,0,2026-09-28 05:49:42.078546
71c388,APZ101  ,Republic of Korea,1790574571.0,1790574571,142.027,38.0086,10660.38,False,294.0,96.33,-0.33,,11239.5,,False,0,2026-09-28 05:49:42.078546
71c389,APZ132  ,Republic of Korea,1790574574.0,1790574574,-76.9528,44.5546,10363.2,False,255.21,337.1,-0.33,,10736.58,3033,False,0,2026-09-28 05:49:42.078546
71c387,APZ102  ,Republic of Korea,1790574574.0,1790574574,133.5684,35.95,11574.78,False,200.78,267.8,-0.33,,12214.86,6106,False,0,2026-09-28 05:49:42.078546
3d6fb7,DFOOD   ,Germany,1790574575.0,1790574575,13.0818,52.2714,1363.98,False,118.76,71.57,-5.2,,1508.76,5041,False,0,2026-09-28 05:49:42.078546
407e69,EXS621F ,United Kingdom,1790574575.0,1790574575,2.1899,51.2515,10668.0,False,232.14,111.45,0.0,,10980.42,4712,False,0,2026-09-28 05:49:42.078546
71c383,AAR1031 ,Republic of Korea,1790574480.0,1790574480,126.4514,37.4712,,True,13.38,320.62,,,,7061,False,0,2026-09-28 05:49:42.078546
407e61,EZY29CT ,United Kingdom,1790574572.0,1790574572,-0.18,51.1595,,True,0.45,78.75,,,,,False,0,2026-09-28 05:49:42.078546
a74764,SCX3029 ,United States,1790574574.0,1790574574,-84.7229,39.1359,1059.18,False,129.44,320.81,10.08,,1074.42,,False,0,2026-09-28 05:49:42.078546
780609,CCA412  ,China,1790574574.0,1790574574,112.3278,23.898,9784.08,False,249.14,298.89,0.0,,10492.74,5746,False,0,2026-09-28 05:49:42.078546
7805a5,GDC7160 ,China,1790574573.0,1790574573,116.4748,39.0101,4229.1,False,182.22,10.74,-4.88,,4358.64,,False,0,2026-09-28 05:49:42.078546
44064a,EJU48FY ,Austria,1790574574.0,1790574574,2.0829,41.3025,,True,1.54,247.5,,,,,False,0,2026-09-28 05:49:42.078546
a639cf,DLX50   ,United States,1790574574.0,1790574575,-85.6558,41.3547,12192.0,False,235.48,276.27,0.0,,12603.48,5764,False,0,2026-09-28 05:49:42.078546
ac69b6,SWA3543 ,United States,1790574400.0,1790574458,-107.7814,44.3077,10972.8,False,210.41,287.06,0.0,,11315.7,,False,0,2026-09-28 05:49:42.078546
a0af7c,SKW5598 ,United States,1790574574.0,1790574575,-98.9486,30.5577,5158.74,False,202.14,157.87,-7.8,,5448.3,3532,False,0,2026-09-28 05:49:42.078546
7c8096,ZOO     ,Australia,1790574574.0,1790574574,150.1214,-33.836,2255.52,False,86.97,284.04,0.0,,2438.4,5064,False,0,2026-09-28 05:49:42.078546
4b441a,HBZUO   ,Switzerland,1790574572.0,1790574573,7.9043,46.0575,3299.46,False,0.51,90.0,-2.28,,3535.68,7000,False,0,2026-09-28 05:49:42.078546
4b4424,HBZUY   ,Switzerland,1790574573.0,1790574574,8.8039,46.3566,2194.56,False,72.04,24.92,-0.98,,2339.34,,False,0,2026-09-28 05:49:42.078546
a2a6b9,N270CL  ,United States,1790574574.0,1790574575,-96.9356,32.973,716.28,False,60.71,269.03,0.0,,716.28,,False,0,2026-09-28 05:49:42.078546
7818f2,CSN6147 ,China,1790574548.0,1790574548,118.5501,42.4885,10698.48,False,248.27,37.08,0.0,,10904.22,,False,0,2026-09-28 05:49:42.078546
7c08ac,BZY     ,Australia,1790574555.0,1790574558,152.0781,-26.3447,1760.22,False,84.48,97.0,0.0,,1935.48,,False,0,2026-09-28 05:49:42.078546
ab6c08,DAL36   ,United States,1790574532.0,1790574532,-69.4056,39.251,10668.0,False,272.5,67.11,0.0,,11117.58,,False,0,2026-09-28 05:49:42.078546
a05f95,RPA4526 ,United States,1790574574.0,1790574575,-95.7388,36.1532,8580.12,False,218.34,243.86,-9.75,,9029.7,1526,False,0,2026-09-28 05:49:42.078546
4b440c,HBZUA   ,Switzerland,1790574574.0,1790574574,9.145,47.1041,1127.76,False,19.31,228.24,8.78,,1257.3,7000,False,0,2026-09-28 05:49:42.078546
440669,AUA551Y ,Austria,1790574574.0,1790574574,12.2972,42.3792,2941.32,False,161.04,192.17,-11.38,,3192.78,1000,False,0,2026-09-28 05:49:42.078546
440667,AUA280V ,Austria,1790574574.0,1790574574,15.3158,49.8321,10066.02,False,216.64,140.3,0.0,,10469.88,1000,False,0,2026-09-28 05:49:42.078546
440666,AUA37KS ,Austria,1790574575.0,1790574575,5.6593,49.4632,10256.52,False,242.75,72.49,5.53,,10660.38,1000,False,0,2026-09-28 05:49:42.078546
440665,AUA373Z ,Austria,1790574575.0,1790574575,16.0234,47.5514,5166.36,False,211.42,211.87,8.78,,5440.68,1000,False,0,2026-09-28 05:49:42.078546
a1cf48,JBU1023 ,United States,1790574574.0,1790574574,-117.7487,34.0173,2788.92,False,142.31,263.77,-5.2,,2865.12,3202,False,0,2026-09-28 05:49:42.078546
440670,TAY811  ,Austria,1790574574.0,1790574574,114.4694,40.4866,8282.94,False,270.49,93.16,-5.53,,8481.06,,False,0,2026-09-28 05:49:42.078546
44065c,AUA383Y ,Austria,1790574574.0,1790574575,15.7929,47.3397,7642.86,False,222.7,210.24,8.45,,7985.76,1000,False,0,2026-09-28 05:49:42.078546
44065b,AUA72MF ,Austria,1790574574.0,1790574574,17.5216,47.7245,4450.08,False,209.63,304.7,-10.73,,4716.78,1736,False,0,2026-09-28 05:49:42.078546
440614,EJU62VP ,Austria,1790574574.0,1790574574,12.8964,43.8665,10058.4,False,235.75,125.94,0.0,,10500.36,3740,False,0,2026-09-28 05:49:42.078546
440612,EJU18WZ ,Austria,1790574574.0,1790574574,1.5748,38.8451,2087.88,False,142.97,245.56,-7.8,,2263.14,1000,False,0,2026-09-28 05:49:42.078546
440611,EJU46CE ,Austria,1790574574.0,1790574574,-5.2158,43.0541,11285.22,False,211.79,218.09,0.33,,11666.22,7644,False,0,2026-09-28 05:49:42.078546
503cb3,ELY5413 ,Lithuania,1790574574.0,1790574575,24.7156,37.1467,10972.8,False,206.46,303.41,0.0,,11338.56,5203,False,0,2026-09-28 05:49:42.078546
4b442e,HBZVI   ,Switzerland,1790574574.0,1790574574,8.6813,46.2618,327.66,False,20.38,280.18,6.5,,472.44,,False,0,2026-09-28 05:49:42.078546
440609,AUA806  ,Austria,1790574574.0,1790574574,16.2745,48.1134,2179.32,False,146.02,300.72,-5.53,,2369.82,6453,False,0,2026-09-28 05:49:42.078546
440608,AUA616  ,Austria,1790574575.0,1790574575,16.4265,47.8952,3009.9,False,151.3,19.05,-4.88,,3230.88,1000,False,0,2026-09-28 05:49:42.078546
440607,AUA218D ,Austria,1790574562.0,1790574562,16.5718,48.1185,,True,9.26,275.62,,,,1000,False,0,2026-09-28 05:49:42.078546
440606,AUA36U  ,Austria,1790574574.0,1790574575,14.1124,48.0589,8168.64,False,246.94,270.24,4.88,,8564.88,1000,False,0,2026-09-28 05:49:42.078546
440604,AUA29N  ,Austria,1790574574.0,1790574574,16.3501,48.032,2377.44,False,143.97,291.16,19.51,,2567.94,1000,False,0,2026-09-28 05:49:42.078546
4b4436,HBZVQ   ,Switzerland,1790574305.0,1790574305,8.0248,46.795,2011.68,False,52.67,347.59,-10.08,,2247.9,7000,True,0,2026-09-28 05:49:42.078546
7805f7,,China,,1790574515,,,,False,235.71,208.41,0.0,,,,False,0,2026-09-28 05:49:42.078546
a519b8,DAL142  ,United States,1790574574.0,1790574574,-0.0828,53.1085,11887.2,False,242.45,100.76,0.0,,12092.94,6311,False,0,2026-09-28 05:49:42.078546
a85493,FFT4753 ,United States,1790574574.0,1790574574,-108.7132,35.6122,10980.42,False,203.4,223.67,0.0,,11582.4,3256,False,0,2026-09-28 05:49:42.078546
a8b768,,United States,,1790574536,,,,False,248.58,108.21,0.0,,,,False,0,2026-09-28 05:49:42.078546
503cba,KLJ6784 ,Lithuania,1790574573.0,1790574573,20.4762,45.7454,10972.8,False,199.53,327.74,0.0,,11300.46,,False,0,2026-09-28 05:49:42.078546
440630,EJU18AV ,Austria,1790574574.0,1790574574,-9.0119,41.1051,10980.42,False,231.52,342.41,0.0,,11346.18,2003,False,0,2026-09-28 05:49:42.078546
a9d73b,N733LS  ,United States,1790574574.0,1790574574,-90.9474,43.6705,1158.24,False,59.57,306.57,-0.65,,1203.96,,False,0,2026-09-28 05:49:42.078546
a8b760,UAL385  ,United States,1790574574.0,1790574575,-0.816,51.4525,10668.0,False,248.91,108.06,0.0,,10904.22,2265,False,0,2026-09-28 05:49:42.078546
48c1a9,RYR6LZ  ,Poland,1790574574.0,1790574574,7.5409,44.2861,11277.6,False,223.48,237.41,0.0,,11727.18,1000,False,0,2026-09-28 05:49:42.078546
48c1a7,RYR6ZT  ,Poland,1790574574.0,1790574574,12.9471,41.7065,4747.26,False,189.35,83.92,14.31,,5006.34,,False,0,2026-09-28 05:49:42.078546
48c1a6,RYR1YQ  ,Poland,1790571783.0,1790574574,18.1791,51.9026,11582.4,False,220.92,325.05,8.45,,10599.42,4354,False,0,2026-09-28 05:49:42.078546
48c1a1,RYR3FD  ,Poland,1790574573.0,1790574574,20.0645,46.3844,11277.6,False,250.06,174.69,0.0,,11635.74,4543,False,0,2026-09-28 05:49:42.078546
48c1a2,RYR7NJ  ,Poland,1790574574.0,1790574574,31.6872,35.1099,5875.02,False,207.07,117.2,-9.1,,6080.76,7416,False,0,2026-09-28 05:49:42.078546
440625,EJU38RH ,Austria,1790574574.0,1790574574,10.0502,39.8753,11582.4,False,226.97,96.9,0.0,,12031.98,1415,False,0,2026-09-28 05:49:42.078546
503cc6,ETD3LD  ,Lithuania,1790574572.0,1790574574,54.1729,24.8405,6522.72,False,212.02,331.45,4.88,,6911.34,1701,False,0,2026-09-28 05:49:42.078546
503cc0,ELY5193 ,Lithuania,1790574574.0,1790574574,15.5122,45.6806,10637.52,False,220.92,309.99,-4.88,,11049.0,6005,False,0,2026-09-28 05:49:42.078546
44061d,EJU67BR ,Austria,1790574574.0,1790574574,4.0738,41.9302,9144.0,False,215.19,59.39,0.33,,9601.2,1052,False,0,2026-09-28 05:49:42.078546
7c8032,RXA4377 ,Australia,1790574037.0,1790574282,138.528,-34.9445,-83.82,False,44.23,123.14,0.0,,7.62,,False,0,2026-09-28 05:49:42.078546
503d62,ELY5245 ,Lithuania,1790574574.0,1790574574,22.9754,40.5097,,True,3.6,61.88,,,,5247,False,0,2026-09-28 05:49:42.078546
7cf670,00000000,Australia,1790574574.0,1790574574,115.9623,-31.9268,,True,7.46,281.25,,,,,False,0,2026-09-28 05:49:42.078546
7cf672,00000000,Australia,1790574531.0,1790574531,115.9725,-31.9411,,True,2.57,334.69,,,,,False,0,2026-09-28 05:49:42.078546
7c802e,RXA6866 ,Australia,1790574549.0,1790574549,141.4845,-31.9954,205.74,False,58.64,236.45,-4.23,,350.52,,False,0,2026-09-28 05:49:42.078546
a613e0,ASA40   ,United States,1790574570.0,1790574572,-122.3839,37.6115,,True,0.0,28.12,,,,,False,0,2026-09-28 05:49:42.078546
a05eb4,ABX3182 ,United States,1790574574.0,1790574574,-88.4108,30.138,11277.6,False,254.66,119.93,0.33,,11765.28,4706,False,0,2026-09-28 05:49:42.078546
06a078,QTR97U  ,Qatar,1790574574.0,1790574574,51.5206,25.8695,4671.06,False,200.52,298.67,4.88,,4937.76,2173,False,0,2026-09-28 05:49:42.078546
a613e7,ATN3364 ,United States,1790574574.0,1790574574,-116.2056,34.6976,9113.52,False,197.04,240.09,-12.35,,9509.76,6223,False,0,2026-09-28 05:49:42.078546
a6bf5a,ASA508  ,United States,1790574575.0,1790574575,-122.5678,45.3018,2156.46,False,140.54,31.07,-5.85,,2202.18,6776,False,0,2026-09-28 05:49:42.078546
34224e,IBE0442 ,Spain,1790574574.0,1790574574,-3.5013,40.4112,914.4,False,86.54,322.24,-4.23,,1028.7,3411,False,0,2026-09-28 05:49:42.078546
7c801c,RXA6832 ,Australia,1790574574.0,1790574574,150.2554,-33.6206,4876.8,False,118.86,303.35,-0.33,,5074.92,3764,False,0,2026-09-28 05:49:42.078546
ac3114,N885GX  ,United States,1790574574.0,1790574574,-78.1345,33.3616,10058.4,False,178.43,16.24,0.0,,10469.88,3774,False,0,2026-09-28 05:49:42.078546
a89c23,FFT1447 ,United States,1790574555.0,1790574574,-110.0662,38.431,10980.42,False,196.57,268.65,0.0,,11490.96,2051,False,0,2026-09-28 05:49:42.078546
009ad8,SAA531  ,South Africa,1790574575.0,1790574575,28.2548,-26.0805,2263.14,False,93.99,15.56,4.23,,2407.92,,False,0,2026-09-28 05:49:42.078546
06a083,QTR59N  ,Qatar,1790574575.0,1790574575,55.5434,25.1562,769.62,False,101.71,277.56,-2.6,,754.38,2141,False,0,2026-09-28 05:49:42.078546
a3a0eb,UAL1710 ,United States,1790574575.0,1790574575,-98.5629,42.393,10972.8,False,213.69,267.52,0.0,,11399.52,,False,0,2026-09-28 05:49:42.078546
7c801e,RXA3771 ,Australia,1790574575.0,1790574575,144.0409,-37.7476,4030.98,False,99.3,269.11,4.88,,4213.86,4242,False,0,2026-09-28 05:49:42.078546
06a07f,QTR8170 ,Qatar,1790574574.0,1790574575,6.6592,50.0329,4914.9,False,193.31,308.52,-6.5,,5196.84,1000,False,0,2026-09-28 05:49:42.078546
8406d0,JAL44   ,Japan,1790574487.0,1790574490,120.2833,38.6097,11308.08,False,320.82,111.05,0.33,,11750.04,,False,0,2026-09-28 05:49:42.078546
aa4c3e,UAL8104 ,United States,1790574574.0,1790574574,-95.0209,39.5164,3048.0,False,163.24,146.96,-2.28,,3177.54,3277,False,0,2026-09-28 05:49:42.078546
39cf06,AFR173  ,France,1790574537.0,1790574538,-93.0426,27.5367,11277.6,False,247.4,50.48,0.33,,11902.44,,False,0,2026-09-28 05:49:42.078546
3949e5,AFR874  ,France,1790574574.0,1790574574,6.8186,44.0797,11780.52,False,238.28,358.39,3.58,,12252.96,1000,False,0,2026-09-28 05:49:42.078546
7cf648,TUG8    ,Australia,1790574574.0,1790574574,115.9624,-31.934,,True,7.46,22.5,,,,,False,0,2026-09-28 05:49:42.078546
a733e6,AAL1268 ,United States,1790574574.0,1790574574,-81.2342,38.253,10058.4,False,234.35,67.54,0.0,,10408.92,6425,True,0,2026-09-28 05:49:42.078546
7cf647,TUG7    ,Australia,1790574289.0,1790574289,115.9708,-31.9408,,True,0.64,188.44,,,,,False,0,2026-09-28 05:49:42.078546
39cf0c,AFR491  ,France,1790574511.0,1790574511,-67.0046,20.4785,11887.2,False,247.87,46.93,0.0,,12565.38,,False,0,2026-09-28 05:49:42.078546
503d6f,AHY8103 ,Lithuania,1790574574.0,1790574575,29.1936,40.4237,2339.34,False,127.17,327.72,-7.15,,2453.64,1316,False,0,2026-09-28 05:49:42.078546
39cf13,AFR137T ,France,1790574574.0,1790574574,-1.7788,49.5392,12192.0,False,257.02,99.33,0.0,,12435.84,6305,False,0,2026-09-28 05:49:42.078546
aca760,AAL2744 ,United States,1790574574.0,1790574574,-104.6756,39.8627,,True,0.0,25.31,,,,2465,False,0,2026-09-28 05:49:42.078546
8406e8,JAL917  ,Japan,1790574574.0,1790574575,137.0496,34.3639,12199.62,False,234.63,209.99,-0.33,,12900.66,2406,False,0,2026-09-28 05:49:42.078546
45aa46,DTR41S  ,Denmark,1790574574.0,1790574574,7.4862,60.1183,5181.6,False,138.84,78.02,0.0,,5265.42,,False,0,2026-09-28 05:49:42.078546
ac578c,SWA3607 ,United States,1790574560.0,1790574572,-121.9267,37.3663,,True,0.0,47.81,,,,,False,0,2026-09-28 05:49:42.078546
a17ecd,DAL204  ,United States,1790574574.0,1790574574,14.4113,60.1247,10256.52,False,247.7,101.99,-10.4,,10500.36,,False,0,2026-09-28 05:49:42.078546
a01880,AAL177  ,United States,1790574574.0,1790574575,-106.1296,40.8691,10355.58,False,197.31,257.2,0.33,,10820.4,3305,False,0,2026-09-28 05:49:42.078546
7c806f,QFA219  ,Australia,1790574568.0,1790574573,115.9609,-31.9357,,True,0.06,326.25,,,,,False,0,2026-09-28 05:49:42.078546
a00557,N100GN  ,United States,1790574574.0,1790574574,-95.6302,30.2285,457.2,False,70.69,158.66,0.0,,441.96,,False,0,2026-09-28 05:49:42.078546
a999d2,AAL78   ,United States,1790574574.0,1790574574,-92.4892,35.0977,8839.2,False,246.36,40.34,0.0,,9243.06,0576,False,0,2026-09-28 05:49:42.078546
7c8066,QFA5    ,Australia,1790574575.0,1790574575,141.1208,-36.3564,11582.4,False,223.84,263.14,-0.33,,11887.2,3251,False,0,2026-09-28 05:49:42.078546
7c8065,QFA74   ,Australia,1790574574.0,1790574574,-122.3687,37.6143,,True,8.75,118.12,,,,,False,0,2026-09-28 05:49:42.078546
a24529,UAL531  ,United States,1790574574.0,1790574574,-112.3846,35.887,9761.22,False,205.96,248.3,-0.33,,10248.9,,False,0,2026-09-28 05:49:42.078546
407cd8,LOG84JN ,United Kingdom,1790574574.0,1790574574,-2.1747,57.1722,548.64,False,70.91,146.54,4.23,,609.6,,False,0,2026-09-28 05:49:42.078546
49d13f,TVL5704 ,Czech Republic,1790574244.0,1790574264,19.5694,42.2042,7513.32,False,228.64,182.58,-14.63,,7818.12,6110,False,0,2026-09-28 05:49:42.078546
aa4c1a,UAL1302 ,United States,1790574574.0,1790574574,-117.8813,33.2097,7094.22,False,208.08,314.8,10.73,,7399.02,2073,False,0,2026-09-28 05:49:42.078546
49d13d,EWG92Q  ,Czech Republic,1790574574.0,1790574574,-0.3436,44.5531,11277.6,False,201.02,208.93,0.0,,11673.84,4116,False,0,2026-09-28 05:49:42.078546
7818a8,DKH1380 ,China,1790574574.0,1790574574,132.5622,34.0226,9136.38,False,222.1,250.52,-0.33,,9723.12,7064,False,0,2026-09-28 05:49:42.078546
a2450b,UAL777  ,United States,1790574575.0,1790574575,-114.5232,36.2067,3223.26,False,121.08,231.04,-6.18,,3329.94,7264,False,0,2026-09-28 05:49:42.078546
aca788,SWA4390 ,United States,1790574574.0,1790574575,-96.2871,32.336,12192.0,False,227.38,220.32,-0.33,,12824.46,1712,False,0,2026-09-28 05:49:42.078546
86ddf0,ANA636  ,Japan,1790574575.0,1790574575,137.6474,34.5231,8839.2,False,270.06,80.02,0.33,,9395.46,2456,False,0,2026-09-28 05:49:42.078546
e49b52,GLO8243 ,Brazil,1790574575.0,1790574575,-68.3918,-0.4496,11277.6,False,238.93,130.72,0.0,,12031.98,,False,0,2026-09-28 05:49:42.078546
407caf,RUK2628 ,United Kingdom,1790574575.0,1790574575,-2.4799,49.1725,11277.6,False,201.83,196.59,0.0,,11559.54,5214,False,0,2026-09-28 05:49:42.078546
a9618a,AAL3256 ,United States,1790574575.0,1790574575,-89.7534,34.7943,11582.4,False,237.12,185.23,0.0,,12054.84,3161,False,0,2026-09-28 05:49:42.078546
407cb2,RUK10FT ,United Kingdom,1790574574.0,1790574574,-2.0365,50.3352,10668.0,False,201.31,203.81,0.0,,10919.46,5247,False,0,2026-09-28 05:49:42.078546
407cb0,RUK627N ,United Kingdom,1790574575.0,1790574575,-1.5622,52.5633,7932.42,False,176.71,152.61,-9.75,,8130.54,1253,False,0,2026-09-28 05:49:42.078546
ad646e,JBU604  ,United States,1790574567.0,1790574572,-123.173,49.1977,,True,0.0,267.19,,,,1640,False,0,2026-09-28 05:49:42.078546
7cf66e,TUG 43  ,Australia,1790574574.0,1790574574,115.9615,-31.9264,,True,2.57,196.88,,,,,False,0,2026-09-28 05:49:42.078546
780730,,China,1790574435.0,1790574494,122.6514,35.5563,9479.28,False,215.83,203.75,0.33,,9982.2,5314,False,0,2026-09-28 05:49:42.078546
4010ec,EZY78UH ,United Kingdom,1790574574.0,1790574574,-1.3224,51.7341,4572.0,False,184.66,147.28,0.0,,4716.78,6020,False,0,2026-09-28 05:49:42.078546
4a35b7,MAI339  ,Romania,1790574330.0,1790574330,25.5157,45.6945,,True,,39.38,,,,,False,0,2026-09-28 05:49:42.078546
4406de,AUA52   ,Austria,1790574570.0,1790574572,-18.8623,62.925,11277.6,False,255.01,98.7,0.0,,10919.46,,False,0,2026-09-28 05:49:42.078546
4010dc,EFW2BZ  ,United Kingdom,1790574574.0,1790574574,-1.0481,51.0065,5097.78,False,195.33,206.43,13.33,,5250.18,5424,False,0,2026-09-28 05:49:42.078546
a2454f,UAL3756 ,United States,1790574574.0,1790574575,-121.3078,35.9772,9669.78,False,219.51,328.81,-4.55,,9966.96,4137,False,0,2026-09-28 05:49:42.078546
4406f0,EJU421X ,Austria,1790574574.0,1790574574,10.2249,44.1851,10668.0,False,220.07,151.52,0.0,,11094.72,1000,False,0,2026-09-28 05:49:42.078546
406c81,EXS82WC ,United Kingdom,1790574574.0,1790574574,5.6675,50.2306,11277.6,False,231.03,113.77,0.0,,11658.6,4710,False,0,2026-09-28 05:49:42.078546
0ac95d,AVA075  ,Colombia,1790574574.0,1790574574,-77.4929,-6.4696,11887.2,False,240.51,177.3,0.0,,12694.92,,False,0,2026-09-28 05:49:42.078546
76b441,SIA732  ,Singapore,1790574574.0,1790574575,103.434,2.1131,7109.46,False,204.28,319.29,5.2,,7581.9,2257,False,0,2026-09-28 05:49:42.078546
76b446,SIA147  ,Singapore,1790574492.0,1790574497,105.7197,1.3269,8221.98,False,229.33,256.24,-4.55,,8793.48,,False,0,2026-09-28 05:49:42.078546
ab6cac,N835TX  ,United States,1790574565.0,1790574565,-95.5274,31.9238,601.98,False,71.79,25.46,-0.33,,609.6,,False,0,2026-09-28 05:49:42.078546
a2452f,,United States,1790574530.0,1790574535,-122.381,37.6182,,True,0.0,236.25,,,,,False,0,2026-09-28 05:49:42.078546
78075f,CCA1538 ,China,1790574526.0,1790574528,116.911,39.6788,2727.96,False,146.06,353.33,-3.9,,2819.4,,False,0,2026-09-28 05:49:42.078546
407ea1,DHK009  ,United Kingdom,1790574573.0,1790574573,-66.6313,46.9777,10668.0,False,255.32,70.21,0.0,,11087.1,6605,False,0,2026-09-28 05:49:42.078546
4b9e4f,STW167  ,Turkey,1790574569.0,1790574569,30.807,36.881,,True,3.34,90.0,,,,,False,0,2026-09-28 05:49:42.078546
70412b,UBA301  ,Myanmar,1790574574.0,1790574574,97.756,14.694,3832.86,False,113.04,147.83,-3.9,,,,False,0,2026-09-28 05:49:42.078546
70412a,UBA584  ,Myanmar,1790574575.0,1790574575,94.7672,22.6767,4572.0,False,104.29,131.0,0.33,,,,False,0,2026-09-28 05:49:42.078546
78076f,CCA8208 ,China,1790574524.0,1790574528,114.4553,39.0261,9784.08,False,191.23,227.94,0.0,,10157.46,,False,0,2026-09-28 05:49:42.078546
76b44c,SIA136  ,Singapore,1790574574.0,1790574575,101.9364,3.0314,10363.2,False,252.09,306.29,-0.33,,11064.24,2217,False,0,2026-09-28 05:49:42.078546
4b9e59,STW001  ,Turkey,1790574574.0,1790574574,23.5575,46.9591,10363.2,False,244.46,318.16,0.0,,10591.8,1140,False,0,2026-09-28 05:49:42.078546
ac9ff2,AAL2156 ,United States,1790574574.0,1790574574,-106.9269,34.2824,9448.8,False,273.23,79.37,0.0,,9989.82,,False,0,2026-09-28 05:49:42.078546
e082d6,ARG1365 ,Argentina,1790574574.0,1790574574,-63.3377,-31.9044,11285.22,False,277.27,128.29,0.0,,11833.86,,False,0,2026-09-28 05:49:42.078546
7c2baf,VOZ231  ,Australia,1790574573.0,1790574574,144.8428,-37.6718,,True,6.43,317.81,,,,,False,0,2026-09-28 05:49:42.078546
7c2bc6,VOZ558  ,Australia,1790574574.0,1790574574,118.6412,-32.6503,10668.0,False,269.73,88.03,0.65,,10812.78,3605,False,0,2026-09-28 05:49:42.078546
7c2bc5,VOZ559  ,Australia,1790574575.0,1790574575,138.3867,-36.3237,10363.2,False,209.12,272.82,0.0,,10683.24,3773,False,0,2026-09-28 05:49:42.078546
a24573,UAL1209 ,United States,1790574559.0,1790574559,-74.1816,40.6828,,True,0.0,309.38,,,,6513,False,0,2026-09-28 05:49:42.078546
8514f8,JAL375  ,Japan,1790574574.0,1790574574,136.4845,35.0277,9136.38,False,209.31,241.04,0.33,,9692.64,2346,False,0,2026-09-28 05:49:42.078546
a41bb5,FFT2264 ,United States,1790574574.0,1790574574,-118.5007,33.694,4556.76,False,179.65,128.84,14.96,,4716.78,4766,False,0,2026-09-28 05:49:42.078546
4b9e5a,STW141  ,Turkey,1790574574.0,1790574574,23.3098,51.3009,10668.0,False,227.27,18.89,0.0,,10995.66,1734,False,0,2026-09-28 05:49:42.078546
a36556,ENY3597 ,United States,1790574574.0,1790574574,-120.9401,44.3402,1889.76,False,105.8,239.94,-6.18,,1920.24,,False,0,2026-09-28 05:49:42.078546
a7488c,NCR899  ,United States,1790574575.0,1790574575,-71.3734,47.4421,10972.8,False,243.7,248.58,0.0,,11391.9,,False,0,2026-09-28 05:49:42.078546
407f56,HKS16A  ,United Kingdom,1790574561.0,1790574572,-2.2067,57.2049,,True,0.0,143.44,,,,,False,0,2026-09-28 05:49:42.078546
a5f581,UAL8219 ,United States,1790574575.0,1790574575,-122.6771,41.1099,7132.32,False,172.16,352.79,-5.53,,7277.1,1720,False,0,2026-09-28 05:49:42.078546
407f43,EAG9HS  ,United Kingdom,1790574574.0,1790574574,-5.868,54.514,998.22,False,111.96,143.97,6.18,,1066.8,,False,0,2026-09-28 05:49:42.078546
407f35,EZY69RJ ,United Kingdom,1790574570.0,1790574571,-0.1792,51.1571,,True,0.0,78.75,,,,,False,0,2026-09-28 05:49:42.078546
abaa43,SWA2380 ,United States,1790574389.0,1790574390,-121.9261,37.3645,,True,3.86,132.19,,,,1065,False,0,2026-09-28 05:49:42.078546
407f1f,RUK6UA  ,United Kingdom,1790574574.0,1790574574,-3.8933,55.449,4922.52,False,178.1,57.5,-5.2,,4975.86,1416,False,0,2026-09-28 05:49:42.078546
aa4ce9,ABX845  ,United States,1790574574.0,1790574574,-80.3093,32.4884,10058.4,False,253.24,151.35,0.0,,10485.12,6750,False,0,2026-09-28 05:49:42.078546
7c80b9,RXA6372 ,Australia,1790574574.0,1790574574,151.2632,-33.9921,899.16,False,84.25,98.43,5.2,,1066.8,1240,False,0,2026-09-28 05:49:42.078546
407f8c,EXS81FR ,United Kingdom,1790574574.0,1790574574,-2.0941,52.821,11277.6,False,204.57,152.28,-0.33,,11452.86,7507,False,0,2026-09-28 05:49:42.078546
407f96,TOM4KE  ,United Kingdom,1790574574.0,1790574574,2.0165,49.0495,12496.8,False,218.27,135.57,-0.33,,12824.46,0565,False,0,2026-09-28 05:49:42.078546
44079a,EJU92LR ,Austria,1790574574.0,1790574574,7.2099,43.6584,,True,13.38,225.0,,,,1000,False,0,2026-09-28 05:49:42.078546
80139e,AIC2354 ,India,1790574567.0,1790574567,99.8033,14.5721,6675.12,False,175.07,123.74,-5.2,,7139.94,0355,False,0,2026-09-28 05:49:42.078546
407f7c,EXS5DP  ,United Kingdom,1790574574.0,1790574574,0.5858,50.3234,11277.6,False,212.74,146.04,0.0,,11590.02,0545,False,0,2026-09-28 05:49:42.078546
407f7a,EZY74KA ,United Kingdom,1790574575.0,1790574575,-0.1142,50.4072,9448.8,False,192.3,164.96,0.0,,9745.98,0510,False,0,2026-09-28 05:49:42.078546
c0583a,ACA802  ,Canada,1790574574.0,1790574574,-13.1814,51.6738,11582.4,False,267.22,106.9,-0.33,,11597.64,,False,0,2026-09-28 05:49:42.078546
406c3b,VIR303  ,United Kingdom,1790574541.0,1790574541,-0.4686,51.4665,,True,3.6,357.19,,,,3275,False,0,2026-09-28 05:49:42.078546
a84200,FFT2428 ,United States,1790574497.0,1790574546,-110.9905,36.3607,10668.0,False,287.71,88.26,0.0,,11201.4,,False,0,2026-09-28 05:49:42.078546
aa4cc1,GLG8396 ,United States,1790574292.0,1790574297,-78.477,-0.3711,4579.62,False,117.42,151.19,-6.18,,4899.66,,False,0,2026-09-28 05:49:42.078546
780719,CSZ8136 ,China,1790574574.0,1790574574,117.4461,42.1338,10698.48,False,274.8,84.84,0.0,,10927.08,,False,0,2026-09-28 05:49:42.078546
c88092,FJI461  ,Fiji,1790574574.0,1790574574,174.9946,-35.8618,11582.4,False,230.22,187.19,0.0,,11605.26,,False,0,2026-09-28 05:49:42.078546
78070b,CSZ9111 ,China,1790574574.0,1790574574,114.0034,23.1925,5981.7,False,220.91,9.11,3.58,,6377.94,,False,0,2026-09-28 05:49:42.078546
407f5f,EZY12VG ,United Kingdom,1790574574.0,1790574575,11.7415,48.0267,11887.2,False,226.59,127.81,0.0,,12344.4,4704,False,0,2026-09-28 05:49:42.078546
c0584f,ACA822  ,Canada,1790574574.0,1790574574,-2.5903,42.2048,12192.0,False,253.47,99.46,0.0,,12603.48,6001,False,0,2026-09-28 05:49:42.078546
7c80f8,RXA6436 ,Australia,1790574574.0,1790574575,153.1919,-30.3976,2956.56,False,133.45,36.69,-7.48,,3124.2,1562,False,0,2026-09-28 05:49:42.078546
407f66,EZY29QE ,United Kingdom,1790574574.0,1790574574,-3.1168,47.109,11285.22,False,205.68,192.72,-0.33,,11590.02,2274,False,0,2026-09-28 05:49:42.078546
a74871,ATN3312 ,United States,1790574575.0,1790574575,-73.2647,42.2632,6941.82,False,222.95,262.84,16.26,,7086.6,,False,0,2026-09-28 05:49:42.078546
407f63,EZY41DF ,United Kingdom,1790574574.0,1790574574,-1.5993,50.6107,8496.3,False,190.45,216.65,6.5,,8763.0,5423,False,0,2026-09-28 05:49:42.078546
407f64,EZY37NU ,United Kingdom,1790574569.0,1790574569,-0.1681,51.1524,,True,0.0,165.94,,,,,False,0,2026-09-28 05:49:42.078546
407f67,EZY37FX ,United Kingdom,1790574520.0,1790574520,-0.1755,51.1553,,True,0.0,78.75,,,,,False,0,2026-09-28 05:49:42.078546
a5e229,ASA2625 ,United States,1790574574.0,1790574574,-104.6091,35.4663,8564.88,False,240.17,294.15,5.2,,9044.94,,False,0,2026-09-28 05:49:42.078546
407f62,EZY34YT ,United Kingdom,1790574574.0,1790574574,-0.2411,51.1412,472.44,False,92.02,258.06,7.8,,571.5,2707,False,0,2026-09-28 05:49:42.078546
78071b,HLF9870 ,China,1790574574.0,1790574574,135.8705,35.0346,12496.8,False,197.2,244.5,0.0,,13174.98,3211,False,0,2026-09-28 05:49:42.078546
7806af,CSZ9757 ,China,1790574274.0,1790574287,120.4985,37.8753,7802.88,False,217.48,183.39,-0.33,,8138.16,,False,0,2026-09-28 05:49:42.078546
c030fd,ROU1774 ,Canada,1790574574.0,1790574574,-117.9094,38.1861,10668.0,False,230.54,148.97,0.0,,11018.52,,False,0,2026-09-28 05:49:42.078546
7806bf,CCA2931 ,China,1790574572.0,1790574573,117.3755,39.0767,792.48,False,81.22,154.08,10.08,,815.34,,False,0,2026-09-28 05:49:42.078546
c82b08,ANZ622M ,New Zealand,1790574543.0,1790574573,173.8278,-40.9117,6400.8,False,158.36,20.14,0.33,,6301.74,,False,0,2026-09-28 05:49:42.078546
a9b273,ASA77   ,United States,1790574541.0,1790574548,-113.1539,47.224,10668.0,False,248.78,92.84,0.33,,10858.5,1655,False,0,2026-09-28 05:49:42.078546
406ae8,TOM302  ,United Kingdom,1790574574.0,1790574574,2.7904,53.741,10668.0,False,232.34,126.08,0.0,,10934.7,7506,False,0,2026-09-28 05:49:42.078546
406ae9,TOM6MJ  ,United Kingdom,1790574574.0,1790574574,-0.1566,50.0871,11894.82,False,210.37,162.5,0.0,,12176.76,5233,False,0,2026-09-28 05:49:42.078546
7806da,TBA9918 ,China,1790574575.0,1790574575,113.9064,22.5048,1699.26,False,138.81,94.46,13.66,,1767.84,,False,0,2026-09-28 05:49:42.078546
a507fc,N423NM  ,United States,1790574574.0,1790574574,-92.9611,44.8698,845.82,False,68.95,181.28,0.0,,899.16,,False,0,2026-09-28 05:49:42.078546
407f0d,RUK7KT  ,United Kingdom,1790574574.0,1790574574,-2.855,53.048,4610.1,False,177.75,183.15,15.61,,4701.54,0505,False,0,2026-09-28 05:49:42.078546
a231da,N240V   ,United States,1790574573.0,1790574574,-106.5507,38.379,11300.46,False,261.19,44.52,-0.65,,11833.86,1025,False,0,2026-09-28 05:49:42.078546
7cf6c1,WORKS103,Australia,1790574441.0,1790574441,144.8493,-37.6782,,True,3.34,174.38,,,,,False,0,2026-09-28 05:49:42.078546
c82b43,ZKIDU   ,New Zealand,1790574575.0,1790574575,168.4162,-46.4286,243.84,False,37.53,236.75,0.65,,190.5,,False,0,2026-09-28 05:49:42.078546
c030ef,ROU1631 ,Canada,1790574574.0,1790574574,-80.8528,34.0733,11277.6,False,233.03,8.51,0.0,,11734.8,3746,False,0,2026-09-28 05:49:42.078546
a9c52e,NCR845  ,United States,1790574490.0,1790574572,51.1773,22.8977,8839.2,False,244.3,93.5,0.0,,9372.6,5231,False,0,2026-09-28 05:49:42.078546
48c2af,RYR15QK ,Poland,1790574574.0,1790574574,28.4748,37.1344,10668.0,False,249.56,144.31,0.0,,10965.18,7430,False,0,2026-09-28 05:49:42.078546
48c2ad,RYR6VC  ,Poland,1790574574.0,1790574575,16.1807,51.0449,10972.8,False,228.7,295.87,-0.33,,11369.04,6150,False,0,2026-09-28 05:49:42.078546
48c2ae,RYR20AX ,Poland,1790574574.0,1790574574,23.4684,38.9781,9022.08,False,239.84,163.94,-10.08,,9372.6,5222,False,0,2026-09-28 05:49:42.078546
48c2ab,RYR6ZK  ,Poland,1790574574.0,1790574575,9.9452,51.6083,10972.8,False,227.8,277.53,0.33,,11376.66,0621,False,0,2026-09-28 05:49:42.078546
48c2ac,RYR44SB ,Poland,1790574575.0,1790574575,13.8538,50.9898,11582.4,False,232.29,282.4,0.0,,12001.5,0622,False,0,2026-09-28 05:49:42.078546
abaa0e,SWA976  ,United States,1790574574.0,1790574574,-118.4996,45.4259,12192.0,False,230.51,310.84,0.0,,12405.36,7232,False,0,2026-09-28 05:49:42.078546
ac7a1a,SWA2945 ,United States,1790574575.0,1790574575,-119.5724,39.4336,11308.08,False,281.14,54.16,2.6,,11620.5,3202,False,0,2026-09-28 05:49:42.078546
48c2b7,RYR6887 ,Poland,1790574478.0,1790574484,19.5858,42.3333,7155.18,False,240.08,183.07,-2.28,,7444.74,4452,False,0,2026-09-28 05:49:42.078546
868ee4,ANA1208 ,Japan,1790574574.0,1790574574,128.1651,27.8327,9441.18,False,234.21,26.62,0.0,,10126.98,,False,0,2026-09-28 05:49:42.078546
48c2b3,RYR4BM  ,Poland,1790574574.0,1790574575,1.5087,53.1793,11582.4,False,216.36,280.13,0.0,,11833.86,0625,False,0,2026-09-28 05:49:42.078546
342398,VLG3BK  ,Spain,1790574574.0,1790574574,2.1799,41.5219,2964.18,False,135.42,87.6,-4.55,,3185.16,1000,False,0,2026-09-28 05:49:42.078546
48c2b2,RYR2DH  ,Poland,1790574574.0,1790574574,20.0485,50.0575,10363.2,False,249.93,184.96,0.0,,10721.34,1000,False,0,2026-09-28 05:49:42.078546
48c2b0,RYR93NC ,Poland,1790574338.0,1790574338,12.806,43.9116,838.2,False,100.94,307.34,0.0,,975.36,1000,False,0,2026-09-28 05:49:42.078546
71c510,AAR365  ,Republic of Korea,1790574574.0,1790574574,126.5568,34.5104,9144.0,False,216.95,206.32,0.0,,9700.26,4140,False,0,2026-09-28 05:49:42.078546
c030a6,ROU2095 ,Canada,1790574574.0,1790574574,-98.0536,20.0683,9875.52,False,234.83,248.94,-12.03,,10576.56,,False,0,2026-09-28 05:49:42.078546
48c2a9,RYR58ER ,Poland,1790574574.0,1790574574,12.6559,42.0761,2735.58,False,131.01,284.09,-0.33,,2948.94,1000,False,0,2026-09-28 05:49:42.078546
48c2a7,RYR7273 ,Poland,1790574574.0,1790574574,15.5562,44.9996,5471.16,False,201.17,211.62,-10.08,,5775.96,1000,False,0,2026-09-28 05:49:42.078546
48c2a4,RYR9786 ,Poland,1790574574.0,1790574574,19.4997,47.303,1112.52,False,108.41,262.64,-5.85,,1287.78,1000,False,0,2026-09-28 05:49:42.078546
48c2a5,RYR4QK  ,Poland,1790574574.0,1790574574,0.1932,51.6495,9144.0,False,207.2,262.15,-0.33,,9410.7,0625,False,0,2026-09-28 05:49:42.078546
48c2a0,RYR108N ,Poland,1790574574.0,1790574574,5.4334,45.1897,8839.2,False,207.95,219.48,0.0,,9265.92,1000,False,0,2026-09-28 05:49:42.078546
a64a73,SKW6260 ,United States,1790574574.0,1790574575,-119.594,34.4405,8564.88,False,214.0,318.8,8.45,,8915.4,1464,False,0,2026-09-28 05:49:42.078546
ad6539,SKW5271 ,United States,1790574402.0,1790574404,-119.6942,36.7611,259.08,False,69.67,305.69,-3.58,,190.5,,False,0,2026-09-28 05:49:42.078546
71c504,ABL174  ,Republic of Korea,1790574574.0,1790574574,135.3617,34.5316,579.12,False,89.18,199.9,-2.6,,624.84,,False,0,2026-09-28 05:49:42.078546
71c500,TWB264  ,Republic of Korea,1790574575.0,1790574575,141.6889,42.7033,1295.4,False,88.81,215.81,5.2,,1257.3,,False,0,2026-09-28 05:49:42.078546
45ab4f,FIN1201 ,Denmark,1790574575.0,1790574575,19.4632,50.1177,12192.0,False,242.1,205.15,0.0,,12550.14,2216,False,0,2026-09-28 05:49:42.078546
45ab4d,JTD603  ,Denmark,1790574171.0,1790574574,18.2283,58.1911,11277.6,False,241.37,205.64,0.0,,11117.58,4556,False,0,2026-09-28 05:49:42.078546
440713,EJU38TL ,Austria,1790574568.0,1790574572,-8.6743,41.2406,53.34,True,0.0,348.75,,,,5470,False,0,2026-09-28 05:49:42.078546
503c60,SDR91CF ,Lithuania,1790574438.0,1790574438,13.5129,52.3695,,True,3.09,157.5,,,,1000,False,0,2026-09-28 05:49:42.078546
71c537,KAL042  ,Republic of Korea,1790574571.0,1790574574,143.2863,35.9359,9745.98,False,223.01,262.71,-0.33,,10317.48,,False,0,2026-09-28 05:49:42.078546
71c530,KAL1819 ,Republic of Korea,1790574574.0,1790574574,128.8714,34.8276,1623.06,False,111.12,89.73,-2.6,,1699.26,7411,False,0,2026-09-28 05:49:42.078546
45ab53,JTD341  ,Denmark,1790574574.0,1790574574,16.8045,51.3707,10668.0,False,245.15,157.42,0.0,,11041.38,7502,False,0,2026-09-28 05:49:42.078546
34368c,ANE001  ,Spain,1790574574.0,1790574574,-3.3986,40.3385,1569.72,False,116.59,322.17,-2.28,,1706.88,1000,False,0,2026-09-28 05:49:42.078546
4b4387,HBZOX   ,Switzerland,1790574498.0,1790574498,8.8427,46.1067,1303.02,False,57.09,204.49,-5.85,,1478.28,,False,0,2026-09-28 05:49:42.078546
4b4381,HBZOR   ,Switzerland,1790574402.0,1790574403,7.0774,47.2186,1219.2,False,44.92,336.37,-5.85,,1356.36,7000,False,0,2026-09-28 05:49:42.078546
71c528,KAL2086 ,Republic of Korea,1790574562.0,1790574564,128.1981,34.3852,4777.74,False,229.54,44.91,-12.03,,5029.2,6254,False,0,2026-09-28 05:49:42.078546
71c526,ABL791  ,Republic of Korea,1790574573.0,1790574573,128.3811,34.7257,5486.4,False,185.16,228.6,0.0,,5775.96,7106,False,0,2026-09-28 05:49:42.078546
71c524,JJA1154 ,Republic of Korea,1790574574.0,1790574575,138.8311,35.8736,7840.98,False,219.24,268.39,9.43,,8313.42,7067,False,0,2026-09-28 05:49:42.078546
71c523,JJA6102 ,Republic of Korea,1790574575.0,1790574575,126.9197,35.6273,9448.8,False,241.68,5.01,0.0,,9966.96,2652,False,0,2026-09-28 05:49:42.078546
e49a55,AZU4112 ,Brazil,1790574574.0,1790574574,-48.445,-1.5112,2659.38,False,144.9,190.43,15.61,,2773.68,,False,0,2026-09-28 05:49:42.078546
acdbec,ASA1345 ,United States,1790574574.0,1790574575,-117.7401,47.4831,1767.84,False,116.05,45.54,-6.18,,1798.32,4745,False,0,2026-09-28 05:49:42.078546
406ac4,EXS9VL  ,United Kingdom,1790574575.0,1790574575,0.6786,50.1867,11277.6,False,219.75,145.49,0.0,,11582.4,7306,False,0,2026-09-28 05:49:42.078546
a53d80,DAL226  ,United States,1790574575.0,1790574575,-66.8006,18.8871,11582.4,False,242.14,325.74,0.0,,12260.58,,False,0,2026-09-28 05:49:42.078546
49d039,TVS72J  ,Czech Republic,1790574574.0,1790574574,20.8618,48.5985,5097.78,False,178.64,267.85,18.53,,5334.0,,False,0,2026-09-28 05:49:42.078546
7806a9,CSC6422 ,China,1790574574.0,1790574574,117.0262,39.0203,9189.72,False,189.35,296.29,0.0,,9494.52,,False,0,2026-09-28 05:49:42.078546
49d053,SUA4D   ,Czech Republic,1790574574.0,1790574574,0.6482,43.4729,12496.8,False,195.1,230.35,0.33,,12900.66,1000,False,0,2026-09-28 05:49:42.078546
343650,ANE30KP ,Spain,1790574449.0,1790574449,-3.5865,40.4969,,True,6.17,168.75,,,,,False,0,2026-09-28 05:49:42.078546
acdbee,AAL2065 ,United States,1790574520.0,1790574520,-117.2026,32.7344,,True,1.29,14.06,,,,,False,0,2026-09-28 05:49:42.078546
acdbef,AAL1695 ,United States,1790574574.0,1790574574,-106.2399,33.3918,7315.2,False,222.89,274.37,0.0,,7749.54,,False,0,2026-09-28 05:49:42.078546
503c92,DMS2PV  ,Lithuania,1790574574.0,1790574575,12.978,52.1614,1958.34,False,129.6,343.87,-5.2,,2103.12,5045,False,0,2026-09-28 05:49:42.078546
45ab24,SAS6271 ,Denmark,1790574575.0,1790574575,11.093,54.907,7604.76,False,217.18,230.77,8.78,,7894.32,0765,False,0,2026-09-28 05:49:42.078546
45ab26,JTD243  ,Denmark,1790574575.0,1790574575,13.1534,55.0903,5029.2,False,205.39,142.33,9.43,,5250.18,4562,False,0,2026-09-28 05:49:42.078546
45ab27,FIN6LA  ,Denmark,1790574574.0,1790574574,11.9626,60.2212,3101.34,False,165.25,306.26,-0.33,,3208.02,0226,False,0,2026-09-28 05:49:42.078546
a04cd6,RTP184  ,United States,1790574574.0,1790574574,100.6531,14.2306,1661.16,False,86.86,164.89,-1.95,,1706.88,,False,0,2026-09-28 05:49:42.078546
45ab21,JTD527  ,Denmark,1790574574.0,1790574574,10.6965,54.4233,10012.68,False,232.04,149.34,6.5,,10370.82,6044,False,0,2026-09-28 05:49:42.078546
45ab22,JTD559  ,Denmark,1790574574.0,1790574574,13.6605,51.2398,10668.0,False,230.62,151.78,0.0,,11079.48,3531,False,0,2026-09-28 05:49:42.078546
45ab23,FIN8AM  ,Denmark,1790574461.0,1790574461,6.9994,63.2737,10972.8,False,205.21,285.71,0.33,,10988.04,0201,False,0,2026-09-28 05:49:42.078546
45ab28,FIN1791 ,Denmark,1790570484.0,1790574574,24.6376,60.1475,12192.0,False,140.66,190.32,16.26,,,6012,False,0,2026-09-28 05:49:42.078546
407c6d,EXS82P  ,United Kingdom,1790574574.0,1790574575,-3.0759,54.2716,11277.6,False,196.74,154.44,0.33,,11369.04,5252,False,0,2026-09-28 05:49:42.078546
71c597,KAL078  ,Republic of Korea,1790574574.0,1790574574,142.2641,37.0624,12192.0,False,208.1,265.04,0.33,,12793.98,,False,0,2026-09-28 05:49:42.078546
a2fea7,YEL2    ,United States,1790574574.0,1790574575,-81.8719,34.0583,9357.36,False,238.01,85.16,5.2,,9745.98,,False,0,2026-09-28 05:49:42.078546
801403,AXB1069 ,India,1790574574.0,1790574574,78.1759,27.8878,8892.54,False,228.12,113.39,3.9,,9403.08,,False,0,2026-09-28 05:49:42.078546
4403a7,EJU52UH ,Austria,1790574574.0,1790574574,-6.035,41.5576,10988.04,False,247.04,68.24,4.23,,11391.9,5454,False,0,2026-09-28 05:49:42.078546
a13541,AAL1741 ,United States,1790574285.0,1790574285,-111.9958,33.4379,,True,2.31,191.25,,,,,False,0,2026-09-28 05:49:42.078546
47a185,NOZ21M  ,Norway,1790574435.0,1790574435,11.1047,60.1971,,True,8.23,196.88,,,,,False,0,2026-09-28 05:49:42.078546
abba93,GTI055  ,United States,1790574574.0,1790574574,-80.4294,25.6563,1348.74,False,154.3,133.38,14.31,,1402.08,,False,0,2026-09-28 05:49:42.078546
a78c8f,DAL709  ,United States,1790574574.0,1790574574,-114.4901,34.7501,9883.14,False,281.74,53.99,1.95,,10378.44,7253,False,0,2026-09-28 05:49:42.078546
801408,AIC2245 ,India,1790574262.0,1790574289,49.8827,22.5869,10980.42,False,223.44,274.49,0.0,,11681.46,4727,False,0,2026-09-28 05:49:42.078546
801405,IGO6707 ,India,1790574574.0,1790574574,76.2192,10.2681,906.78,False,93.92,204.6,-5.2,,891.54,,False,0,2026-09-28 05:49:42.078546
789201,CPA275  ,China,1790573729.0,1790574574,4.5171,50.8996,0.0,False,70.33,249.44,-0.33,,175.26,3201,False,0,2026-09-28 05:49:42.078546
71c584,AAR151  ,Republic of Korea,1790574574.0,1790574575,127.3656,37.1732,4366.26,False,164.41,304.93,-14.31,,4533.9,3153,False,0,2026-09-28 05:49:42.078546
789205,HKE638  ,China,1790574573.0,1790574574,121.1324,24.4931,10675.62,False,229.94,51.54,0.0,,11460.48,,False,0,2026-09-28 05:49:42.078546
71c588,ESR915  ,Republic of Korea,1790574575.0,1790574575,135.2878,34.4566,213.36,False,73.12,230.71,-3.58,,236.22,,False,0,2026-09-28 05:49:42.078546
45cf21,SRR6646 ,Denmark,1790574574.0,1790574574,-9.374,38.5434,1394.46,False,124.7,116.46,-2.28,,1508.76,4404,False,0,2026-09-28 05:49:42.078546
789203,CPA157  ,China,1790574575.0,1790574575,121.14,14.3042,11277.6,False,256.99,158.88,0.0,,12077.7,,False,0,2026-09-28 05:49:42.078546
71c589,KAL769  ,Republic of Korea,1790574574.0,1790574574,141.4133,41.3679,5334.0,False,216.17,33.35,-5.2,,5494.02,,False,0,2026-09-28 05:49:42.078546
a05bde,RPA4603 ,United States,1790574574.0,1790574575,-87.6403,40.3792,8016.24,False,228.33,158.87,4.55,,8343.9,,False,0,2026-09-28 05:49:42.078546
71c582,AAR335  ,Republic of Korea,1790574559.0,1790574559,126.4379,37.4524,,True,12.35,143.44,,,,,False,0,2026-09-28 05:49:42.078546
71c580,TWB304  ,Republic of Korea,1790574570.0,1790574573,134.3713,34.5264,6103.62,False,173.93,303.78,0.0,,6454.14,,False,0,2026-09-28 05:49:42.078546
780879,GCR7827 ,China,1790574433.0,1790574435,116.1876,38.6526,4511.04,False,162.13,271.82,0.33,,4648.2,,False,0,2026-09-28 05:49:42.078546
78086b,CCD8972 ,China,1790574574.0,1790574574,118.4859,38.9228,8001.0,False,274.48,102.45,-5.2,,8282.94,,False,0,2026-09-28 05:49:42.078546
48c12f,RYR5W   ,Poland,1790574575.0,1790574575,18.1711,59.8152,1264.92,False,93.9,298.11,-5.2,,1394.46,1000,False,0,2026-09-28 05:49:42.078546
48c12d,RYR159P ,Poland,1790572142.0,1790574570,24.7544,54.4965,11582.4,False,170.28,249.48,4.88,,,1000,False,0,2026-09-28 05:49:42.078546
48c12e,RYR1936 ,Poland,1790574560.0,1790574572,19.6075,43.1646,5288.28,False,217.36,186.25,-13.0,,5524.5,5556,False,0,2026-09-28 05:49:42.078546
7c3fca,FD212   ,Australia,1790574574.0,1790574575,153.0934,-28.7861,6896.1,False,87.02,204.44,4.88,,7216.14,1033,False,0,2026-09-28 05:49:42.078546
48c12b,RYR56NF ,Poland,1790574574.0,1790574574,0.6339,53.2406,8740.14,False,201.9,289.04,-10.73,,8976.36,6612,False,0,2026-09-28 05:49:42.078546
48c12c,RYR235  ,Poland,1790574138.0,1790574570,17.3502,52.7349,7010.4,False,205.53,29.71,10.4,,6918.96,1000,False,0,2026-09-28 05:49:42.078546
7cf925,ASY753  ,Australia,1790574574.0,1790574574,149.5934,-30.1365,11277.6,False,262.07,53.78,0.0,,11635.74,,False,0,2026-09-28 05:49:42.078546
78920d,BLVI    ,China,1790574573.0,1790574573,114.113,22.2922,365.76,False,66.08,253.26,-0.33,,365.76,,False,0,2026-09-28 05:49:42.078546
48c138,RYR72RX ,Poland,1790574574.0,1790574574,3.1401,39.9379,11277.6,False,222.33,241.83,0.0,,11788.14,1000,False,0,2026-09-28 05:49:42.078546
48c135,RYR44PV ,Poland,1790574574.0,1790574575,0.1674,51.958,1699.26,False,118.59,224.65,-5.53,,1805.94,3112,False,0,2026-09-28 05:49:42.078546
48c133,RYR69UA ,Poland,1790574574.0,1790574574,12.3768,42.9092,5692.14,False,204.88,204.63,-12.68,,6027.42,1000,False,0,2026-09-28 05:49:42.078546
48c134,RYR7492 ,Poland,1790574574.0,1790574574,24.5835,40.7501,11277.6,False,243.25,157.23,0.0,,11597.64,1410,False,0,2026-09-28 05:49:42.078546
48c131,RYR6VT  ,Poland,1790574574.0,1790574574,24.9674,40.5209,11277.6,False,243.7,148.29,0.33,,11597.64,7426,False,0,2026-09-28 05:49:42.078546
48c132,RYR30DK ,Poland,1790574574.0,1790574574,13.689,47.3365,10972.8,False,228.81,241.53,0.33,,11414.76,1000,False,0,2026-09-28 05:49:42.078546
a3c51a,DAL2622 ,United States,1790574572.0,1790574572,-93.2286,44.8641,,True,0.06,0.0,,,,,False,0,2026-09-28 05:49:42.078546
06a264,NBS41   ,Qatar,1790574575.0,1790574575,51.2732,24.732,1821.18,False,143.47,101.79,-8.45,,1920.24,6572,False,0,2026-09-28 05:49:42.078546
78921b,,China,,1790574311,,,,False,246.44,312.89,0.0,,,,False,0,2026-09-28 05:49:42.078546
780894,CDG1157 ,China,1790574455.0,1790574456,113.4656,22.2252,1021.08,False,102.66,162.2,-4.23,,1066.8,,False,0,2026-09-28 05:49:42.078546
ac692a,SWA1276 ,United States,1790574574.0,1790574575,-116.1554,36.4132,6850.38,False,199.77,131.24,-5.2,,7117.08,1105,False,0,2026-09-28 05:49:42.078546
780890,CES5897 ,China,1790574573.0,1790574574,117.0088,41.4094,9479.28,False,256.3,49.89,0.0,,9669.78,,False,0,2026-09-28 05:49:42.078546
48c129,RYR3UV  ,Poland,1790574574.0,1790574574,4.6235,42.9342,11277.6,False,224.65,220.91,0.0,,11757.66,1000,False,0,2026-09-28 05:49:42.078546
78921d,HKE619  ,China,1790574575.0,1790574575,121.1681,24.9031,11582.4,False,245.24,229.59,0.0,,12405.36,,False,0,2026-09-28 05:49:42.078546
48c126,RYR9418 ,Poland,1790574342.0,1790574343,23.5689,39.0793,1135.38,False,105.59,199.05,-4.88,,1264.92,5416,False,0,2026-09-28 05:49:42.078546
801439,AIC4308 ,India,1790574574.0,1790574574,77.2871,28.503,960.12,False,82.22,284.12,-0.98,,922.02,,False,0,2026-09-28 05:49:42.078546
789229,HKE173  ,China,1790574574.0,1790574574,120.6226,24.2394,670.56,False,90.75,176.1,7.8,,693.42,,False,0,2026-09-28 05:49:42.078546
48c122,RYR400P ,Poland,1790574574.0,1790574574,16.7046,47.9514,11582.4,False,239.12,216.43,0.0,,11993.88,1000,False,0,2026-09-28 05:49:42.078546
48c123,RYS3011 ,Poland,1790574570.0,1790574570,22.9512,44.4933,11277.6,False,248.91,161.94,0.0,,11574.78,1737,False,0,2026-09-28 05:49:42.078546
a3b0f3,ENY3948 ,United States,1790574574.0,1790574575,-104.8203,33.0967,10561.32,False,213.63,214.8,-9.75,,11170.92,,False,0,2026-09-28 05:49:42.078546
48c121,RYR5GK  ,Poland,1790574569.0,1790574569,18.6101,43.0577,10363.2,False,212.59,326.35,0.0,,10736.58,,False,0,2026-09-28 05:49:42.078546
789233,CPA844  ,China,1790574574.0,1790574574,-115.3911,48.656,11887.2,False,270.13,91.09,0.0,,12024.36,1402,False,0,2026-09-28 05:49:42.078546
789232,CPA875  ,China,1790574574.0,1790574574,-107.5402,36.1006,8534.4,False,246.7,295.18,0.0,,8999.22,,False,0,2026-09-28 05:49:42.078546
71c552,JJA1306 ,Republic of Korea,1790574574.0,1790574574,127.635,37.0223,5463.54,False,173.55,305.1,-7.15,,5699.76,3213,False,0,2026-09-28 05:49:42.078546
801442,IGO5342 ,India,1790574574.0,1790574574,89.6222,26.5043,9555.48,False,243.82,277.39,5.2,,10203.18,2603,False,0,2026-09-28 05:49:42.078546
789237,CPA718  ,China,1790574566.0,1790574566,113.9332,22.3211,,True,6.43,239.06,,,,5251,False,0,2026-09-28 05:49:42.078546
71c557,KAL856  ,Republic of Korea,1790574574.0,1790574574,117.5194,39.7676,7223.76,False,243.37,150.07,7.48,,7421.88,,False,0,2026-09-28 05:49:42.078546
71c558,KAL2130 ,Republic of Korea,1790574567.0,1790574567,128.953,35.0556,662.94,False,80.73,353.78,-3.9,,693.42,6174,False,0,2026-09-28 05:49:42.078546
06a279,NBS62   ,Qatar,1790574574.0,1790574574,51.059,25.1252,2865.12,False,135.55,83.9,-0.65,,3025.14,6575,False,0,2026-09-28 05:49:42.078546
78922c,HKE822  ,China,1790574499.0,1790574499,132.6146,34.4248,1287.78,False,129.76,63.64,-4.88,,1607.82,,False,0,2026-09-28 05:49:42.078546
78922e,BHUT    ,China,1790574574.0,1790574574,114.2047,22.4033,624.84,False,49.73,129.12,0.65,,609.6,5233,False,0,2026-09-28 05:49:42.078546
ab8fcb,AAL106  ,United States,1790574574.0,1790574575,-0.0338,51.5658,1676.4,False,120.57,101.07,-4.55,,1783.08,5146,False,0,2026-09-28 05:49:42.078546
06a26e,NBS61   ,Qatar,1790574574.0,1790574574,51.0605,25.1256,2880.36,False,135.33,88.69,-0.65,,3048.0,6574,False,0,2026-09-28 05:49:42.078546
06a26d,NBS42   ,Qatar,1790574575.0,1790574575,51.273,24.7316,1828.8,False,150.56,100.23,-8.78,,1920.24,6573,False,0,2026-09-28 05:49:42.078546
71c549,ESR216  ,Republic of Korea,1790574573.0,1790574574,127.0032,36.4149,4945.38,False,196.54,359.1,-2.93,,5143.5,5177,False,0,2026-09-28 05:49:42.078546
789244,CPA198  ,China,1790574425.0,1790574425,147.7731,-19.3128,11582.4,False,236.81,319.49,0.0,,12313.92,,False,0,2026-09-28 05:49:42.078546
801455,,India,1790574556.0,1790574556,73.4552,18.7909,3916.68,False,153.6,119.05,-4.23,,4107.18,,False,0,2026-09-28 05:49:42.078546
71c540,EOK356  ,Republic of Korea,1790574554.0,1790574574,136.9694,37.6117,11277.6,False,274.95,60.03,0.33,,11833.86,,False,0,2026-09-28 05:49:42.078546
71c541,ESR819  ,Republic of Korea,1790574573.0,1790574574,126.3938,37.4863,754.38,False,79.78,302.36,9.1,,784.86,7147,False,0,2026-09-28 05:49:42.078546
71c547,TWB675  ,Republic of Korea,1790574565.0,1790574574,128.9449,35.1725,30.48,True,0.77,160.31,,,,7157,False,0,2026-09-28 05:49:42.078546
71c545,ESR943  ,Republic of Korea,1790574572.0,1790574572,128.9467,35.1695,,True,0.0,306.56,,,,,False,0,2026-09-28 05:49:42.078546
789247,CPA829  ,China,1790574559.0,1790574566,-79.6198,43.6817,160.02,True,0.9,337.5,,,,,False,0,2026-09-28 05:49:42.078546
0d0643,XAIAO   ,Mexico,1790574574.0,1790574574,-114.226,31.1657,12192.0,False,203.43,308.84,-0.65,,12900.66,,False,0,2026-09-28 05:49:42.078546
ac694f,SWA331  ,United States,1790574574.0,1790574574,-116.0224,34.7755,8534.4,False,205.21,226.22,0.0,,8930.64,4755,False,0,2026-09-28 05:49:42.078546
80140a,IGO74AP ,India,1790574572.0,1790574572,79.2769,15.5665,11574.78,False,228.35,346.72,0.0,,12275.82,,False,0,2026-09-28 05:49:42.078546
80140b,IGO51C  ,India,1790574567.0,1790574574,51.1826,23.609,10050.78,False,257.82,183.89,1.63,,10683.24,2137,False,0,2026-09-28 05:49:42.078546
489789,LOT3981 ,Poland,1790574366.0,1790574366,15.8873,52.1644,266.7,False,61.66,244.29,-3.25,,411.48,,False,0,2026-09-28 05:49:42.078546
489788,LOT3VA  ,Poland,1790574574.0,1790574574,16.8069,52.4231,,True,10.29,286.88,,,,,False,0,2026-09-28 05:49:42.078546
407c8a,DHK052  ,United Kingdom,1790574574.0,1790574574,13.3757,49.4766,10668.0,False,262.74,116.26,0.0,,11087.1,0104,False,0,2026-09-28 05:49:42.078546
71c575,KAL704  ,Republic of Korea,1790574573.0,1790574574,136.5131,36.0291,11582.4,False,207.99,296.12,-0.65,,12237.72,7024,False,0,2026-09-28 05:49:42.078546
801422,IGO2040 ,India,1790574573.0,1790574574,74.813,14.3909,10668.0,False,227.77,153.43,0.0,,11330.94,,False,0,2026-09-28 05:49:42.078546
789254,HGB320  ,China,1790574574.0,1790574574,132.3697,32.6743,11277.6,False,253.76,63.38,0.33,,12001.5,,False,0,2026-09-28 05:49:42.078546
801420,,India,,1790574574,,,,False,245.59,16.8,0.0,,,,False,0,2026-09-28 05:49:42.078546
71c572,KAL2002 ,Republic of Korea,1790574574.0,1790574574,121.9048,25.4794,10668.0,False,248.7,49.03,-0.33,,11475.72,,False,0,2026-09-28 05:49:42.078546
80141e,AIC2239 ,India,1790574568.0,1790574568,75.3577,7.0286,10965.18,False,232.43,201.28,0.0,,11620.5,0564,False,0,2026-09-28 05:49:42.078546
78924a,CPA598  ,China,1790574398.0,1790574403,115.3516,21.7432,8237.22,False,236.13,90.25,3.9,,8831.58,,False,0,2026-09-28 05:49:42.078546
a996cb,N717HP  ,United States,1790574574.0,1790574575,-83.0791,39.9652,1043.94,False,66.21,247.62,0.0,,1051.56,,False,0,2026-09-28 05:49:42.078546
801432,IGO2512 ,India,1790574574.0,1790574574,77.2765,28.5661,1051.56,False,81.85,272.16,-3.58,,1013.46,,False,0,2026-09-28 05:49:42.078546
789266,CPA945  ,China,1790574574.0,1790574574,113.4936,22.1474,6400.8,False,197.84,160.72,-0.33,,6835.14,,False,0,2026-09-28 05:49:42.078546
789267,CPA959  ,China,1790574573.0,1790574573,113.9309,22.3192,,True,7.46,216.56,,,,3662,False,0,2026-09-28 05:49:42.078546
789264,CPA385  ,China,1790574489.0,1790574489,113.9071,22.3278,,True,12.86,70.31,,,,7037,False,0,2026-09-28 05:49:42.078546
789265,CPA775  ,China,1790574263.0,1790574266,114.0179,21.1809,7193.28,False,225.75,183.53,6.5,,7719.06,,False,0,2026-09-28 05:49:42.078546
71c569,JNA362  ,Republic of Korea,1790574574.0,1790574574,129.5586,32.4861,8534.4,False,236.38,8.01,0.0,,9113.52,,False,0,2026-09-28 05:49:42.078546
789268,CPA439  ,China,1790574574.0,1790574574,126.3869,34.0906,9753.6,False,227.65,197.08,-0.65,,10363.2,4136,False,0,2026-09-28 05:49:42.078546
801434,IGO767  ,India,1790574574.0,1790574574,77.3231,28.1875,6035.04,False,196.32,112.33,8.45,,6309.36,,False,0,2026-09-28 05:49:42.078546
789260,HGB341  ,China,1790574335.0,1790574335,135.2507,34.4355,,True,5.14,174.38,,,,,False,0,2026-09-28 05:49:42.078546
a74541,GJS4393 ,United States,1790574575.0,1790574575,-88.2928,41.8775,1188.72,False,128.33,15.82,-2.6,,1219.2,2157,False,0,2026-09-28 05:49:42.078546
a8c840,QXE2228 ,United States,1790574561.0,1790574561,-123.1812,49.1892,,True,13.89,278.44,,,,1516,False,0,2026-09-28 05:49:42.078546
3444da,VLG32LC ,Spain,1790574574.0,1790574574,-1.0811,42.48,10370.82,False,229.53,113.23,0.0,,10797.54,1000,False,0,2026-09-28 05:49:42.078546
440484,EJU8624 ,Austria,1790574572.0,1790574572,-0.1782,51.1556,,True,0.77,348.75,,,,1360,False,0,2026-09-28 05:49:42.078546
7c1a83,FIT     ,Australia,1790574551.0,1790574551,153.0147,-27.5658,-99.06,False,0.73,135.0,0.0,,53.34,3000,False,0,2026-09-28 05:49:42.078546
0900f1,DTA650  ,Angola,1790574574.0,1790574575,-8.66,37.2238,8061.96,False,221.02,336.84,-9.43,,8427.72,3132,False,0,2026-09-28 05:49:42.078546
3444cb,VLG1515 ,Spain,1790574575.0,1790574575,4.814,42.6433,9151.62,False,217.01,27.84,0.0,,9616.44,1000,False,0,2026-09-28 05:49:42.078546
4cc4bd,ABD4100 ,Iceland,1790574574.0,1790574574,72.6323,22.9588,9753.6,False,247.28,265.23,0.0,,10294.62,,False,0,2026-09-28 05:49:42.078546
a87876,GTI8750 ,United States,1790574574.0,1790574574,4.4984,50.595,11330.94,False,234.65,110.94,-9.1,,11673.84,2004,False,0,2026-09-28 05:49:42.078546
3444ca,VLG525B ,Spain,1790574574.0,1790574574,2.7514,41.4544,11277.6,False,223.95,182.24,0.0,,11788.14,1000,False,0,2026-09-28 05:49:42.078546
385cbb,EVX72UB ,France,1790574369.0,1790574370,85.5774,19.3969,5539.74,False,161.59,46.81,-5.2,,5783.58,,False,0,2026-09-28 05:49:42.078546
a1226e,AAL2130 ,United States,1790574574.0,1790574574,-117.3665,32.7509,1470.66,False,124.29,212.83,10.08,,1455.42,7265,False,0,2026-09-28 05:49:42.078546
a8785b,FFT3439 ,United States,1790574575.0,1790574575,-109.1537,39.4758,10668.0,False,193.0,260.49,4.88,,11140.44,1425,False,0,2026-09-28 05:49:42.078546
3444d0,VLG8LH  ,Spain,1790574575.0,1790574575,-1.7602,43.3968,11582.4,False,254.69,33.88,0.0,,11986.26,1000,False,0,2026-09-28 05:49:42.078546
3444d1,VLG7FA  ,Spain,1790574573.0,1790574573,2.0779,41.2926,,True,7.46,154.69,,,,1000,False,0,2026-09-28 05:49:42.078546
7c81e0,RXA6829 ,Australia,1790574574.0,1790574574,151.1814,-33.9226,45.72,False,63.97,168.87,-4.23,,220.98,4235,False,0,2026-09-28 05:49:42.078546
aced2b,AVA218  ,United States,1790574573.0,1790574573,-60.5771,-30.0854,10965.18,False,210.36,316.78,0.0,,11567.16,,False,0,2026-09-28 05:49:42.078546
a43eea,UAL301  ,United States,1790574574.0,1790574574,-118.4046,38.379,11887.2,False,269.62,80.56,0.0,,12298.68,3775,False,0,2026-09-28 05:49:42.078546
801461,IGO6211 ,India,1790574574.0,1790574574,91.366,26.1695,11277.6,False,231.65,99.59,0.0,,12024.36,0563,False,0,2026-09-28 05:49:42.078546
801462,IGO695M ,India,1790574574.0,1790574574,77.1655,28.5688,518.16,False,75.14,271.57,-3.58,,457.2,,False,0,2026-09-28 05:49:42.078546
80145f,IGO6175 ,India,1790574574.0,1790574574,76.8802,28.4557,4061.46,False,173.06,169.73,23.08,,4198.62,,False,0,2026-09-28 05:49:42.078546
aced21,ASA1400 ,United States,1790574574.0,1790574574,-126.3376,45.7198,10668.0,False,221.19,51.61,0.33,,10919.46,,False,0,2026-09-28 05:49:42.078546
3444c8,VOE77AJ ,Spain,1790574574.0,1790574574,12.5368,39.8989,11247.12,False,224.21,158.32,-3.58,,11704.32,7423,False,0,2026-09-28 05:49:42.078546
3444c9,VLG10DY ,Spain,1790574574.0,1790574574,2.1525,41.3224,198.12,False,75.74,245.52,-3.9,,312.42,6554,False,0,2026-09-28 05:49:42.078546
ac67fc,AAL565  ,United States,1790574495.0,1790574495,-80.2887,25.8001,,True,6.17,90.0,,,,7177,False,0,2026-09-28 05:49:42.078546
7c81d1,RXA2268 ,Australia,1790574574.0,1790574574,115.6057,-31.3885,5486.4,False,109.65,341.4,0.0,,5532.12,3253,False,0,2026-09-28 05:49:42.078546
a73220,ASA550  ,United States,1790574574.0,1790574574,-121.1323,46.896,5364.48,False,173.94,304.4,-9.75,,5455.92,0523,False,0,2026-09-28 05:49:42.078546
7c2d99,JAJ     ,Australia,1790574574.0,1790574574,138.4325,-35.2717,1996.44,False,91.09,91.62,0.98,,2156.46,,False,0,2026-09-28 05:49:42.078546
abba43,DAL2548 ,United States,1790574574.0,1790574574,-81.2302,32.1098,10363.2,False,239.42,2.34,0.33,,10812.78,3737,False,0,2026-09-28 05:49:42.078546
440452,EJU69MT ,Austria,1790574574.0,1790574574,-0.1847,39.6513,10972.8,False,239.74,37.24,0.0,,11490.96,5305,False,0,2026-09-28 05:49:42.078546
009d4a,SAA031  ,South Africa,1790574574.0,1790574574,26.3925,-25.1113,7018.02,False,201.9,135.52,-0.33,,7437.12,,False,0,2026-09-28 05:49:42.078546
ac41ab,SWA3384 ,United States,1790574573.0,1790574573,-104.67,39.8625,,True,0.0,0.0,,,,,False,0,2026-09-28 05:49:42.078546
a04a01,AER67   ,United States,1790574575.0,1790574575,-152.8477,60.0559,6400.8,False,130.6,44.2,0.0,,6134.1,,False,0,2026-09-28 05:49:42.078546
39ccc7,FHTGH   ,France,1790574574.0,1790574574,21.7018,40.7639,1920.24,False,57.21,78.59,0.0,,2065.02,,False,0,2026-09-28 05:49:42.078546
a014b2,N104MQ  ,United States,1790574574.0,1790574574,-80.2398,36.9325,2103.12,False,86.88,40.2,0.0,,2141.22,,False,0,2026-09-28 05:49:42.078546
778567,SYR515  ,Syrian Arab Republic,1790574574.0,1790574574,48.8504,27.1097,11277.6,False,269.89,103.56,0.0,,11940.54,5715,False,0,2026-09-28 05:49:42.078546
780825,CXA8341 ,China,1790574567.0,1790574574,114.9785,22.7233,9174.48,False,241.32,285.96,0.0,,9829.8,1024,False,0,2026-09-28 05:49:42.078546
86ce8e,ANA9263 ,Japan,1790574570.0,1790574570,136.7641,34.8229,487.68,False,96.48,19.3,-0.98,,518.16,1530,False,0,2026-09-28 05:49:42.078546
407c0b,TOM7DL  ,United Kingdom,1790574574.0,1790574574,-1.8624,50.6842,11117.58,False,195.64,208.25,4.55,,11369.04,5420,False,0,2026-09-28 05:49:42.078546
407c0a,TOM4EV  ,United Kingdom,1790574574.0,1790574574,0.2645,49.4635,11277.6,False,204.03,164.95,0.0,,11605.26,0536,False,0,2026-09-28 05:49:42.078546
a54bab,SWA1405 ,United States,1790574567.0,1790574572,-117.191,32.7321,,True,0.0,106.88,,,,0144,False,0,2026-09-28 05:49:42.078546
469dc1,SEH5PG  ,Greece,1790574574.0,1790574574,16.4033,41.6899,10972.8,False,219.18,308.81,0.0,,11422.38,,False,0,2026-09-28 05:49:42.078546
80149e,IGO845  ,India,1790574513.0,1790574536,82.4703,12.9728,10058.4,False,236.58,106.03,0.33,,10675.62,,False,0,2026-09-28 05:49:42.078546
80149b,IGO6181 ,India,1790574575.0,1790574575,83.7514,17.8761,1744.98,False,101.31,39.02,-13.33,,1767.84,,False,0,2026-09-28 05:49:42.078546
ac8a78,SHIELD  ,United States,1790574574.0,1790574575,-112.2604,33.5873,708.66,False,45.81,204.55,-2.28,,670.56,,False,0,2026-09-28 05:49:42.078546
06a1b6,A7GAC   ,Qatar,1790574574.0,1790574574,51.7331,25.3138,213.36,False,71.15,241.03,0.0,,152.4,1516,False,0,2026-09-28 05:49:42.078546
4a482d,ISR575  ,Romania,1790574574.0,1790574574,32.4548,33.08,10355.58,False,209.05,304.47,0.0,,10820.4,5413,False,0,2026-09-28 05:49:42.078546
ac4279,SWA2629 ,United States,1790574574.0,1790574574,-105.4883,31.652,9159.24,False,209.08,280.2,1.95,,9723.12,2441,False,0,2026-09-28 05:49:42.078546
06a1c4,QTR1038 ,Qatar,1790574392.0,1790574395,55.6744,25.3358,1493.52,False,123.96,121.25,-4.55,,1546.86,2163,False,0,2026-09-28 05:49:42.078546
06a1be,QTR72P  ,Qatar,1790574574.0,1790574574,-4.4026,48.2348,9753.6,False,244.65,299.48,0.0,,10027.92,4036,False,0,2026-09-28 05:49:42.078546
342091,IBE07BZ ,Spain,1790574574.0,1790574574,4.3104,49.6247,10668.0,False,216.69,233.59,0.0,,11033.76,1000,False,0,2026-09-28 05:49:42.078546
44042f,EJU81EB ,Austria,1790574575.0,1790574575,5.421,43.2278,10652.76,False,223.69,230.6,0.33,,11132.82,4030,False,0,2026-09-28 05:49:42.078546
06a1cc,QQE272  ,Qatar,1790574572.0,1790574574,-13.5265,54.2972,12192.0,False,250.83,310.09,0.0,,12123.42,5524,False,0,2026-09-28 05:49:42.078546
440425,EJU42NR ,Austria,1790574574.0,1790574574,-0.4236,52.5776,10965.18,False,240.87,328.45,-0.33,,11201.4,7553,False,0,2026-09-28 05:49:42.078546
a97251,ASA289  ,United States,1790574574.0,1790574574,-121.2199,47.7757,6172.2,False,193.97,269.09,-9.43,,6278.88,,False,0,2026-09-28 05:49:42.078546
4bb848,PGT2760 ,Turkey,1790574325.0,1790574325,33.045,40.2569,11277.6,False,233.18,97.86,0.0,,11551.92,5130,False,0,2026-09-28 05:49:42.078546
c82a0f,LFT04   ,New Zealand,1790574574.0,1790574574,172.4748,-43.3077,2240.28,False,131.21,181.12,-6.83,,2156.46,,False,0,2026-09-28 05:49:42.078546
4bb844,PGT6285 ,Turkey,1790574574.0,1790574574,16.8299,52.4186,,True,5.4,286.88,,,,1000,False,0,2026-09-28 05:49:42.078546
4bb845,PGT1862 ,Turkey,1790574574.0,1790574574,33.6825,35.1106,723.9,False,86.36,264.19,0.33,,754.38,2354,False,0,2026-09-28 05:49:42.078546
4bb843,PGT308W ,Turkey,1790574574.0,1790574574,9.7893,50.4762,10797.54,False,224.89,304.56,-8.13,,11224.26,3223,False,0,2026-09-28 05:49:42.078546
4bb850,PGT40PP ,Turkey,1790574574.0,1790574574,14.1888,48.6065,10972.8,False,218.33,296.44,0.0,,11384.28,5324,False,0,2026-09-28 05:49:42.078546
06a1ea,QTR99E  ,Qatar,1790574573.0,1790574574,26.3425,36.8802,10363.2,False,225.73,332.44,0.33,,10690.86,2007,True,0,2026-09-28 05:49:42.078546
8a020e,GIA407  ,Indonesia,1790574389.0,1790574389,106.6297,-6.1199,114.3,False,80.44,69.02,-4.88,,121.92,,False,0,2026-09-28 05:49:42.078546
a9854e,AAL2110 ,United States,1790574550.0,1790574550,-75.2407,39.8717,,True,28.29,75.94,,,,3401,False,0,2026-09-28 05:49:42.078546
4bb854,PGT2437 ,Turkey,1790574573.0,1790574574,28.9056,40.6167,2133.6,False,108.64,28.26,-2.93,,2225.04,1002,False,0,2026-09-28 05:49:42.078546
4bb852,PGT5711 ,Turkey,1790574574.0,1790574574,33.4051,36.9102,11506.2,False,201.51,255.96,-5.85,,11849.1,4167,False,0,2026-09-28 05:49:42.078546
4bb861,PGT5088 ,Turkey,1790574574.0,1790574574,30.8222,35.5262,9654.54,False,212.72,208.61,8.45,,9936.48,5321,False,0,2026-09-28 05:49:42.078546
7c81b0,ZWI     ,Australia,1790574574.0,1790574574,145.1087,-38.1519,640.08,False,67.21,16.91,-0.98,,800.1,1200,False,0,2026-09-28 05:49:42.078546
ab34a6,AVA152  ,United States,1790574574.0,1790574574,-73.8638,40.3267,1082.04,False,120.98,357.81,-5.53,,1028.7,2427,False,0,2026-09-28 05:49:42.078546
4bb84f,PGT1575 ,Turkey,1790574570.0,1790574571,29.6139,37.9207,10165.08,False,236.7,151.15,-8.13,,10431.78,1330,False,0,2026-09-28 05:49:42.078546
4bb84a,PGT71PZ ,Turkey,1790574574.0,1790574574,39.5009,41.0844,2987.04,False,136.61,292.12,16.91,,3086.1,5071,False,0,2026-09-28 05:49:42.078546
343386,VLG42CT ,Spain,1790574573.0,1790574574,2.102,41.2929,,True,0.0,109.69,,,,,False,0,2026-09-28 05:49:42.078546
343385,IBS16KC ,Spain,1790574574.0,1790574574,-8.9462,37.9405,10675.62,False,207.76,226.3,0.33,,11125.2,2643,False,0,2026-09-28 05:49:42.078546
a014ff,EJA104  ,United States,1790574567.0,1790574572,-121.9379,37.3649,,True,0.0,140.62,,,,,False,0,2026-09-28 05:49:42.078546
34469a,VLG676Z ,Spain,1790574574.0,1790574574,2.103,41.2921,,True,1.29,241.88,,,,,False,0,2026-09-28 05:49:42.078546
a98539,DAL507  ,United States,1790574574.0,1790574574,-104.016,40.7096,11277.6,False,265.96,63.34,0.0,,11772.9,1334,False,0,2026-09-28 05:49:42.078546
a0ad6c,ABX3181 ,United States,1790574574.0,1790574574,-76.7195,41.9831,11285.22,False,228.56,69.44,0.0,,11612.88,6702,False,0,2026-09-28 05:49:42.078546
c053f6,ACA866  ,Canada,1790574574.0,1790574574,-6.7024,51.8245,11582.4,False,255.33,99.16,0.0,,11681.46,5157,False,0,2026-09-28 05:49:42.078546
a8b539,N660LF  ,United States,1790574574.0,1790574574,-119.5061,47.5568,6400.8,False,146.81,84.37,0.0,,6507.48,,False,0,2026-09-28 05:49:42.078546
862338,ANA566  ,Japan,1790574574.0,1790574574,139.769,34.9974,4015.74,False,165.18,43.99,0.0,,4236.72,2243,False,0,2026-09-28 05:49:42.078546
a6bbef,DAL2040 ,United States,1790574574.0,1790574574,-110.3179,38.9979,8839.2,False,259.95,112.45,0.65,,9265.92,6075,False,0,2026-09-28 05:49:42.078546
a254d7,UAL143  ,United States,1790574574.0,1790574574,140.372,35.9862,1112.52,False,113.28,306.51,-2.28,,1158.24,3117,False,0,2026-09-28 05:49:42.078546
344697,VLG5QN  ,Spain,1790574470.0,1790574470,-2.053,42.907,3550.92,False,160.22,307.83,-10.08,,3802.38,1000,False,0,2026-09-28 05:49:42.078546
344698,VLG3JV  ,Spain,1790574574.0,1790574574,2.7428,48.6375,2362.2,False,135.6,79.29,-5.85,,2545.08,1000,False,0,2026-09-28 05:49:42.078546
46a5e2,SEH1LC  ,Greece,1790574574.0,1790574574,32.3177,35.2407,6659.88,False,236.05,108.16,-9.43,,6880.86,7413,False,0,2026-09-28 05:49:42.078546
344694,VLG6FK  ,Spain,1790574574.0,1790574574,-1.678,38.7741,10668.0,False,214.14,232.22,0.0,,11178.54,0411,False,0,2026-09-28 05:49:42.078546
344695,VLG2QP  ,Spain,1790574574.0,1790574574,1.8791,46.7373,10668.0,False,202.75,194.25,0.0,,11079.48,7657,False,0,2026-09-28 05:49:42.078546
46a5e4,SEH5RB  ,Greece,1790574574.0,1790574574,19.8257,40.7955,11582.4,False,210.92,320.64,0.0,,11978.64,,False,0,2026-09-28 05:49:42.078546
344691,VLG1265 ,Spain,1790574574.0,1790574574,1.7361,49.3623,10965.18,False,250.84,34.05,0.0,,11330.94,1000,False,0,2026-09-28 05:49:42.078546
4cc52e,ICE614  ,Iceland,1790574574.0,1790574575,-24.4983,63.6136,6263.64,False,206.38,76.45,-12.03,,6027.42,,False,0,2026-09-28 05:49:42.078546
4bb886,TKJ192  ,Turkey,1790574574.0,1790574574,30.9559,34.3746,10370.82,False,238.69,356.29,0.0,,10774.68,6111,False,0,2026-09-28 05:49:42.078546
4cc52c,ICE622  ,Iceland,1790574574.0,1790574574,-23.3782,63.7117,3040.38,False,140.63,76.68,-5.53,,2880.36,,False,0,2026-09-28 05:49:42.078546
4bb885,TKJ8QP  ,Turkey,1790574574.0,1790574574,29.6652,41.3084,4808.22,False,184.88,298.78,10.08,,4937.76,3251,False,0,2026-09-28 05:49:42.078546
ab486e,N826PD  ,United States,1790574574.0,1790574574,-117.9906,33.8252,335.28,False,34.07,308.25,0.0,,304.8,3655,False,0,2026-09-28 05:49:42.078546
4402f1,EJU34HZ ,Austria,1790574574.0,1790574575,2.6464,48.7722,1043.94,False,91.37,254.32,-4.88,,1181.1,1000,False,0,2026-09-28 05:49:42.078546
4402f0,EJU134H ,Austria,1790574575.0,1790574575,-1.6191,47.1422,,True,5.14,28.12,,,,,False,0,2026-09-28 05:49:42.078546
789287,HKE705  ,China,1790574574.0,1790574574,113.9814,22.3231,320.04,False,70.44,251.7,-3.25,,312.42,6120,False,0,2026-09-28 05:49:42.078546
789284,HKE646  ,China,,1790574574,,,,False,227.36,58.79,0.0,,,,False,0,2026-09-28 05:49:42.078546
c066dd,ACA348  ,Canada,1790574574.0,1790574574,-120.0791,49.278,8366.76,False,223.63,79.93,3.25,,8488.68,2602,False,0,2026-09-28 05:49:42.078546
8515c4,JAL480  ,Japan,1790574574.0,1790574574,139.5293,34.928,4152.9,False,212.0,72.49,-6.18,,4381.5,2245,False,0,2026-09-28 05:49:42.078546
880e08,HSCPH   ,Thailand,1790574572.0,1790574574,101.4068,13.3958,8389.62,False,194.14,112.76,9.43,,8938.26,,False,0,2026-09-28 05:49:42.078546
4bb868,PGT1870 ,Turkey,1790574574.0,1790574574,33.7229,35.4902,2461.26,False,138.46,178.08,-4.55,,2537.46,4443,False,0,2026-09-28 05:49:42.078546
4bb869,PGT1882 ,Turkey,1790574574.0,1790574574,33.7537,35.2647,1600.2,False,137.98,162.65,-8.13,,1668.78,2377,False,0,2026-09-28 05:49:42.078546
4bb866,PGT131  ,Turkey,1790574574.0,1790574575,29.2653,40.8711,281.94,False,58.9,64.11,-2.93,,335.28,4051,False,0,2026-09-28 05:49:42.078546
4bb867,PGT52PJ ,Turkey,1790574574.0,1790574575,14.7812,49.7287,10972.8,False,223.57,287.27,0.0,,11376.66,3234,False,0,2026-09-28 05:49:42.078546
4bb865,PGT37PD ,Turkey,1790574574.0,1790574574,24.1695,43.2975,10972.8,False,222.26,295.79,0.0,,11254.74,5350,False,0,2026-09-28 05:49:42.078546
4bb872,PGT558Q ,Turkey,1790574574.0,1790574574,20.2642,45.2182,10972.8,False,218.88,307.84,0.0,,11323.32,4516,False,0,2026-09-28 05:49:42.078546
789297,CRK253  ,China,1790574564.0,1790574564,113.8994,22.3271,,True,31.38,250.31,,,,2610,False,0,2026-09-28 05:49:42.078546
789298,HGB880  ,China,1790574573.0,1790574574,135.246,36.1457,11277.6,False,266.35,51.82,0.0,,11902.44,,False,0,2026-09-28 05:49:42.078546
45ce55,SRR6118 ,Denmark,1790574574.0,1790574574,22.6993,39.8734,10066.02,False,255.6,153.59,0.0,,10386.06,5437,False,0,2026-09-28 05:49:42.078546
504e6c,TVR4708 ,Republic of Moldova,1790574441.0,1790574451,72.1155,20.0658,10363.2,False,254.82,286.06,-0.33,,10988.04,,False,0,2026-09-28 05:49:42.078546
789290,CPA309  ,China,1790574570.0,1790574570,113.9241,22.3222,,True,5.14,123.75,,,,4552,False,0,2026-09-28 05:49:42.078546
789296,HKE725  ,China,1790574574.0,1790574574,101.2633,12.6259,11269.98,False,231.74,35.88,0.0,,12016.74,,False,0,2026-09-28 05:49:42.078546
4cc530,ICE656  ,Iceland,1790574574.0,1790574575,-25.4122,64.0148,8054.34,False,199.67,100.99,-9.75,,7757.16,,False,0,2026-09-28 05:49:42.078546
4bb879,PGT52X  ,Turkey,1790574574.0,1790574575,26.4882,42.9421,10972.8,False,228.56,313.18,0.0,,11269.98,5323,False,0,2026-09-28 05:49:42.078546
504e61,HYS491  ,Republic of Moldova,1790574574.0,1790574574,23.8626,46.5108,11597.64,False,237.77,265.91,-0.33,,11887.2,,False,0,2026-09-28 05:49:42.078546
7c2bf9,JTE743  ,Australia,1790574574.0,1790574574,138.0334,-34.3801,4640.58,False,172.06,171.75,-9.1,,4907.28,,False,0,2026-09-28 05:49:42.078546
4bb86d,PGT8NJ  ,Turkey,1790574574.0,1790574574,25.256,44.4826,11582.4,False,224.74,305.87,0.0,,11864.34,5304,False,0,2026-09-28 05:49:42.078546
4bb86e,PGT96TZ ,Turkey,1790574573.0,1790574574,23.6762,43.5343,11582.4,False,220.5,292.5,0.0,,11894.82,3235,False,0,2026-09-28 05:49:42.078546
4bb86b,PGT820D ,Turkey,1790574574.0,1790574574,22.1008,46.1843,10972.8,False,216.51,313.56,0.0,,11285.22,1000,False,0,2026-09-28 05:49:42.078546
a4e4a3,SKW3302 ,United States,1790574574.0,1790574575,-119.2615,35.1852,9753.6,False,231.15,326.81,-0.33,,10134.6,7502,False,0,2026-09-28 05:49:42.078546
aa5d23,SKW5824 ,United States,1790574574.0,1790574574,-101.9964,40.2162,8839.2,False,250.42,79.11,-0.33,,9258.3,1432,False,0,2026-09-28 05:49:42.078546
4402ae,EJU5437 ,Austria,1790574574.0,1790574575,6.3818,48.5809,7513.32,False,213.74,4.83,-10.08,,7917.18,1000,False,0,2026-09-28 05:49:42.078546
4402ac,EJU18TP ,Austria,1790574574.0,1790574574,-9.1373,40.7659,5295.9,False,183.77,219.66,9.1,,5539.74,3360,False,0,2026-09-28 05:49:42.078546
78929c,CRK608  ,China,1790574574.0,1790574574,134.4173,33.3949,11887.2,False,265.5,71.35,0.33,,12626.34,,False,0,2026-09-28 05:49:42.078546
ac9be4,N911RL  ,United States,1790574400.0,1790574400,-102.1918,43.6846,4892.04,False,125.43,288.66,-6.5,,5128.26,,False,0,2026-09-28 05:49:42.078546
504e8e,FIE7461 ,Republic of Moldova,1790574574.0,1790574574,33.712,34.7289,10675.62,False,212.89,191.85,0.0,,11109.96,1741,False,0,2026-09-28 05:49:42.078546
344646,VLG47GB ,Spain,1790574575.0,1790574575,10.4889,44.3966,8793.48,False,213.39,69.69,-7.15,,9220.2,1000,False,0,2026-09-28 05:49:42.078546
344648,IBE06ZZ ,Spain,1790574573.0,1790574574,8.5699,47.4566,,True,1.29,278.44,,,,1000,False,0,2026-09-28 05:49:42.078546
504e8a,FIE871  ,Republic of Moldova,1790574575.0,1790574575,38.9893,39.939,10972.8,False,218.68,268.92,0.0,,11407.14,3143,False,0,2026-09-28 05:49:42.078546
4cc576,ICE38C  ,Iceland,1790574574.0,1790574575,-24.9579,63.691,6865.62,False,193.34,84.35,-9.75,,6621.78,,False,0,2026-09-28 05:49:42.078546
469e45,SEH2CQ  ,Greece,1790574574.0,1790574574,23.9584,35.6955,3261.36,False,152.86,324.87,9.1,,3398.52,,False,0,2026-09-28 05:49:42.078546
504e7e,HYM345  ,Republic of Moldova,1790574574.0,1790574574,30.824,36.0624,10058.4,False,218.73,178.38,-0.33,,10363.2,1332,False,0,2026-09-28 05:49:42.078546
4402b9,EJU62ZB ,Austria,1790574574.0,1790574574,6.0729,49.1151,9753.6,False,222.17,354.69,0.0,,10180.32,1000,False,0,2026-09-28 05:49:42.078546
a361ff,N317NA  ,United States,1790574368.0,1790574370,-112.1005,42.7946,4572.0,False,151.3,1.56,-4.55,,4739.64,4311,False,0,2026-09-28 05:49:42.078546
46b8b4,AEE932  ,Greece,1790574573.0,1790574574,28.7764,33.6887,10660.38,False,244.21,136.79,0.33,,11079.48,1644,False,0,2026-09-28 05:49:42.078546
46b8b5,AEE6MT  ,Greece,1790574574.0,1790574574,23.7822,37.709,1089.66,False,110.11,354.37,-5.53,,1211.58,,False,0,2026-09-28 05:49:42.078546
46b8b3,AEE638  ,Greece,1790574574.0,1790574574,23.374,38.1013,5318.76,False,192.15,283.63,10.73,,5532.12,,False,0,2026-09-28 05:49:42.078546
4cc54a,ABD5011 ,Iceland,1790574574.0,1790574575,19.4505,46.5586,10058.4,False,254.91,103.9,0.0,,10393.68,7131,False,0,2026-09-28 05:49:42.078546
7807c0,CSN3455 ,China,1790574574.0,1790574574,113.441,23.3891,6659.88,False,213.96,296.87,13.66,,7094.22,,False,0,2026-09-28 05:49:42.078546
46b8ad,AEE487  ,Greece,1790574574.0,1790574574,33.5982,32.4065,8442.96,False,228.21,305.09,3.58,,8907.78,6011,False,0,2026-09-28 05:49:42.078546
4402e8,EJU82HA ,Austria,1790574574.0,1790574575,9.1911,43.6468,10058.4,False,224.83,135.74,0.0,,10507.98,1000,False,0,2026-09-28 05:49:42.078546
46b8aa,AEE5SZ  ,Greece,1790574571.0,1790574571,23.9552,37.9415,,True,8.23,306.56,,,,,False,0,2026-09-28 05:49:42.078546
46b8af,AEE9TP  ,Greece,1790574575.0,1790574575,24.6237,42.1334,11346.18,False,223.9,5.8,-4.88,,11658.6,4564,False,0,2026-09-28 05:49:42.078546
46b8a2,AEE4ED  ,Greece,1790574574.0,1790574574,23.9222,38.095,3055.62,False,152.89,272.12,11.05,,3192.78,,False,0,2026-09-28 05:49:42.078546
46b8a6,AEE2PH  ,Greece,1790574574.0,1790574575,6.14,47.8242,11582.4,False,221.29,301.69,-0.33,,12001.5,7531,False,0,2026-09-28 05:49:42.078546
46b8a9,AEE756  ,Greece,1790574574.0,1790574575,23.7415,38.1028,3863.34,False,186.39,272.37,13.33,,4023.36,,False,0,2026-09-28 05:49:42.078546
7807d6,CES546  ,China,1790574572.0,1790574572,117.0061,23.4204,11917.68,False,228.5,46.28,0.0,,12778.74,,False,0,2026-09-28 05:49:42.078546
a0acbb,UAL1842 ,United States,1790574574.0,1790574574,-96.7916,43.3795,1310.64,False,102.17,235.67,-0.33,,1371.6,,False,0,2026-09-28 05:49:42.078546
86cf91,SNJ23   ,Japan,1790574574.0,1790574574,138.287,34.9692,9753.6,False,207.64,255.07,0.0,,10370.82,7321,False,0,2026-09-28 05:49:42.078546
3ffd2f,DMSGW   ,Germany,1790574575.0,1790574575,11.0943,49.0286,2926.08,False,84.9,91.04,0.33,,3108.96,4454,False,0,2026-09-28 05:49:42.078546
a851f6,SKW5194 ,United States,1790574480.0,1790574480,-104.6625,39.8433,,True,12.35,0.0,,,,7660,False,0,2026-09-28 05:49:42.078546
06a114,QTR960  ,Qatar,1790574574.0,1790574574,55.1307,25.0221,10485.12,False,273.62,78.39,3.25,,11064.24,3267,False,0,2026-09-28 05:49:42.078546
06a110,QTR5X   ,Qatar,1790574532.0,1790574572,51.328,24.4377,5935.98,False,206.4,218.73,8.13,,5577.84,2132,False,0,2026-09-28 05:49:42.078546
86cf7c,ANA765  ,Japan,1790574342.0,1790574372,127.9245,26.2103,2270.76,False,146.09,191.78,-0.98,,2400.3,,False,0,2026-09-28 05:49:42.078546
406a63,EXS72LK ,United Kingdom,1790574575.0,1790574575,-1.6907,55.0395,,True,13.38,64.69,,,,,False,0,2026-09-28 05:49:42.078546
c03068,ROU1783 ,Canada,1790574365.0,1790574366,-157.494,21.448,3108.96,False,161.05,206.97,-2.93,,3291.84,,False,0,2026-09-28 05:49:42.078546
06a10a,QTR802  ,Qatar,1790574517.0,1790574517,120.8429,38.4484,11917.68,False,318.88,117.06,0.0,,12397.74,,False,0,2026-09-28 05:49:42.078546
801527,IGO087  ,India,1790574574.0,1790574574,51.4053,26.4166,4892.04,False,184.03,289.6,-2.28,,5181.6,4763,False,0,2026-09-28 05:49:42.078546
406a59,EXS22AS ,United Kingdom,1790574574.0,1790574574,-0.3854,51.5702,11049.0,False,217.18,135.67,8.13,,11308.08,3445,False,0,2026-09-28 05:49:42.078546
801532,IGO691Y ,India,1790574573.0,1790574574,77.6663,13.1901,1234.44,False,108.55,270.0,6.5,,1196.34,,False,0,2026-09-28 05:49:42.078546
06a129,QTR70E  ,Qatar,1790574574.0,1790574575,49.4997,26.8881,8534.4,False,235.47,327.49,0.0,,9037.32,2117,False,0,2026-09-28 05:49:42.078546
a51958,AAL297  ,United States,1790574574.0,1790574574,-157.638,21.3666,2758.44,False,158.15,241.43,0.0,,2918.46,,False,0,2026-09-28 05:49:42.078546
801534,AIC1RL  ,India,1790574575.0,1790574575,73.0913,18.9384,2621.28,False,130.01,57.44,-2.6,,2697.48,,False,0,2026-09-28 05:49:42.078546
06a120,QTR5Q   ,Qatar,1790574558.0,1790574575,49.1342,27.1513,8793.48,False,233.35,299.45,2.93,,9281.16,2170,False,0,2026-09-28 05:49:42.078546
406a3d,BAW1DL  ,United Kingdom,1790574574.0,1790574575,10.931,49.055,7101.84,False,211.96,317.75,7.48,,7475.22,6653,False,0,2026-09-28 05:49:42.078546
406a3e,BAW911U ,United Kingdom,1790574574.0,1790574574,8.2452,49.7866,3604.26,False,192.4,283.92,11.38,,3855.72,4127,False,0,2026-09-28 05:49:42.078546
06a11f,QTR756  ,Qatar,1790574574.0,1790574574,-9.3881,41.1667,11582.4,False,261.93,103.05,-0.33,,11948.16,3156,False,0,2026-09-28 05:49:42.078546
0d055f,XAAOV   ,Mexico,1790574574.0,1790574574,-115.7513,31.8196,12512.04,False,251.05,126.75,0.0,,13197.84,6550,False,0,2026-09-28 05:49:42.078546
8850b0,THA641  ,Thailand,1790574573.0,1790574574,121.7534,23.5067,12192.0,False,256.03,196.58,-0.33,,13030.2,,False,0,2026-09-28 05:49:42.078546
a87907,JIA5466 ,United States,1790574574.0,1790574574,-86.9241,36.1798,10668.0,False,230.79,102.49,0.0,,11079.48,1163,False,0,2026-09-28 05:49:42.078546
4404e6,EJU74CD ,Austria,1790574574.0,1790574574,-0.1758,51.1502,0.0,False,65.29,257.72,-0.98,,114.3,7341,False,0,2026-09-28 05:49:42.078546
407d74,BAW339  ,United Kingdom,1790574574.0,1790574575,5.1816,45.9894,11582.4,False,227.08,333.49,0.0,,12031.98,6772,False,0,2026-09-28 05:49:42.078546
06a12f,QTR51U  ,Qatar,1790574574.0,1790574574,-91.0811,34.5525,10058.4,False,261.43,75.06,0.0,,10507.98,2231,False,0,2026-09-28 05:49:42.078546
8730c1,JA92CP  ,Japan,1790574573.0,1790574574,140.2717,35.7333,502.92,False,44.09,168.56,0.0,,502.92,1200,False,0,2026-09-28 05:49:42.078546
06a12d,QTR7E   ,Qatar,1790572813.0,1790574574,16.784,51.8507,10972.8,False,241.16,319.41,0.0,,11056.62,5261,False,0,2026-09-28 05:49:42.078546
a14989,EJA182  ,United States,1790574567.0,1790574572,-74.0662,40.8467,,True,0.06,227.81,,,,,False,0,2026-09-28 05:49:42.078546
801506,IGO2373 ,India,1790574571.0,1790574571,77.0894,28.5581,,True,0.0,5.62,,,,,False,0,2026-09-28 05:49:42.078546
407d5b,WUK9836 ,United Kingdom,1790574574.0,1790574575,-3.7799,45.0163,11894.82,False,212.6,192.15,0.0,,12230.1,2261,False,0,2026-09-28 05:49:42.078546
801508,AKJ655Z ,India,1790574320.0,1790574483,73.3908,22.2901,10927.08,False,243.8,20.12,2.93,,11635.74,,False,0,2026-09-28 05:49:42.078546
06a149,QTR836  ,Qatar,1790574574.0,1790574574,94.0786,15.8167,12496.8,False,244.3,106.64,0.0,,13213.08,2122,False,0,2026-09-28 05:49:42.078546
06a147,QTR834  ,Qatar,1790574574.0,1790574574,100.7763,14.1682,2400.3,False,138.22,16.21,-5.2,,2491.74,2114,False,0,2026-09-28 05:49:42.078546
c0307a,ROU1748 ,Canada,1790574575.0,1790574575,-118.2776,34.0354,1623.06,False,116.07,83.13,-4.88,,1645.92,7036,False,0,2026-09-28 05:49:42.078546
06a145,QTR003  ,Qatar,1790574563.0,1790574571,49.7869,26.5291,8534.4,False,224.76,310.54,0.0,,9029.7,2116,False,0,2026-09-28 05:49:42.078546
06a140,QTR8401 ,Qatar,1790574574.0,1790574574,90.8916,22.3695,9144.0,False,273.94,277.45,0.0,,9715.5,5355,False,0,2026-09-28 05:49:42.078546
80154b,IGO703  ,India,1790574533.0,1790574534,79.7978,15.8632,10972.8,False,237.14,235.97,0.0,,11620.5,,False,0,2026-09-28 05:49:42.078546
a12378,UAL667  ,United States,1790574574.0,1790574574,-97.9174,43.424,11277.6,False,246.05,65.15,0.0,,11696.7,,False,0,2026-09-28 05:49:42.078546
80154d,IGO6376 ,India,1790574575.0,1790574575,75.9815,27.1617,9182.1,False,204.36,200.94,7.8,,9700.26,,False,0,2026-09-28 05:49:42.078546
06a13d,QTR928  ,Qatar,1790574574.0,1790574574,55.7922,25.1443,9448.8,False,265.65,78.49,0.0,,9974.58,2154,False,0,2026-09-28 05:49:42.078546
06a13b,QTR935  ,Qatar,1790574565.0,1790574565,90.4244,17.447,9753.6,False,264.36,288.61,0.0,,10370.82,2740,False,0,2026-09-28 05:49:42.078546
406a9c,BAW199  ,United Kingdom,1790574500.0,1790574500,72.8744,19.0888,22.86,False,76.66,269.23,-3.9,,22.86,,False,0,2026-09-28 05:49:42.078546
801562,IGO5125 ,India,1790574573.0,1790574574,72.7251,19.091,1699.26,False,126.35,300.32,15.28,,1714.5,,False,0,2026-09-28 05:49:42.078546
48c22e,RYR5440 ,Poland,1790574574.0,1790574574,15.8943,42.8591,11277.6,False,240.48,197.43,0.0,,11719.56,1000,False,0,2026-09-28 05:49:42.078546
48c22f,RYS2T   ,Poland,1790574574.0,1790574574,12.4976,46.9104,10363.2,False,229.47,234.03,0.0,,10797.54,1340,False,0,2026-09-28 05:49:42.078546
48c22d,RYS5005 ,Poland,1790574574.0,1790574575,12.6615,46.5377,10668.0,False,228.52,228.56,0.0,,11117.58,1341,False,0,2026-09-28 05:49:42.078546
48c22b,RYR6373 ,Poland,1790574574.0,1790574574,15.1874,43.0114,11277.6,False,240.02,197.08,0.0,,11719.56,1000,False,0,2026-09-28 05:49:42.078546
80155d,AKJ1802 ,India,1790574506.0,1790574506,77.1172,28.5659,,True,0.77,241.88,,,,,False,0,2026-09-28 05:49:42.078546
80155b,IGO074  ,India,1790574514.0,1790574514,53.4649,22.7044,11277.6,False,246.57,97.67,0.0,,11971.02,4267,False,0,2026-09-28 05:49:42.078546
48c239,RYS3008 ,Poland,1790574574.0,1790574574,22.6463,45.747,10972.8,False,213.48,348.74,0.0,,11262.36,6460,False,0,2026-09-28 05:49:42.078546
48c235,RYR9WM  ,Poland,1790574574.0,1790574575,0.803,51.6239,9144.0,False,211.28,273.35,0.0,,9418.32,1110,False,0,2026-09-28 05:49:42.078546
48c232,RYR72AV ,Poland,1790574574.0,1790574574,8.4718,45.2059,11277.6,False,227.89,235.48,0.0,,11711.94,1000,False,0,2026-09-28 05:49:42.078546
48c231,RYR5979 ,Poland,1790574434.0,1790574434,13.5055,52.3677,,True,2.57,160.31,,,,1000,False,0,2026-09-28 05:49:42.078546
406a95,EZY46MU ,United Kingdom,1790574570.0,1790574574,-1.7039,55.036,,True,1.29,272.81,,,,,False,0,2026-09-28 05:49:42.078546
406a93,EZY69RP ,United Kingdom,1790574574.0,1790574574,3.3592,53.4615,11262.36,False,219.79,126.15,0.0,,11559.54,4631,False,0,2026-09-28 05:49:42.078546
801571,IGO7304 ,India,1790574574.0,1790574574,88.5634,24.0974,3352.8,False,138.46,8.76,0.0,,3444.24,0415,False,0,2026-09-28 05:49:42.078546
48c229,RYR1502 ,Poland,1790574559.0,1790574574,18.825,58.2314,11277.6,False,246.42,126.51,0.0,,11574.78,6037,False,0,2026-09-28 05:49:42.078546
80152d,IGO207  ,India,1790574574.0,1790574574,84.6458,23.3331,10668.0,False,223.44,111.9,0.0,,11353.8,5427,False,0,2026-09-28 05:49:42.078546
406a91,EZY29DJ ,United Kingdom,1790574574.0,1790574574,-0.5517,51.3827,8831.58,False,191.22,145.41,-0.33,,9098.28,6352,False,0,2026-09-28 05:49:42.078546
48c228,,Poland,1790574407.0,1790574411,16.8803,51.1078,,True,0.19,295.31,,,,,False,0,2026-09-28 05:49:42.078546
48c225,RYR8VU  ,Poland,1790574575.0,1790574575,4.8348,53.244,11582.4,False,209.46,261.81,0.0,,11894.82,3101,False,0,2026-09-28 05:49:42.078546
48c220,RYR1990 ,Poland,1790574573.0,1790574573,14.6912,44.181,11277.6,False,227.01,120.81,0.0,,11727.18,0424,False,0,2026-09-28 05:49:42.078546
4404a4,EJU62VM ,Austria,1790574574.0,1790574574,1.9277,40.2747,8161.02,False,217.92,338.83,9.43,,8580.12,5556,False,0,2026-09-28 05:49:42.078546
09014b,DTA584  ,Angola,1790574567.0,1790574574,18.3334,-30.9716,11277.6,False,228.46,354.44,0.0,,11711.94,,False,0,2026-09-28 05:49:42.078546
80152f,IGO1062 ,India,1790574574.0,1790574574,80.1939,13.0835,1668.78,False,114.86,70.92,-2.6,,1661.16,,False,0,2026-09-28 05:49:42.078546
a1235b,UAL2296 ,United States,1790574574.0,1790574575,-71.3437,41.7614,3108.96,False,142.94,59.74,-1.95,,3147.06,2230,False,0,2026-09-28 05:49:42.078546
a8b4c6,FFT1157 ,United States,1790574574.0,1790574575,-82.6935,35.0976,10363.2,False,227.02,224.08,-0.33,,10805.16,1631,False,0,2026-09-28 05:49:42.078546
a851c3,QXE2192 ,United States,1790574378.0,1790574407,-127.4617,51.0923,10363.2,False,187.22,325.52,0.33,,10469.88,1660,False,0,2026-09-28 05:49:42.078546
7c1abb,VOZ9524 ,Australia,1790574575.0,1790574575,116.9413,-29.901,10363.2,False,193.08,202.4,0.0,,10546.08,1063,False,0,2026-09-28 05:49:42.078546
a0acf8,UAL658  ,United States,1790574574.0,1790574574,-112.2639,36.0757,10972.8,False,188.47,249.88,0.0,,11506.2,,False,0,2026-09-28 05:49:42.078546
80158c,AIC2018 ,India,1790574574.0,1790574574,77.1271,28.5375,388.62,False,77.24,283.48,-4.23,,342.9,,False,0,2026-09-28 05:49:42.078546
ac68ef,N899YF  ,United States,1790574476.0,1790574476,113.9667,21.4316,8001.0,False,232.01,176.19,9.43,,8435.34,5127,False,0,2026-09-28 05:49:42.078546
80159e,AIC119  ,India,1790574575.0,1790574575,-10.5164,52.6908,10363.2,False,232.6,312.94,0.0,,10386.06,4004,False,0,2026-09-28 05:49:42.078546
80159f,AIC44K  ,India,1790574574.0,1790574574,71.7786,18.9892,8488.68,False,216.17,95.87,-8.78,,8983.98,,False,0,2026-09-28 05:49:42.078546
a66cf7,DAL134  ,United States,1790574573.0,1790574573,4.7276,52.3251,,True,10.29,140.62,,,,7620,False,0,2026-09-28 05:49:42.078546
80159d,AIC237  ,India,1790574509.0,1790574509,77.0916,28.561,,True,11.32,104.06,,,,,False,0,2026-09-28 05:49:42.078546
80159a,IGO744E ,India,1790574572.0,1790574575,76.7326,12.0267,8671.56,False,229.43,25.36,8.45,,9189.72,,False,0,2026-09-28 05:49:42.078546
874518,ANA473  ,Japan,1790574574.0,1790574574,137.3609,34.5775,12184.38,False,220.22,238.76,-0.33,,12908.28,0405,False,0,2026-09-28 05:49:42.078546
3432c5,SWT7770 ,Spain,1790574370.0,1790574371,2.392,39.3604,1729.74,False,131.06,47.23,-8.13,,1874.52,,False,0,2026-09-28 05:49:42.078546
80157c,AKJ266N ,India,1790574573.0,1790574574,76.0136,26.8899,9791.7,False,224.08,203.98,2.93,,10355.58,,False,0,2026-09-28 05:49:42.078546
86cea3,SNJ16   ,Japan,1790574574.0,1790574574,140.0367,35.2431,3299.46,False,164.4,48.68,-3.9,,3489.96,2365,False,0,2026-09-28 05:49:42.078546
78090f,CCA8328 ,China,1790574428.0,1790574510,113.9807,23.5885,5334.0,False,209.05,79.08,-0.33,,5707.38,,False,0,2026-09-28 05:49:42.078546
501865,CAI4H   ,Croatia,,1790574444,,,,False,173.15,8.37,-8.78,,,,False,0,2026-09-28 05:49:42.078546
801597,AIC2116 ,India,1790574574.0,1790574574,103.1128,2.5004,8732.52,False,235.89,308.27,2.6,,9326.88,2220,False,0,2026-09-28 05:49:42.078546
ac42bf,SWA4514 ,United States,1790574575.0,1790574575,-122.7535,39.6602,10485.12,False,240.44,177.67,-4.88,,10713.72,3303,False,0,2026-09-28 05:49:42.078546
801594,AXB1047 ,India,1790574566.0,1790574566,77.0981,28.5703,,True,19.03,270.0,,,,,False,0,2026-09-28 05:49:42.078546
407d4c,TOM654  ,United Kingdom,1790574467.0,1790574467,-0.167,51.1595,,True,0.06,298.12,,,,,False,0,2026-09-28 05:49:42.078546
3445d4,IBE07TT ,Spain,1790574574.0,1790574574,-3.5444,40.5813,1409.7,False,87.32,21.43,10.4,,1531.62,1000,False,0,2026-09-28 05:49:42.078546
440582,EJU7543 ,Austria,1790574574.0,1790574574,-7.3356,38.8391,11353.8,False,230.12,12.92,4.88,,11772.9,4747,False,0,2026-09-28 05:49:42.078546
44056b,EJU8402 ,Austria,1790574574.0,1790574574,-0.0313,51.1699,541.02,False,88.39,257.91,-3.58,,655.32,7554,False,0,2026-09-28 05:49:42.078546
aca5e5,DAL2762 ,United States,1790574574.0,1790574575,-122.4253,38.795,9311.64,False,243.72,205.1,-4.88,,9486.9,6037,False,0,2026-09-28 05:49:42.078546
500556,T7NYC   ,San Marino,1790574574.0,1790574574,86.3549,19.7206,13716.0,False,231.36,135.18,0.0,,14409.42,0446,False,0,2026-09-28 05:49:42.078546
a0ae33,DAL1582 ,United States,1790574574.0,1790574574,-116.187,40.3141,11582.4,False,198.89,256.54,0.0,,11955.78,6017,False,0,2026-09-28 05:49:42.078546
39cdce,FWI41D  ,France,1790569849.0,1790574565,2.3733,48.7283,,True,0.0,345.94,,,,1000,False,0,2026-09-28 05:49:42.078546
440570,PEV100  ,Austria,1790574574.0,1790574575,16.5136,48.1292,175.26,False,59.59,116.12,-3.25,,320.04,1000,False,0,2026-09-28 05:49:42.078546
407d46,LOG3HP  ,United Kingdom,1790574574.0,1790574574,-1.946,56.6947,3977.64,False,125.85,170.11,0.0,,4008.12,1425,False,0,2026-09-28 05:49:42.078546
adfb16,00000000,United States,,1790574575,,,,False,0.0,0.0,0.0,,,,False,0,2026-09-28 05:49:42.078546
ac42df,SWA4984 ,United States,1790574574.0,1790574574,-113.0993,38.8728,11582.4,False,196.15,261.4,0.0,,12054.84,5662,False,0,2026-09-28 05:49:42.078546
407d44,WUK84LR ,United Kingdom,1790574574.0,1790574574,2.8256,52.0891,9669.78,False,245.11,87.47,4.88,,9982.2,3451,False,0,2026-09-28 05:49:42.078546
851826,JAL610  ,Japan,1790574574.0,1790574574,139.8089,35.6045,320.04,False,73.5,215.02,-3.58,,320.04,2270,False,0,2026-09-28 05:49:42.078546
780957,CSH7246 ,China,1790574574.0,1790574574,116.7852,40.146,9479.28,False,206.71,351.12,0.0,,9745.98,,False,0,2026-09-28 05:49:42.078546
406a03,BAW212  ,United Kingdom,1790574574.0,1790574574,-0.1446,51.3493,2019.3,False,136.04,77.33,-4.88,,2133.6,7640,False,0,2026-09-28 05:49:42.078546
a87942,QXE2112 ,United States,1790574574.0,1790574574,-122.9189,45.3536,4183.38,False,173.58,194.94,10.08,,4282.44,6620,False,0,2026-09-28 05:49:42.078546
440589,EJU39GT ,Austria,1790574574.0,1790574574,11.9848,42.2965,6156.96,False,187.98,343.3,12.68,,6492.24,,False,0,2026-09-28 05:49:42.078546
3c061d,LUA596M ,Germany,1790573834.0,1790574574,18.4688,54.3768,8168.64,False,77.01,290.74,15.28,,,1000,False,0,2026-09-28 05:49:42.078546
851848,JAL3512 ,Japan,1790574574.0,1790574574,138.3995,38.6863,11582.4,False,170.16,228.31,0.0,,12085.32,,False,0,2026-09-28 05:49:42.078546
885102,THA940  ,Thailand,1790574574.0,1790574574,71.7661,28.9541,11582.4,False,255.78,318.26,0.0,,12169.14,,False,0,2026-09-28 05:49:42.078546
06a0a6,QTR1346 ,Qatar,1790574409.0,1790574409,36.7136,-0.1442,8542.02,False,248.76,338.53,9.43,,8214.36,,False,0,2026-09-28 05:49:42.078546
7892a6,HKE700  ,China,1790574574.0,1790574574,114.0489,21.8504,5463.54,False,193.22,169.26,8.13,,5798.82,,False,0,2026-09-28 05:49:42.078546
7892a4,HKE136  ,China,1790574574.0,1790574575,119.9688,22.11,4084.32,False,189.73,53.38,-9.43,,4358.64,,False,0,2026-09-28 05:49:42.078546
407bdc,RUK3DN  ,United Kingdom,1790574574.0,1790574575,-3.5338,55.3246,4198.62,False,159.96,328.82,-7.48,,4259.58,5167,False,0,2026-09-28 05:49:42.078546
c819dd,ANZ235L ,New Zealand,1790574574.0,1790574574,175.208,-41.0722,4335.78,False,126.53,210.0,-5.85,,4267.2,,False,0,2026-09-28 05:49:42.078546
c819df,ANZ143L ,New Zealand,1790574574.0,1790574574,175.8196,-37.5214,2712.72,False,153.46,101.8,-10.4,,2735.58,,False,0,2026-09-28 05:49:42.078546
a78e09,AAL1256 ,United States,1790574574.0,1790574575,-96.3908,32.3349,6111.24,False,193.17,315.54,-11.05,,6446.52,2067,False,0,2026-09-28 05:49:42.078546
06a0b3,QTR6G   ,Qatar,1790574574.0,1790574574,50.7056,26.2359,8519.16,False,231.54,294.97,2.93,,9022.08,2164,False,0,2026-09-28 05:49:42.078546
06a0b0,QTR649  ,Qatar,1790574573.0,1790574573,77.041,26.0615,12192.0,False,246.74,257.35,-0.33,,12915.9,,False,0,2026-09-28 05:49:42.078546
7892ab,CPA770  ,China,1790574574.0,1790574574,100.375,11.5941,10995.66,False,230.89,42.29,3.58,,,,False,0,2026-09-28 05:49:42.078546
a42e07,RFS711  ,United States,1790574574.0,1790574574,-122.8352,46.7761,2255.52,False,59.82,183.95,0.0,,2270.76,,False,0,2026-09-28 05:49:42.078546
440549,AUA79Z  ,Austria,1790574574.0,1790574574,24.0136,41.6621,10736.58,False,248.91,144.93,-4.88,,11056.62,7106,False,0,2026-09-28 05:49:42.078546
88510e,THA936  ,Thailand,1790574574.0,1790574574,85.8898,24.1547,12192.0,False,254.7,304.3,0.0,,12938.76,6136,False,0,2026-09-28 05:49:42.078546
06a0c0,QTR854  ,Qatar,1790574574.0,1790574574,101.6017,3.0761,2316.48,False,128.05,315.0,-2.6,,2453.64,,False,0,2026-09-28 05:49:42.078546
a388b1,N327DW  ,United States,1790574570.0,1790574570,-85.2459,44.9782,2697.48,False,113.59,36.71,0.0,,2766.06,,False,0,2026-09-28 05:49:42.078546
88510b,THA960  ,Thailand,1790574422.0,1790574458,69.7786,32.6404,12192.0,False,242.97,308.03,0.0,,12740.64,,False,0,2026-09-28 05:49:42.078546
adb35c,JBU923  ,United States,1790574574.0,1790574574,-101.3943,38.9788,10363.2,False,198.99,248.14,0.0,,10866.12,7116,False,0,2026-09-28 05:49:42.078546
06a0bd,QTR571  ,Qatar,1790574574.0,1790574574,74.7918,28.6514,10637.52,False,242.13,263.9,12.03,,11239.5,,False,0,2026-09-28 05:49:42.078546
06a0ba,QTR1481 ,Qatar,1790574574.0,1790574574,51.4259,25.3004,2430.78,False,152.28,167.51,11.38,,2552.7,2177,False,0,2026-09-28 05:49:42.078546
ac308f,AAL110  ,United States,1790574574.0,1790574575,-5.1884,49.5125,12184.38,False,253.22,126.24,0.0,,12382.5,5241,False,0,2026-09-28 05:49:42.078546
8013c2,AIC111  ,India,1790574445.0,1790574479,38.4159,33.0578,11582.4,False,234.67,333.15,-0.65,,12138.66,,False,0,2026-09-28 05:49:42.078546
47a0bf,NOZ5DP  ,Norway,1790574574.0,1790574575,10.6724,61.3302,6819.9,False,178.27,168.85,-11.38,,6972.3,,False,0,2026-09-28 05:49:42.078546
680009,BTN773  ,Bhutan,1790574574.0,1790574574,79.0501,28.0495,7688.58,False,208.89,303.14,-11.05,,8115.3,,False,0,2026-09-28 05:49:42.078546
342188,IBS16QT ,Spain,1790574574.0,1790574575,-1.5104,39.7372,9761.22,False,226.15,123.87,0.0,,10248.9,1000,False,0,2026-09-28 05:49:42.078546
a3a086,UAL2651 ,United States,1790574573.0,1790574573,-122.3135,47.4529,,True,11.32,180.0,,,,0675,False,0,2026-09-28 05:49:42.078546
06a0e8,QTR812  ,Qatar,1790574573.0,1790574574,54.1077,24.788,9540.24,False,265.92,82.11,6.5,,10058.4,1544,False,0,2026-09-28 05:49:42.078546
8013d6,AIC2381 ,India,1790574573.0,1790574573,78.1446,25.9552,10965.18,False,243.03,338.0,0.33,,11643.36,,False,0,2026-09-28 05:49:42.078546
06a0e6,QTR944  ,Qatar,1790574573.0,1790574573,53.7343,24.6902,9532.62,False,275.32,105.39,5.53,,10058.4,2103,False,0,2026-09-28 05:49:42.078546
06a0e7,QTR943  ,Qatar,1790574574.0,1790574574,79.6697,12.0539,13106.4,False,262.11,293.85,0.0,,13784.58,,False,0,2026-09-28 05:49:42.078546
c041b9,WJA469  ,Canada,1790574574.0,1790574574,-107.9302,52.5269,10972.8,False,209.1,278.49,0.0,,10995.66,,False,0,2026-09-28 05:49:42.078546
505fa0,SQF901  ,Slovakia,1790574574.0,1790574574,20.2018,46.795,12489.18,False,260.22,126.24,-0.33,,12870.18,1000,False,0,2026-09-28 05:49:42.078546
ac9e23,ASA1723 ,United States,1790574572.0,1790574572,-122.3063,47.4512,,True,7.72,180.0,,,,6334,False,0,2026-09-28 05:49:42.078546
06a0db,QTR73U  ,Qatar,1790574516.0,1790574523,48.688,27.3741,9144.0,False,234.9,299.09,0.0,,9677.4,2120,False,0,2026-09-28 05:49:42.078546
4acaa2,SAS78A  ,Sweden,1790574575.0,1790574575,5.2218,60.3443,975.36,False,102.2,51.75,9.1,,1013.46,,False,0,2026-09-28 05:49:42.078546
4acaa5,SAS4079 ,Sweden,1790574574.0,1790574574,10.7328,61.4682,7429.5,False,173.06,194.28,-9.75,,7589.52,,False,0,2026-09-28 05:49:42.078546
4acaa4,SAS1995 ,Sweden,1790574574.0,1790574574,9.329,51.0108,11277.6,False,220.73,193.62,0.0,,11696.7,0757,False,0,2026-09-28 05:49:42.078546
8013a3,AIC3XP  ,India,1790574496.0,1790574500,77.109,28.5414,297.18,False,68.87,283.83,-3.9,,220.98,,False,0,2026-09-28 05:49:42.078546
155bfa,LLM174  ,Russian Federation,1790574488.0,1790574567,57.9755,64.1754,10972.8,False,184.58,244.93,-0.33,,11155.68,,False,0,2026-09-28 05:49:42.078546
06a0eb,QTR706  ,Qatar,1790574574.0,1790574574,-70.1019,40.5064,10058.4,False,264.22,74.53,-0.33,,10424.16,0674,False,0,2026-09-28 05:49:42.078546
06a0ea,QTR119  ,Qatar,1790574574.0,1790574574,5.8093,50.4778,12192.0,False,235.14,300.21,0.0,,12542.52,3276,False,0,2026-09-28 05:49:42.078546
8013b2,AIC8WV  ,India,1790574517.0,1790574517,73.4,22.313,11277.6,False,249.16,20.04,0.0,,11963.4,,False,0,2026-09-28 05:49:42.078546
a255ee,N25JA   ,United States,1790574574.0,1790574574,-151.2096,60.5995,403.86,False,64.06,209.86,-5.2,,220.98,0273,False,0,2026-09-28 05:49:42.078546
880db6,STF09   ,Thailand,1790574297.0,1790574297,100.6364,13.9617,274.32,False,61.26,209.15,-3.25,,259.08,,False,0,2026-09-28 05:49:42.078546
7c2e75,JGN     ,Australia,1790574575.0,1790574575,138.5505,-34.7666,228.6,False,53.13,316.57,-0.65,,335.28,,False,0,2026-09-28 05:49:42.078546
06a0fa,QTR61E  ,Qatar,1790574573.0,1790574574,51.1304,26.0565,5928.36,False,217.2,297.35,5.85,,6278.88,2112,False,0,2026-09-28 05:49:42.078546
ac696c,SWA3731 ,United States,1790574574.0,1790574574,-112.1696,34.2118,5501.64,False,181.63,167.74,-10.4,,5775.96,3316,False,0,2026-09-28 05:49:42.078546
71c752,TWB605  ,Republic of Korea,1790574564.0,1790574564,119.3443,37.5693,8412.48,False,188.54,264.83,0.0,,8778.24,,False,0,2026-09-28 05:49:42.078546
8013fd,IGO5052 ,India,1790574574.0,1790574574,78.0392,28.268,4876.8,False,150.91,293.51,0.0,,5074.92,,False,0,2026-09-28 05:49:42.078546
8013fe,AIC9DF  ,India,1790574574.0,1790574574,77.213,28.417,3040.38,False,117.66,103.91,-5.85,,3116.58,,False,0,2026-09-28 05:49:42.078546
71c753,TWB723  ,Republic of Korea,1790574574.0,1790574575,126.8016,36.0541,7315.2,False,209.17,185.08,0.0,,7673.34,7404,False,0,2026-09-28 05:49:42.078546
71c754,TWB244  ,Republic of Korea,1790574574.0,1790574575,138.6,36.0072,8534.4,False,216.6,270.82,0.0,,9052.56,7011,False,0,2026-09-28 05:49:42.078546
88517a,THA622  ,Thailand,1790574574.0,1790574574,134.9658,34.3741,2468.88,False,138.49,37.0,0.0,,2606.04,,False,0,2026-09-28 05:49:42.078546
a8b5ad,,United States,1790574574.0,1790574574,-122.3064,47.4406,,True,9.26,180.0,,,,,False,0,2026-09-28 05:49:42.078546
71c740,JJA1104 ,Republic of Korea,1790574574.0,1790574574,138.1421,36.0108,9906.0,False,202.7,270.44,9.1,,10500.36,7004,False,0,2026-09-28 05:49:42.078546
aa02ab,AAL1224 ,United States,1790574574.0,1790574574,-88.0665,41.2988,6309.36,False,223.72,194.52,10.08,,6568.44,,False,0,2026-09-28 05:49:42.078546
71c742,PTA532  ,Republic of Korea,1790574574.0,1790574575,140.2917,41.3784,10187.94,False,189.34,201.69,4.23,,10523.22,,False,0,2026-09-28 05:49:42.078546
88516e,THA970  ,Thailand,1790574574.0,1790574574,89.6136,21.9316,9144.0,False,275.23,303.72,0.0,,9707.88,6126,False,0,2026-09-28 05:49:42.078546
a41b66,ABX505  ,United States,1790574575.0,1790574575,-95.7927,38.5904,10363.2,False,224.59,253.23,-0.33,,10797.54,6726,False,0,2026-09-28 05:49:42.078546
4acaa6,SAS69L  ,Sweden,1790574574.0,1790574574,11.0951,60.2012,,True,10.29,106.88,,,,,False,0,2026-09-28 05:49:42.078546
4bb745,HMZ772  ,Turkey,1790574536.0,1790574537,32.5684,38.9615,12542.52,False,270.31,74.77,2.93,,12893.04,1022,False,0,2026-09-28 05:49:42.078546
06a19f,QTR36A  ,Qatar,,1790574432,,,,False,257.24,297.38,0.0,,,,False,0,2026-09-28 05:49:42.078546
06a19d,QTR932  ,Qatar,1790574286.0,1790574286,101.8749,13.4329,10058.4,False,256.11,93.34,0.0,,10721.34,2131,False,0,2026-09-28 05:49:42.078546
8013f8,IGO19M  ,India,1790574575.0,1790574575,56.0828,25.1849,11269.98,False,260.31,90.23,0.0,,11910.06,2105,False,0,2026-09-28 05:49:42.078546
7808a9,CCA928  ,China,1790574574.0,1790574574,132.5486,35.5102,11582.4,False,198.59,282.42,0.0,,12245.34,,False,0,2026-09-28 05:49:42.078546
71c768,PTA512  ,Republic of Korea,1790574574.0,1790574574,135.1229,34.4151,1333.5,False,103.48,252.65,13.33,,1417.32,,False,0,2026-09-28 05:49:42.078546
71c762,ESR607  ,Republic of Korea,1790574574.0,1790574574,129.6825,37.2518,10058.4,False,277.3,121.42,0.0,,10515.6,7156,False,0,2026-09-28 05:49:42.078546
71c763,ESR214  ,Republic of Korea,1790574574.0,1790574574,126.9547,37.4252,1028.7,False,92.03,315.23,-4.55,,1074.42,5043,False,0,2026-09-28 05:49:42.078546
a7a8ed,DAL2794 ,United States,1790574574.0,1790574575,-114.321,36.1946,6598.92,False,219.16,90.27,7.48,,6865.62,,False,0,2026-09-28 05:49:42.078546
71c764,ESR274  ,Republic of Korea,1790574575.0,1790574575,127.0231,36.7654,4648.2,False,199.6,42.08,-10.08,,4846.32,5040,False,0,2026-09-28 05:49:42.078546
404804,,United Kingdom,,1790574408,,,,False,174.17,26.11,12.68,,,,False,0,2026-09-28 05:49:42.078546
710db9,,Saudi Arabia,,1790574555,,,10576.56,False,238.52,156.75,3.58,,11262.36,4502,False,0,2026-09-28 05:49:42.078546
4a2185,AEZ2114 ,Romania,1790574574.0,1790574574,13.9637,38.9281,10363.2,False,227.33,356.37,0.0,,10782.3,5444,False,0,2026-09-28 05:49:42.078546
a13748,DAL148  ,United States,1790574574.0,1790574574,13.5931,37.3091,10325.1,False,242.71,146.85,-8.45,,10797.54,1143,False,0,2026-09-28 05:49:42.078546
71c719,JJA1105 ,Republic of Korea,1790574574.0,1790574575,138.5308,36.85,9448.8,False,268.1,80.5,0.0,,9982.2,3126,False,0,2026-09-28 05:49:42.078546
4a2183,HLJ4AB  ,Romania,1790574574.0,1790574574,14.6256,50.0052,2727.96,False,176.36,160.93,12.03,,2926.08,5171,False,0,2026-09-28 05:49:42.078546
4a2181,HLJ2EY  ,Romania,1790573681.0,1790574575,15.2331,49.1157,10736.58,False,232.29,155.54,6.83,,8465.82,4554,False,0,2026-09-28 05:49:42.078546
7808c0,CSN5181 ,China,1790574418.0,1790574457,114.398,23.966,7856.22,False,215.17,33.2,3.58,,8420.1,,False,0,2026-09-28 05:49:42.078546
71c710,KAL711  ,Republic of Korea,1790574575.0,1790574575,140.6289,36.2533,3162.3,False,156.85,133.27,-4.88,,3322.32,4303,False,0,2026-09-28 05:49:42.078546
5004e2,MEA225  ,San Marino,1790574574.0,1790574575,26.2979,44.5662,10370.82,False,236.93,321.61,0.0,,10637.52,5265,False,0,2026-09-28 05:49:42.078546
71c704,APZ802  ,Republic of Korea,1790574570.0,1790574573,113.7324,22.252,1737.36,False,131.93,218.03,13.66,,1828.8,,False,0,2026-09-28 05:49:42.078546
4403bb,EJU62GX ,Austria,1790574574.0,1790574574,0.2075,45.3541,11582.4,False,233.78,341.92,-0.33,,11978.64,5377,False,0,2026-09-28 05:49:42.078546
71c709,PTA502  ,Republic of Korea,1790574574.0,1790574574,140.4288,35.6901,1150.62,False,99.29,150.51,4.23,,1196.34,7017,False,0,2026-09-28 05:49:42.078546
39bb25,AFR16TL ,France,1790574574.0,1790574574,2.3176,49.0133,876.3,False,91.85,85.5,-5.85,,990.6,1000,False,0,2026-09-28 05:49:42.078546
39bb27,AFR25XW ,France,1790574574.0,1790574574,2.8092,49.0392,1790.7,False,138.97,27.32,7.48,,1927.86,,False,0,2026-09-28 05:49:42.078546
71c701,APZ732  ,Republic of Korea,1790574574.0,1790574574,126.9536,37.1976,2621.28,False,120.87,258.21,-2.93,,2712.72,3141,False,0,2026-09-28 05:49:42.078546
a1373d,DAL319  ,United States,1790574574.0,1790574574,-122.3766,37.6123,,True,7.2,109.69,,,,,False,0,2026-09-28 05:49:42.078546
39bb20,AFR94FR ,France,1790574574.0,1790574575,-3.9567,53.2278,8976.36,False,242.35,93.89,5.53,,9090.66,6354,False,0,2026-09-28 05:49:42.078546
39bb21,AFR69SA ,France,1790574574.0,1790574575,-1.8274,52.3545,8084.82,False,193.05,146.52,9.43,,8275.32,6315,False,0,2026-09-28 05:49:42.078546
39bb22,AFR93YT ,France,1790574574.0,1790574575,2.6191,48.9994,464.82,False,73.92,84.41,10.08,,563.88,,False,0,2026-09-28 05:49:42.078546
39bb23,AFR38AZ ,France,1790574574.0,1790574574,2.5783,48.4522,6416.04,False,172.93,186.49,7.48,,6690.36,1000,False,0,2026-09-28 05:49:42.078546
885179,THA920  ,Thailand,1790574574.0,1790574574,80.524,27.079,10363.2,False,260.72,317.56,0.0,,11003.28,,False,0,2026-09-28 05:49:42.078546
885176,THA683  ,Thailand,1790574452.0,1790574452,139.7694,35.5502,,True,0.45,123.75,,,,,False,0,2026-09-28 05:49:42.078546
885170,THA917  ,Thailand,1790574575.0,1790574575,78.0268,29.0575,11277.6,False,254.9,132.38,0.0,,11948.16,,False,0,2026-09-28 05:49:42.078546
885171,THA332  ,Thailand,1790574575.0,1790574575,98.6635,15.0424,10957.56,False,259.13,96.96,-4.88,,12641.58,0545,False,0,2026-09-28 05:49:42.078546
71c730,KAL2102 ,Republic of Korea,1790574484.0,1790574489,126.8128,37.5386,99.06,False,74.57,315.28,-3.9,,129.54,6114,False,0,2026-09-28 05:49:42.078546
39ce24,FWI51W  ,France,1790574574.0,1790574574,-6.2916,46.5467,12496.8,False,269.34,73.12,0.0,,12733.02,2000,False,0,2026-09-28 05:49:42.078546
4403f0,EJU69DQ ,Austria,1790574525.0,1790574528,15.8457,44.1811,4594.86,False,215.6,164.07,-12.03,,4869.18,1000,False,0,2026-09-28 05:49:42.078546
8409ed,JTA54   ,Japan,1790574563.0,1790574563,130.1048,33.9229,2011.68,False,120.15,57.06,-4.23,,2194.56,,False,0,2026-09-28 05:49:42.078546
704458,MMA338  ,Myanmar,1790574574.0,1790574574,96.7005,19.3203,10972.8,False,242.06,346.23,-0.33,,11704.32,0736,False,0,2026-09-28 05:49:42.078546
710dbc,KNE373  ,Saudi Arabia,1790574574.0,1790574574,54.2551,22.603,10660.38,False,255.66,98.1,0.0,,11315.7,4242,False,0,2026-09-28 05:49:42.078546
4403dd,HELI3   ,Austria,1790574538.0,1790574570,12.1477,47.7067,746.76,False,69.45,337.8,-3.58,,876.3,7000,False,0,2026-09-28 05:49:42.078546
7808f3,CSC8703 ,China,1790574566.0,1790574570,111.1839,23.3421,8694.42,False,230.17,102.39,-4.88,,9296.4,,False,0,2026-09-28 05:49:42.078546
0ac9c3,AVA205  ,Colombia,1790574574.0,1790574574,-79.8234,39.383,10972.8,False,230.51,181.02,-0.33,,11353.8,6315,False,0,2026-09-28 05:49:42.078546
a05dbc,UAL481  ,United States,1790574574.0,1790574574,-110.2003,39.7119,10363.2,False,193.74,257.74,0.0,,10820.4,3232,False,0,2026-09-28 05:49:42.078546
4b1815,SWR1PM  ,Switzerland,1790574574.0,1790574574,10.6982,49.9992,11894.82,False,217.7,199.46,0.0,,12313.92,1000,False,0,2026-09-28 05:49:42.078546
4b1817,SWR1ET  ,Switzerland,1790574574.0,1790574574,1.3345,43.5771,11582.4,False,249.29,55.42,0.0,,12031.98,1000,False,0,2026-09-28 05:49:42.078546
4b1819,SWR2CL  ,Switzerland,1790574575.0,1790574575,9.0885,46.2582,9616.44,False,235.01,156.52,8.13,,10050.78,1000,False,0,2026-09-28 05:49:42.078546
7c6b2d,JST460  ,Australia,1790574574.0,1790574574,152.965,-29.6769,4693.92,False,195.02,345.49,-9.75,,4930.14,1342,False,0,2026-09-28 05:49:42.078546
4b1813,EDW200E ,Switzerland,1790574574.0,1790574574,-2.3332,42.6565,11262.36,False,197.63,243.57,0.0,,11681.46,3736,False,0,2026-09-28 05:49:42.078546
88044d,AIQ3159 ,Thailand,1790574575.0,1790574575,100.0898,12.5244,10972.8,False,240.59,3.06,-0.33,,11734.8,,False,0,2026-09-28 05:49:42.078546
7c6b41,JST707  ,Australia,1790574325.0,1790574326,147.1209,-42.4225,2286.0,False,159.73,158.06,-2.28,,2453.64,4370,False,0,2026-09-28 05:49:42.078546
7c6b40,JST838  ,Australia,1790574564.0,1790574570,151.1782,-33.9362,,True,0.06,191.25,,,,,False,0,2026-09-28 05:49:42.078546
440da5,EJU82GR ,Austria,1790574574.0,1790574574,-8.626,41.6786,10355.58,False,242.03,6.96,0.33,,10721.34,2007,False,0,2026-09-28 05:49:42.078546
880455,AIQ3543 ,Thailand,1790574573.0,1790574574,100.5426,14.4408,2072.64,False,101.48,154.47,-3.9,,2179.32,,False,0,2026-09-28 05:49:42.078546
4b1803,SWR12K  ,Switzerland,1790574550.0,1790574574,8.5554,47.456,358.14,True,0.0,5.62,,,,1000,False,0,2026-09-28 05:49:42.078546
4b1804,SWR850  ,Switzerland,1790574569.0,1790574572,8.5626,47.4414,,True,0.0,334.69,,,,1000,False,0,2026-09-28 05:49:42.078546
4b1805,SWR3PE  ,Switzerland,1790574570.0,1790574572,8.5615,47.4485,350.52,True,0.0,64.69,,,,1000,False,0,2026-09-28 05:49:42.078546
4b1806,SWR9Q   ,Switzerland,1790574568.0,1790574572,8.5678,47.455,,True,0.0,132.19,,,,1000,False,0,2026-09-28 05:49:42.078546
4b1801,SWR257  ,Switzerland,1790574573.0,1790574574,20.2601,42.8608,11689.08,False,208.97,307.1,2.93,,12070.08,6016,False,0,2026-09-28 05:49:42.078546
7c6b31,JST186  ,Australia,1790574574.0,1790574574,156.6683,-30.2743,10363.2,False,213.82,319.49,0.0,,10591.8,,False,0,2026-09-28 05:49:42.078546
7c35cf,KWX     ,Australia,1790574574.0,1790574574,152.8577,-26.4663,1150.62,False,71.43,41.5,0.0,,1318.26,,False,0,2026-09-28 05:49:42.078546
4952ca,TAP9RH  ,Portugal,1790574574.0,1790574574,-0.6092,43.7341,10058.4,False,214.69,253.43,-0.33,,10477.5,3025,False,0,2026-09-28 05:49:42.078546
4952cb,TAP98CX ,Portugal,1790574574.0,1790574574,-10.3789,37.7796,6987.54,False,221.79,62.96,-10.08,,7315.2,3342,False,0,2026-09-28 05:49:42.078546
4952cc,TAP945  ,Portugal,1790574574.0,1790574574,-3.2402,42.4827,11879.58,False,198.08,235.15,0.0,,12283.44,5776,False,0,2026-09-28 05:49:42.078546
7c6b38,JST891  ,Australia,1790574574.0,1790574575,152.6344,-28.7411,10972.8,False,206.82,201.91,-0.33,,11277.6,1005,False,0,2026-09-28 05:49:42.078546
4952cd,TAP1546 ,Portugal,1790574573.0,1790574573,-9.7989,36.7453,11582.4,False,228.09,14.63,0.0,,12054.84,,False,0,2026-09-28 05:49:42.078546
4952ce,TAP675  ,Portugal,1790574574.0,1790574575,2.5266,49.2402,10668.0,False,221.37,227.45,-0.33,,11049.0,2114,False,0,2026-09-28 05:49:42.078546
7c6b36,JST749  ,Australia,1790574574.0,1790574574,151.0409,-34.629,5509.26,False,198.67,199.51,8.78,,5715.0,4261,False,0,2026-09-28 05:49:42.078546
7c6b19,JST764  ,Australia,1790574574.0,1790574574,149.7397,-33.9126,9540.24,False,206.42,262.7,5.85,,9784.08,3275,False,0,2026-09-28 05:49:42.078546
4952d2,TAP575  ,Portugal,1790574574.0,1790574574,-4.3417,45.0563,11269.98,False,204.48,218.05,0.0,,11605.26,5205,False,0,2026-09-28 05:49:42.078546
4952d3,TAP53EI ,Portugal,1790574574.0,1790574574,0.7272,48.1163,11277.6,False,201.16,229.88,0.0,,11628.12,1112,False,0,2026-09-28 05:49:42.078546
7c6b0e,JST680  ,Australia,1790574575.0,1790574575,140.5194,-36.4144,10355.58,False,217.05,302.71,0.33,,10690.86,3750,False,0,2026-09-28 05:49:42.078546
a162e6,N189JC  ,United States,1790574573.0,1790574574,-119.1242,36.298,952.5,False,51.65,354.86,0.0,,922.02,,False,0,2026-09-28 05:49:42.078546
4b181e,SWR4DX  ,Switzerland,1790574574.0,1790574574,8.1565,47.3507,4899.66,False,131.37,333.23,-5.2,,5196.84,1000,False,0,2026-09-28 05:49:42.078546
ac96be,AAL1191 ,United States,1790574570.0,1790574574,-115.1362,36.082,,True,0.0,272.81,,,,4667,False,0,2026-09-28 05:49:42.078546
4952d0,TAP63GL ,Portugal,1790574574.0,1790574575,-3.0906,49.0784,11285.22,False,204.15,201.59,0.0,,11536.68,5205,False,0,2026-09-28 05:49:42.078546
4952d1,TAP9021 ,Portugal,1790574412.0,1790574412,-11.2618,34.1417,11590.02,False,226.55,28.78,0.0,,12100.56,,False,0,2026-09-28 05:49:42.078546
aaa6dd,AAL904  ,United States,1790574569.0,1790574569,-59.4738,7.6165,11582.4,False,242.76,332.35,0.0,,12306.3,,False,0,2026-09-28 05:49:42.078546
4b181a,SWR756C ,Switzerland,1790574575.0,1790574575,8.5129,47.4609,853.44,False,83.91,276.69,13.98,,982.98,1000,False,0,2026-09-28 05:49:42.078546
4b181b,SWR8AD  ,Switzerland,1790574574.0,1790574575,8.426,47.9253,4198.62,False,134.31,312.98,-5.85,,4472.94,0752,False,0,2026-09-28 05:49:42.078546
4952c1,TAP9ML  ,Portugal,1790574574.0,1790574574,-3.3847,40.2022,11277.6,False,204.7,252.75,-0.33,,11727.18,4003,False,0,2026-09-28 05:49:42.078546
440daf,EJU35WH ,Austria,1790574574.0,1790574574,-6.61,40.7475,11582.4,False,244.09,44.91,-0.33,,11986.26,2004,False,0,2026-09-28 05:49:42.078546
c822df,SKL8    ,New Zealand,1790574574.0,1790574574,174.5816,-36.595,3322.32,False,127.24,342.59,0.0,,3375.66,,False,0,2026-09-28 05:49:42.078546
4b180c,SWR47W  ,Switzerland,1790574574.0,1790574574,8.4114,49.4265,9852.66,False,228.42,155.8,-5.2,,10279.38,1000,False,0,2026-09-28 05:49:42.078546
7c6b18,JST720  ,Australia,1790574573.0,1790574574,148.2695,-39.2996,11277.6,False,246.64,8.64,0.0,,11468.1,7602,True,0,2026-09-28 05:49:42.078546
7c6b17,JST608  ,Australia,1790574575.0,1790574575,149.7602,-34.6461,9380.22,False,258.41,54.32,-14.31,,9669.78,7235,False,0,2026-09-28 05:49:42.078546
4952ab,TAP104  ,Portugal,1790574574.0,1790574574,-9.2297,38.5652,1211.58,False,93.63,347.95,-0.33,,1333.5,4477,False,0,2026-09-28 05:49:42.078546
7c6b14,JST737  ,Australia,1790574574.0,1790574574,147.1694,-41.6577,1767.84,False,136.77,144.34,-6.5,,1943.1,4345,False,0,2026-09-28 05:49:42.078546
4952ac,TAP294  ,Portugal,1790574575.0,1790574575,-2.9106,36.219,12192.0,False,226.41,297.32,0.0,,12717.78,4211,False,0,2026-09-28 05:49:42.078546
7c6b13,JST661  ,Australia,1790574574.0,1790574574,136.6316,-28.156,11277.6,False,270.18,119.3,0.0,,11826.24,,False,0,2026-09-28 05:49:42.078546
4b180a,SWR7PZ  ,Switzerland,1790574573.0,1790574573,8.5602,47.4462,,True,0.0,244.69,,,,2000,False,0,2026-09-28 05:49:42.078546
7c6b12,JST754  ,Australia,1790574574.0,1790574574,149.2837,-34.4056,10660.38,False,253.94,4.65,0.33,,10904.22,1301,False,0,2026-09-28 05:49:42.078546
4952af,TAP297  ,Portugal,1790574551.0,1790574551,13.6082,-8.73,1767.84,False,119.35,136.4,-3.58,,1882.14,,False,0,2026-09-28 05:49:42.078546
3c6668,DLH4YF  ,Germany,1790574574.0,1790574574,8.78,45.4239,1135.38,False,99.68,348.69,0.0,,1280.16,1000,False,0,2026-09-28 05:49:42.078546
ab0f8f,SCX3065 ,United States,1790574575.0,1790574575,-82.9868,36.4482,11582.4,False,238.8,174.44,0.0,,12016.74,5741,False,0,2026-09-28 05:49:42.078546
c822ed,ANZ815M ,New Zealand,1790574575.0,1790574575,175.2248,-40.2103,6705.6,False,116.84,187.84,0.0,,6606.54,,False,0,2026-09-28 05:49:42.078546
4952b2,TAP244  ,Portugal,1790574574.0,1790574574,-11.6745,39.1906,10325.1,False,247.11,108.32,-12.35,,10706.1,5303,False,0,2026-09-28 05:49:42.078546
c822ec,ANZ083M ,New Zealand,1790574574.0,1790574574,174.5224,-37.8214,5265.42,False,101.84,195.23,2.28,,5265.42,,False,0,2026-09-28 05:49:42.078546
3c665a,VJH721  ,Germany,1790574574.0,1790574574,55.187,24.8821,297.18,False,89.38,121.59,12.03,,236.22,,False,0,2026-09-28 05:49:42.078546
3c664f,DLH1457 ,Germany,1790574574.0,1790574574,12.4578,48.4846,10363.2,False,222.23,305.2,0.0,,10789.92,1000,False,0,2026-09-28 05:49:42.078546
3c664e,DLH2EW  ,Germany,1790574574.0,1790574574,12.2373,50.052,11277.6,False,238.39,83.06,0.0,,11711.94,1000,False,0,2026-09-28 05:49:42.078546
40814a,AUR50H  ,United Kingdom,1790574574.0,1790574574,-2.346,49.6204,2484.12,False,105.8,30.06,5.85,,2598.42,,False,0,2026-09-28 05:49:42.078546
e49444,AZU4439 ,Brazil,1790574537.0,1790574538,-47.9531,-3.4744,10599.42,False,240.58,166.65,7.48,,11277.6,,False,0,2026-09-28 05:49:42.078546
3c6678,DLH174  ,Germany,1790574360.0,1790574360,8.5693,50.0474,,True,1.03,278.44,,,,1000,False,0,2026-09-28 05:49:42.078546
7101e3,SVA7312 ,Saudi Arabia,1790574574.0,1790574574,14.6696,42.5663,10363.2,False,234.5,306.17,0.0,,10812.78,6631,False,0,2026-09-28 05:49:42.078546
3c666e,DLH8PL  ,Germany,1790574574.0,1790574574,10.3721,53.4558,3619.5,False,162.47,332.06,-7.15,,3817.62,6477,False,0,2026-09-28 05:49:42.078546
abb3be,DAL106  ,United States,1790574575.0,1790574575,4.5903,50.7193,11559.54,False,249.3,105.93,-4.88,,11948.16,2264,False,0,2026-09-28 05:49:42.078546
3c666c,DLH9FW  ,Germany,1790574574.0,1790574575,9.239,50.116,1653.54,False,142.28,325.16,-7.48,,1805.94,1000,False,0,2026-09-28 05:49:42.078546
4952a5,TAP075  ,Portugal,1790574574.0,1790574574,-38.8201,-3.0256,11582.4,False,250.37,196.35,0.0,,12313.92,,False,0,2026-09-28 05:49:42.078546
3c666b,DLH09H  ,Germany,1790574575.0,1790574575,11.7134,48.3587,586.74,False,77.21,83.11,-4.23,,723.9,1000,False,0,2026-09-28 05:49:42.078546
48cb15,TVP7532 ,Poland,1790574574.0,1790574574,10.1424,38.8456,11277.6,False,234.71,205.44,0.0,,11711.94,5550,False,0,2026-09-28 05:49:42.078546
3c6671,DLH7EK  ,Germany,1790574319.0,1790574319,8.5708,50.0493,,True,1.29,45.0,,,,1341,False,0,2026-09-28 05:49:42.078546
3c6676,DLH1686 ,Germany,1790574489.0,1790574489,21.5643,47.4577,228.6,False,69.94,47.98,-3.9,,381.0,1000,False,0,2026-09-28 05:49:42.078546
3c6674,DLH04C  ,Germany,1790574575.0,1790574575,6.5414,44.0547,11582.4,False,234.32,46.25,0.0,,12047.22,1000,False,0,2026-09-28 05:49:42.078546
408142,DHK701  ,United Kingdom,1790574573.0,1790574574,23.5961,40.3342,10972.8,False,233.22,318.4,0.0,,11292.84,5615,False,0,2026-09-28 05:49:42.078546
3c667a,DLH92J  ,Germany,1790574574.0,1790574574,-8.5405,42.2118,6736.08,False,233.16,6.84,8.45,,6972.3,1000,False,0,2026-09-28 05:49:42.078546
abfc71,SWA2062 ,United States,1790574574.0,1790574574,-116.7091,36.9069,8305.8,False,200.36,145.25,-3.9,,8618.22,3342,False,0,2026-09-28 05:49:42.078546
7c6b3d,JST609  ,Australia,1790574574.0,1790574574,146.4961,-36.9989,10972.8,False,197.76,236.35,0.0,,11216.64,4322,False,0,2026-09-28 05:49:42.078546
881759,HSEZY   ,Thailand,1790574516.0,1790574516,99.9743,12.7228,1158.24,False,78.43,30.77,1.95,,1173.48,,False,0,2026-09-28 05:49:42.078546
4b184f,,Switzerland,,1790574500,,,,False,216.58,359.73,-5.2,,,,False,0,2026-09-28 05:49:42.078546
861f3c,ANA27   ,Japan,1790574559.0,1790574559,139.7718,35.5565,,True,4.89,216.56,,,,,False,0,2026-09-28 05:49:42.078546
0d0acd,AMX755  ,Mexico,1790574574.0,1790574574,-77.7044,5.6429,10492.74,False,242.29,329.79,3.9,,11209.02,,False,0,2026-09-28 05:49:42.078546
a0a734,VJA141  ,United States,1790574574.0,1790574574,-109.1518,32.6227,12496.8,False,273.63,98.54,0.0,,13235.94,3751,False,0,2026-09-28 05:49:42.078546
3c65a3,DLH425  ,Germany,1790574574.0,1790574574,-7.9053,52.3121,12192.0,False,258.2,101.96,0.0,,12237.72,2011,False,0,2026-09-28 05:49:42.078546
3c65a2,DLH453  ,Germany,1790574558.0,1790574558,-94.9528,50.9809,11277.6,False,281.07,54.54,0.0,,11422.38,,False,0,2026-09-28 05:49:42.078546
4b187b,SWR23A  ,Switzerland,1790574574.0,1790574574,-6.0847,48.5928,12496.8,False,241.91,108.86,0.0,,12702.54,2021,False,0,2026-09-28 05:49:42.078546
ae144b,RCH411  ,United States,1790574462.0,1790574463,-118.3432,38.5212,9304.02,False,258.58,78.76,3.58,,9555.48,3331,False,0,2026-09-28 05:49:42.078546
4b187e,SWR264D ,Switzerland,1790574574.0,1790574574,8.815,47.7303,3375.66,False,114.19,294.49,-8.13,,3627.12,3247,False,0,2026-09-28 05:49:42.078546
3c65ad,DLH481  ,Germany,1790574574.0,1790574574,-11.4608,55.0211,11277.6,False,256.74,90.92,0.0,,11170.92,,False,0,2026-09-28 05:49:42.078546
3c65ac,DLH459  ,Germany,1790574574.0,1790574574,-113.9405,43.6976,11277.6,False,279.95,49.7,0.0,,11559.54,,False,0,2026-09-28 05:49:42.078546
3c65c1,DLH9PL  ,Germany,1790574574.0,1790574575,1.4948,52.7118,11871.96,False,228.2,110.31,-0.33,,12123.42,2010,False,0,2026-09-28 05:49:42.078546
861f44,JA617J  ,Japan,1790574572.0,1790574574,140.96,41.586,1600.2,False,113.69,50.69,-2.28,,1584.96,,False,0,2026-09-28 05:49:42.078546
861f5e,ANA707  ,Japan,1790574574.0,1790574574,140.3242,40.1334,12496.8,False,260.48,25.5,-0.33,,12885.42,,False,0,2026-09-28 05:49:42.078546
3c65d0,DLH4AN  ,Germany,1790574574.0,1790574574,10.1022,50.8414,10370.82,False,222.34,345.8,0.0,,10789.92,1000,False,0,2026-09-28 05:49:42.078546
3c65d4,DLH33K  ,Germany,1790574574.0,1790574574,-8.1473,41.2474,4213.86,False,202.74,79.92,11.7,,4419.6,5457,False,0,2026-09-28 05:49:42.078546
3c65d1,DLH6PW  ,Germany,1790574574.0,1790574575,10.6493,49.2569,8808.72,False,234.49,317.49,10.4,,9212.58,6674,False,0,2026-09-28 05:49:42.078546
3c65c7,DLH867  ,Germany,1790574574.0,1790574574,10.2731,54.1298,10675.62,False,219.17,180.67,0.0,,11049.0,3526,False,0,2026-09-28 05:49:42.078546
3c65c9,DLH8CK  ,Germany,1790574575.0,1790574575,9.9085,53.9083,11277.6,False,233.11,7.74,0.0,,11650.98,3746,False,0,2026-09-28 05:49:42.078546
a8f5d1,ABX3132 ,United States,1790574574.0,1790574574,-90.4191,39.9221,10980.42,False,231.14,277.93,0.0,,11407.14,,False,0,2026-09-28 05:49:42.078546
3c65e1,DLH4WU  ,Germany,1790574574.0,1790574574,9.4699,50.4317,3200.4,False,160.95,222.41,-5.2,,3421.38,3527,False,0,2026-09-28 05:49:42.078546
3c65e2,DLH9CJ  ,Germany,1790574575.0,1790574575,8.6982,50.085,685.8,False,98.81,249.58,-5.85,,822.96,1000,False,0,2026-09-28 05:49:42.078546
3c65d5,DLH965  ,Germany,1790574574.0,1790574575,0.1664,54.4369,11887.2,False,224.29,120.15,0.0,,12062.46,3402,False,0,2026-09-28 05:49:42.078546
3c65d9,DLH2UP  ,Germany,1790574575.0,1790574575,8.5574,50.0356,,True,6.69,50.62,,,,1000,False,0,2026-09-28 05:49:42.078546
3c65cc,DLH9JV  ,Germany,1790574573.0,1790574574,13.9739,40.8866,1592.58,False,129.65,179.32,-5.2,,1752.6,1000,False,0,2026-09-28 05:49:42.078546
3c65cb,DLH7YC  ,Germany,1790574574.0,1790574575,10.9104,57.4173,11277.6,False,220.47,164.02,0.33,,11559.54,3534,False,0,2026-09-28 05:49:42.078546
3c65ca,DLH8AE  ,Germany,1790574574.0,1790574575,8.6077,50.0451,152.4,False,73.71,250.43,-4.55,,259.08,1000,False,0,2026-09-28 05:49:42.078546
7c6b07,JST797  ,Australia,1790574574.0,1790574574,152.7925,-28.1326,9715.5,False,213.98,215.41,7.48,,10035.54,1224,False,0,2026-09-28 05:49:42.078546
0c4184,DWI2005 ,Dominican Republic,1790574575.0,1790574575,-77.6718,28.9131,10363.2,False,221.47,177.2,0.0,,10888.98,,False,0,2026-09-28 05:49:42.078546
acd47e,ASA39   ,United States,1790574574.0,1790574574,-119.5183,37.8084,10972.8,False,216.37,261.52,0.0,,11330.94,1713,False,0,2026-09-28 05:49:42.078546
847c18,JJP801  ,Japan,1790574574.0,1790574574,142.2425,43.2282,2941.32,False,164.37,31.3,-6.18,,2956.56,1747,False,0,2026-09-28 05:49:42.078546
aa9f6f,AAL954  ,United States,1790574574.0,1790574574,-72.9711,6.5306,10972.8,False,251.38,342.49,0.0,,11719.56,,False,0,2026-09-28 05:49:42.078546
800db7,IGO5AW  ,India,1790574574.0,1790574574,74.9116,28.6369,4876.8,False,126.49,253.7,0.0,,5052.06,,False,0,2026-09-28 05:49:42.078546
a2e77a,N2866L  ,United States,1790574574.0,1790574575,-97.6465,30.4941,1021.08,False,49.98,200.49,-0.33,,1028.7,0543,False,0,2026-09-28 05:49:42.078546
a41447,F9MX362 ,United States,1790574566.0,1790574570,-104.6788,39.8805,,True,0.0,5.62,,,,4233,False,0,2026-09-28 05:49:42.078546
ad0725,AAL1166 ,United States,1790574571.0,1790574574,-73.8746,40.7765,,True,0.0,210.94,,,,6514,False,0,2026-09-28 05:49:42.078546
c8244b,ANZ935M ,New Zealand,1790574495.0,1790574496,168.3215,-46.4151,,True,0.39,219.38,,,,,False,0,2026-09-28 05:49:42.078546
861e9a,JAL649  ,Japan,1790574573.0,1790574574,139.7814,35.548,,True,2.06,2.81,,,,,False,0,2026-09-28 05:49:42.078546
a57ad0,GTI8997 ,United States,1790574574.0,1790574574,-149.5371,60.9573,3299.46,False,147.53,294.96,-3.25,,3070.86,,False,0,2026-09-28 05:49:42.078546
a7d732,N604MD  ,United States,1790574574.0,1790574574,-80.9817,35.193,800.1,False,80.24,130.84,0.0,,784.86,,False,0,2026-09-28 05:49:42.078546
51603f,MNE150  ,Montenegro,1790574573.0,1790574573,19.5265,43.4339,8229.6,False,208.18,34.12,-0.33,,8526.78,,False,0,2026-09-28 05:49:42.078546
a2845b,SKW3929 ,United States,1790574574.0,1790574574,-119.2424,34.1316,6012.18,False,224.38,358.42,7.8,,6225.54,3124,False,0,2026-09-28 05:49:42.078546
a42757,N367LR  ,United States,1790574565.0,1790574573,-80.554,26.4365,1371.6,False,52.65,146.15,-1.63,,1348.74,1200,False,0,2026-09-28 05:49:42.078546
7c3631,KZN     ,Australia,1790574575.0,1790574575,138.5937,-34.8207,190.5,False,43.85,121.08,-5.2,,289.56,,False,0,2026-09-28 05:49:42.078546
800db0,AXB1813 ,India,1790574574.0,1790574574,77.7268,14.4971,10965.18,False,235.15,7.67,0.0,,11628.12,2763,False,0,2026-09-28 05:49:42.078546
a70aa1,ASA1366 ,United States,1790574574.0,1790574574,-118.2605,33.6193,8854.44,False,246.92,334.72,6.18,,9250.68,1054,False,0,2026-09-28 05:49:42.078546
7c495b,RXA3682 ,Australia,1790574574.0,1790574574,143.6495,-36.28,4267.2,False,141.85,327.29,0.0,,4450.08,0366,False,0,2026-09-28 05:49:42.078546
86d5fa,ANA254  ,Japan,1790574574.0,1790574574,140.087,35.7931,1577.34,False,102.65,335.1,-0.33,,1638.3,3325,False,0,2026-09-28 05:49:42.078546
86d5c3,APJ739  ,Japan,1790574574.0,1790574574,134.5456,34.4611,4411.98,False,164.2,284.52,4.88,,4640.58,,False,0,2026-09-28 05:49:42.078546
3980e5,FHAHF   ,France,1790574574.0,1790574575,0.704,45.4433,7315.2,False,155.14,317.69,0.0,,7627.62,1000,False,0,2026-09-28 05:49:42.078546
861e78,JAL555  ,Japan,1790574574.0,1790574574,140.0652,37.2756,11269.98,False,254.35,11.79,0.33,,11833.86,2253,False,0,2026-09-28 05:49:42.078546
3c65da,DLH72K  ,Germany,1790574575.0,1790574575,0.5519,47.5786,10972.8,False,245.46,40.84,0.0,,11330.94,2226,False,0,2026-09-28 05:49:42.078546
3b7b65,BENGA98 ,France,1790574569.0,1790574574,4.4124,43.753,,True,0.0,177.19,,,,,False,0,2026-09-28 05:49:42.078546
758335,PAL896  ,Philippines,1790574574.0,1790574574,120.7047,20.3537,10066.02,False,236.82,4.36,0.33,,10797.54,,False,0,2026-09-28 05:49:42.078546
78203c,CDG2126 ,China,1790574574.0,1790574574,116.3598,40.2052,3855.72,False,154.35,234.08,15.93,,3916.68,,False,0,2026-09-28 05:49:42.078546
758306,,Philippines,1790574568.0,1790574574,140.3935,35.7752,,True,0.9,239.06,,,,,False,0,2026-09-28 05:49:42.078546
758303,PAL592  ,Philippines,1790574575.0,1790574575,120.8847,14.6534,3009.9,False,150.99,72.55,-2.6,,3223.26,,False,0,2026-09-28 05:49:42.078546
14fc25,RWZ601  ,Russian Federation,1790574445.0,1790574445,41.6101,41.6066,,True,0.0,42.19,,,,5230,False,0,2026-09-28 05:49:42.078546
a65408,AAL2069 ,United States,1790574575.0,1790574575,-122.156,37.5288,1074.42,False,93.9,298.11,-4.55,,1074.42,5660,False,0,2026-09-28 05:49:42.078546
495305,TAP212  ,Portugal,1790574401.0,1790574402,-57.7128,44.4606,10668.0,False,264.76,82.3,0.0,,11178.54,1541,False,0,2026-09-28 05:49:42.078546
516091,MNE100  ,Montenegro,1790574571.0,1790574574,19.8951,43.5768,7620.0,False,201.41,20.8,-0.65,,7894.32,,False,0,2026-09-28 05:49:42.078546
a33afa,SKW3827 ,United States,1790574574.0,1790574574,-114.421,33.5772,8839.2,False,249.1,72.58,-0.98,,9311.64,2042,False,0,2026-09-28 05:49:42.078546
48597e,TRA49Y  ,Kingdom of the Netherlands,1790574575.0,1790574575,8.2391,46.7406,11277.6,False,234.3,155.07,0.0,,11727.18,3147,False,0,2026-09-28 05:49:42.078546
48597d,TRA25E  ,Kingdom of the Netherlands,1790574574.0,1790574575,2.0518,47.1178,11277.6,False,210.35,198.83,0.0,,11666.22,1000,False,0,2026-09-28 05:49:42.078546
a3f436,FFT1961 ,United States,1790574574.0,1790574574,-108.6914,35.0636,11582.4,False,199.26,279.51,0.0,,12237.72,1356,False,0,2026-09-28 05:49:42.078546
e492a6,AZU4113 ,Brazil,1790574574.0,1790574575,-48.9109,-3.9819,11277.6,False,196.58,8.43,0.33,,12001.5,,False,0,2026-09-28 05:49:42.078546
84cb5b,JJP113  ,Japan,1790574574.0,1790574574,140.1542,36.7432,9220.2,False,255.84,5.54,3.9,,9761.22,1765,False,0,2026-09-28 05:49:42.078546
758308,PAL685  ,Philippines,1790574574.0,1790574574,100.5639,13.8703,11887.2,False,254.67,104.63,0.0,,12656.82,2140,False,0,2026-09-28 05:49:42.078546
3c6746,DLH9KX  ,Germany,1790574573.0,1790574574,9.9907,53.2403,4183.38,False,176.28,349.58,-9.43,,4442.46,5005,False,0,2026-09-28 05:49:42.078546
440cfe,EJU32DG ,Austria,1790574574.0,1790574574,5.6975,43.1132,10972.8,False,214.9,18.57,0.0,,11445.24,1000,False,0,2026-09-28 05:49:42.078546
7c6a8d,VOZ392  ,Australia,1790574574.0,1790574574,152.1559,-26.4099,7559.04,False,209.4,137.69,-10.73,,7886.7,,False,0,2026-09-28 05:49:42.078546
e4935a,PPBLO   ,Brazil,1790574574.0,1790574575,-45.5413,-21.4781,11871.96,False,201.56,216.49,-4.88,,12550.14,,False,0,2026-09-28 05:49:42.078546
7c6a8c,VOZ782  ,Australia,1790574574.0,1790574574,151.5492,-25.8028,10828.02,False,214.3,138.5,-8.78,,11186.16,,False,0,2026-09-28 05:49:42.078546
3c6749,,Germany,1790574544.0,1790574544,8.5633,50.045,,True,1.8,250.31,,,,,False,0,2026-09-28 05:49:42.078546
3c6747,DLH6LC  ,Germany,1790574574.0,1790574575,3.4745,52.7535,11582.4,False,228.3,309.79,0.0,,11894.82,0632,False,0,2026-09-28 05:49:42.078546
3c6759,DLH99P  ,Germany,1790574575.0,1790574575,-0.1436,43.388,10828.02,False,255.04,60.38,3.9,,11262.36,1000,False,0,2026-09-28 05:49:42.078546
440cf8,EJU53YB ,Austria,1790574575.0,1790574575,13.7447,51.5867,6979.92,False,211.18,184.89,10.4,,7322.82,1000,False,0,2026-09-28 05:49:42.078546
3c6753,DLH54J  ,Germany,1790574574.0,1790574574,8.074,50.0236,3337.56,False,182.2,69.16,-3.25,,3589.02,1000,False,0,2026-09-28 05:49:42.078546
3c6751,DLH1305 ,Germany,1790574447.0,1790574457,8.5414,50.037,,True,1.29,160.31,,,,7543,False,0,2026-09-28 05:49:42.078546
3c674f,DLH4RL  ,Germany,1790574574.0,1790574574,8.5315,50.0453,53.34,False,77.8,249.89,-3.58,,167.64,1000,False,0,2026-09-28 05:49:42.078546
408051,EZY19YQ ,United Kingdom,1790574574.0,1790574575,-0.4416,51.8369,853.44,False,112.88,209.49,9.75,,944.88,5404,False,0,2026-09-28 05:49:42.078546
408052,EZY83QF ,United Kingdom,1790574574.0,1790574574,-3.0067,51.529,11277.6,False,191.33,184.01,0.0,,11483.34,1430,False,0,2026-09-28 05:49:42.078546
c07044,VN07    ,Canada,1790574573.0,1790574573,-95.8306,52.3366,6088.38,False,117.64,204.55,0.0,,6141.72,,False,0,2026-09-28 05:49:42.078546
a189f2,DAL92   ,United States,1790574575.0,1790574575,13.272,52.2986,746.76,False,84.74,68.26,-3.9,,876.3,2002,False,0,2026-09-28 05:49:42.078546
0d0b7c,VIV436  ,Mexico,1790574574.0,1790574574,-75.5191,6.0955,11285.22,False,226.39,138.78,0.0,,12070.08,,False,0,2026-09-28 05:49:42.078546
40803c,EXS7YW  ,United Kingdom,1790574574.0,1790574575,-1.5092,55.0056,9852.66,False,221.56,119.18,7.48,,9951.72,3411,False,0,2026-09-28 05:49:42.078546
3c6705,DLH732  ,Germany,1790574574.0,1790574574,115.7729,40.4155,12527.28,False,311.01,97.03,0.0,,12862.56,,False,0,2026-09-28 05:49:42.078546
440cbe,EJU7877 ,Austria,1790574574.0,1790574574,3.615,50.3948,11277.6,False,204.55,207.4,0.0,,11628.12,2110,False,0,2026-09-28 05:49:42.078546
3c6703,DLH491  ,Germany,1790574575.0,1790574575,4.9403,52.435,12496.8,False,248.13,129.53,0.0,,12801.6,2051,False,0,2026-09-28 05:49:42.078546
3c6709,DLH768  ,Germany,1790574574.0,1790574574,93.0321,13.2291,10668.0,False,252.46,135.33,0.0,,,,False,0,2026-09-28 05:49:42.078546
440cc1,EJU38MQ ,Austria,1790574571.0,1790574571,-9.1438,38.7667,,True,0.0,22.5,,,,,False,0,2026-09-28 05:49:42.078546
aaa705,DLX78   ,United States,1790574574.0,1790574574,-111.4757,42.3889,12161.52,False,197.57,189.29,5.2,,12565.38,,False,0,2026-09-28 05:49:42.078546
a70ad0,N553CP  ,United States,1790574574.0,1790574574,-82.9551,39.916,434.34,False,32.51,85.46,0.33,,434.34,,False,0,2026-09-28 05:49:42.078546
440cac,AUA33RP ,Austria,1790574575.0,1790574575,10.6608,50.4434,11574.78,False,216.56,289.42,0.0,,12001.5,1106,False,0,2026-09-28 05:49:42.078546
3c6714,DLH726  ,Germany,1790574575.0,1790574575,116.7659,39.2617,12527.28,False,249.43,187.23,0.0,,12976.86,,False,0,2026-09-28 05:49:42.078546
a82aa8,SKW5441 ,United States,1790574574.0,1790574575,-113.8116,33.4084,6979.92,False,208.0,103.59,-5.85,,7330.44,0447,False,0,2026-09-28 05:49:42.078546
48ca6c,SPTUM   ,Poland,1790574574.0,1790574574,22.081,50.1036,243.84,False,38.22,118.98,2.28,,396.24,,False,0,2026-09-28 05:49:42.078546
a7d749,,United States,1790574575.0,1790574575,-110.7782,35.568,9700.26,False,259.81,23.82,0.0,,10180.32,,False,0,2026-09-28 05:49:42.078546
75839f,PAL407  ,Philippines,1790574574.0,1790574574,120.5207,15.5624,6309.36,False,204.83,178.42,-4.23,,6766.56,,False,0,2026-09-28 05:49:42.078546
3c670d,DLH772  ,Germany,1790574574.0,1790574575,97.2881,16.7679,11887.2,False,251.56,129.19,0.0,,12565.38,1345,False,0,2026-09-28 05:49:42.078546
ac9709,DAL1843 ,United States,1790574559.0,1790574559,-117.5353,47.6236,,True,0.77,225.0,,,,,False,0,2026-09-28 05:49:42.078546
4008b2,BAW5GU  ,United Kingdom,1790574575.0,1790574575,11.135,44.652,2453.64,False,122.93,40.76,14.31,,2636.52,0231,False,0,2026-09-28 05:49:42.078546
40808c,VIR104L ,United Kingdom,1790574574.0,1790574574,-0.3722,51.4651,213.36,False,76.14,269.61,-3.9,,312.42,5143,False,0,2026-09-28 05:49:42.078546
abc719,N858WW  ,United States,1790574571.0,1790574574,53.2838,26.0172,8663.94,False,213.0,109.62,-8.13,,9182.1,6136,False,0,2026-09-28 05:49:42.078546
7c4927,QFA1    ,Australia,1790574573.0,1790574573,151.1695,-33.9324,,True,4.12,25.31,,,,,False,0,2026-09-28 05:49:42.078546
3c671a,DLH413  ,Germany,1790574574.0,1790574574,-13.3192,52.0051,12496.8,False,277.81,90.42,0.0,,12481.56,,False,0,2026-09-28 05:49:42.078546
408092,BAW3578 ,United Kingdom,1790574575.0,1790574575,9.3649,49.98,12184.38,False,239.78,292.05,-0.33,,12611.1,3126,False,0,2026-09-28 05:49:42.078546
7c4922,QFA2    ,Australia,1790574485.0,1790574505,88.1046,18.0246,11887.2,False,251.0,135.33,0.0,,12626.34,2004,False,0,2026-09-28 05:49:42.078546
4951cb,TAP56DP ,Portugal,1790574574.0,1790574575,-1.3327,47.1057,11269.98,False,204.85,220.01,0.0,,11620.5,1124,False,0,2026-09-28 05:49:42.078546
4951cc,TAP901  ,Portugal,1790574574.0,1790574574,-4.4744,40.0157,10668.0,False,196.87,252.51,0.0,,11087.1,2011,False,0,2026-09-28 05:49:42.078546
abc7c6,SWA1719 ,United States,1790574574.0,1790574574,-119.8558,35.9635,10668.0,False,220.87,177.73,0.0,,11064.24,3244,False,0,2026-09-28 05:49:42.078546
c02eca,ACA63   ,Canada,1790574574.0,1790574574,133.855,35.9591,10965.18,False,214.19,267.66,-0.65,,11597.64,6115,False,0,2026-09-28 05:49:42.078546
40822e,BAW42LX ,United Kingdom,1790574574.0,1790574574,-2.51,48.9312,11887.2,False,201.57,197.83,0.0,,12169.14,5236,False,0,2026-09-28 05:49:42.078546
c02ed9,ACA3    ,Canada,1790574574.0,1790574575,140.2588,35.9256,1097.28,False,102.87,149.33,-7.15,,1150.62,3714,False,0,2026-09-28 05:49:42.078546
7c7f93,ZHH     ,Australia,1790574285.0,1790574285,144.4232,-37.7298,7.62,False,29.62,200.32,-2.28,,167.64,1200,False,0,2026-09-28 05:49:42.078546
3c6586,DLH5TT  ,Germany,1790574574.0,1790574575,6.5666,51.2733,10401.3,False,235.24,114.83,-5.2,,10812.78,4620,False,0,2026-09-28 05:49:42.078546
3c6585,DLH5HV  ,Germany,1790574574.0,1790574575,7.401,51.0491,6042.66,False,217.44,111.22,8.45,,6324.6,1000,False,0,2026-09-28 05:49:42.078546
348085,AEA37KP ,Spain,1790574575.0,1790574575,-8.5541,41.5062,1661.16,False,133.67,301.3,-7.15,,1790.7,2632,False,0,2026-09-28 05:49:42.078546
3c658b,DLH07W  ,Germany,1790574574.0,1790574574,11.1903,48.1514,6979.92,False,215.24,253.9,8.78,,7330.44,1000,False,0,2026-09-28 05:49:42.078546
7c6c52,VOZ526  ,Australia,1790574575.0,1790574575,151.0838,-33.5432,1760.22,False,153.46,168.2,-2.93,,1927.86,1133,False,0,2026-09-28 05:49:42.078546
02a1a6,LJT7417 ,Tunisia,1790574574.0,1790574574,21.9367,49.9902,2811.78,False,156.69,238.97,9.1,,3017.52,,False,0,2026-09-28 05:49:42.078546
02a1a3,LBT7679 ,Tunisia,1790574574.0,1790574575,11.7518,38.4248,11277.6,False,230.15,203.59,0.33,,11719.56,5546,False,0,2026-09-28 05:49:42.078546
02a1a2,LBT594  ,Tunisia,1790574574.0,1790574574,9.4187,39.4733,10965.18,False,220.97,346.13,0.0,,11407.14,6134,False,0,2026-09-28 05:49:42.078546
aa44ad,,United States,,1790574555,,,,False,250.12,85.99,0.0,,,,False,0,2026-09-28 05:49:42.078546
3c6595,DLH1PF  ,Germany,1790574574.0,1790574574,9.1038,50.1614,1181.1,False,117.29,251.33,0.0,,1325.88,1000,False,0,2026-09-28 05:49:42.078546
02a1a9,LBT206  ,Tunisia,1790574574.0,1790574574,9.482,39.263,11582.4,False,223.47,346.28,0.0,,12039.6,,False,0,2026-09-28 05:49:42.078546
7c6c56,VOZ850  ,Australia,1790574574.0,1790574574,148.9116,-35.6644,11574.78,False,201.66,234.97,0.0,,11795.76,3654,False,0,2026-09-28 05:49:42.078546
7c6c55,VOZ560  ,Australia,1790574564.0,1790574572,115.9708,-31.9293,0.0,True,0.0,284.06,,,,4021,False,0,2026-09-28 05:49:42.078546
02a1a8,LBT2806 ,Tunisia,1790574574.0,1790574574,9.5933,44.5083,10980.42,False,233.98,346.91,0.0,,11422.38,6170,False,0,2026-09-28 05:49:42.078546
a4bf95,DAL234  ,United States,1790574574.0,1790574574,27.6478,36.1795,11887.2,False,269.41,125.75,0.0,,12260.58,2212,False,0,2026-09-28 05:49:42.078546
39d318,TVF61PZ ,France,1790574574.0,1790574574,2.3649,48.7221,,True,6.94,298.12,,,,1000,False,0,2026-09-28 05:49:42.078546
39d319,TVF119W ,France,1790574575.0,1790574575,2.3221,48.6085,1554.48,False,131.13,199.0,15.93,,1676.4,,False,0,2026-09-28 05:49:42.078546
39d310,TVF59LS ,France,1790574574.0,1790574575,1.2872,44.0526,6705.6,False,211.15,357.35,-0.33,,7040.88,1000,False,0,2026-09-28 05:49:42.078546
39d311,TVF27XY ,France,1790574575.0,1790574575,3.0499,48.3105,2987.04,False,153.33,338.34,-4.88,,3185.16,1000,False,0,2026-09-28 05:49:42.078546
39d312,TVF95PM ,France,1790574573.0,1790574574,3.1608,38.244,8686.8,False,211.51,178.47,-10.4,,9159.24,7642,False,0,2026-09-28 05:49:42.078546
39d313,TVF72YR ,France,1790574574.0,1790574574,17.0887,43.0509,11277.6,False,231.92,117.19,0.0,,11696.7,3753,False,0,2026-09-28 05:49:42.078546
7c7f77,MRNE1   ,Australia,1790574574.0,1790574574,151.7716,-32.8909,22.86,False,58.97,203.66,-3.58,,205.74,,False,0,2026-09-28 05:49:42.078546
34805a,MGO128  ,Spain,1790574574.0,1790574575,-0.2439,45.6893,12192.0,False,244.85,338.56,-0.33,,12550.14,5353,False,0,2026-09-28 05:49:42.078546
4690fa,AEE4552 ,Greece,1790574575.0,1790574575,21.4221,39.1853,10363.2,False,216.85,324.46,0.0,,10744.2,,False,0,2026-09-28 05:49:42.078546
abfd39,SWA235  ,United States,1790574574.0,1790574575,-104.2814,40.2365,3307.08,False,123.17,263.77,-8.78,,3467.1,3631,False,0,2026-09-28 05:49:42.078546
7c7f4d,ZFJ     ,Australia,1790574339.0,1790574339,150.9967,-33.9187,,True,1.03,39.38,,,,0505,False,0,2026-09-28 05:49:42.078546
39d30f,TVF70YN ,France,1790574574.0,1790574574,6.6191,43.2942,8252.46,False,222.7,100.25,8.13,,8656.32,5662,False,0,2026-09-28 05:49:42.078546
34804a,SWT1810 ,Spain,1790574506.0,1790574506,-5.8931,37.4192,,True,7.46,329.06,,,,5067,False,0,2026-09-28 05:49:42.078546
c02ee7,ACA029  ,Canada,1790574574.0,1790574574,139.8578,35.8307,11879.58,False,215.82,272.87,0.33,,12565.38,6166,False,0,2026-09-28 05:49:42.078546
c821c1,ANZ566  ,New Zealand,1790574574.0,1790574574,173.0179,-42.5346,7376.16,False,232.84,20.84,9.75,,7277.1,,False,0,2026-09-28 05:49:42.078546
39d30b,TVF8776 ,France,1790574574.0,1790574574,7.2026,41.7345,11277.6,False,237.42,128.14,-0.33,,11750.04,5661,False,0,2026-09-28 05:49:42.078546
3c6548,LHX02A  ,Germany,1790574574.0,1790574574,-1.904,41.4655,9410.7,False,263.37,38.97,5.85,,9837.42,1000,False,0,2026-09-28 05:49:42.078546
4690e9,AEE5CM  ,Greece,1790574574.0,1790574574,17.5041,44.1893,11582.4,False,212.17,316.67,-0.33,,11993.88,2646,False,0,2026-09-28 05:49:42.078546
3c7877,CFG5AD  ,Germany,1790574574.0,1790574574,19.1168,42.1531,11277.6,False,247.08,139.64,0.0,,11673.84,7706,False,0,2026-09-28 05:49:42.078546
3c7878,CFG4FD  ,Germany,1790574574.0,1790574574,21.019,39.615,11269.98,False,242.99,145.87,0.0,,11650.98,6411,False,0,2026-09-28 05:49:42.078546
3c7879,CFG7ZP  ,Germany,1790574276.0,1790574276,16.1514,38.9159,312.42,False,74.86,98.3,-3.9,,441.96,1000,False,0,2026-09-28 05:49:42.078546
3c786b,CFG3TV  ,Germany,1790574574.0,1790574574,20.6001,40.8927,11277.6,False,245.41,146.54,0.0,,11658.6,5564,False,0,2026-09-28 05:49:42.078546
4b5da7,TE26    ,Switzerland,1790574571.0,1790574571,8.5583,47.45,,True,8.75,87.19,,,,,False,0,2026-09-28 05:49:42.078546
3c786c,CFG4MV  ,Germany,1790574575.0,1790574575,5.129,43.4709,11285.22,False,222.62,199.86,0.0,,11757.66,1000,False,0,2026-09-28 05:49:42.078546
ac71ad,SWA985  ,United States,1790574305.0,1790574305,-111.9948,33.4336,,True,1.29,70.31,,,,,False,0,2026-09-28 05:49:42.078546
408281,AUR70B  ,United Kingdom,1790574572.0,1790574574,-2.5969,49.4331,,True,1.03,180.0,,,,,False,0,2026-09-28 05:49:42.078546
aba1a0,DAL2046 ,United States,1790574574.0,1790574574,-111.4044,42.8884,8839.2,False,252.53,8.08,0.0,,9128.76,4315,False,0,2026-09-28 05:49:42.078546
39e68d,AFR47CB ,France,1790574574.0,1790574574,8.5563,47.4543,,True,0.0,188.44,,,,1000,False,0,2026-09-28 05:49:42.078546
39e68c,AFR76RE ,France,1790574574.0,1790574574,3.9525,47.1307,7620.0,False,219.12,118.31,0.0,,7985.76,1000,False,0,2026-09-28 05:49:42.078546
39e68f,AFR67WE ,France,1790574575.0,1790574575,2.5072,46.7275,10896.6,False,216.93,176.74,1.95,,11308.08,1000,False,0,2026-09-28 05:49:42.078546
39e68e,AFR1463 ,France,1790574574.0,1790574575,7.1568,51.3185,10972.8,False,205.99,216.47,0.0,,11369.04,1000,False,0,2026-09-28 05:49:42.078546
3c6542,LHX800  ,Germany,1790574575.0,1790574575,8.8628,50.6214,8420.1,False,215.43,28.22,10.4,,8801.1,1000,False,0,2026-09-28 05:49:42.078546
3c6541,LHX949  ,Germany,1790574575.0,1790574575,2.9218,52.4185,11879.58,False,229.65,111.97,0.0,,12176.76,4622,False,0,2026-09-28 05:49:42.078546
4690f9,AEE4700 ,Greece,1790574575.0,1790574575,22.316,38.7993,10980.42,False,217.08,312.12,0.33,,11353.8,,False,0,2026-09-28 05:49:42.078546
3c7889,NGN4830 ,Germany,1790574574.0,1790574574,11.9667,48.1289,10668.0,False,235.08,136.6,0.0,,11102.34,6431,False,0,2026-09-28 05:49:42.078546
3c654a,LHX924  ,Germany,1790574575.0,1790574575,6.7326,50.8905,9707.88,False,229.66,297.77,4.88,,10104.12,2532,False,0,2026-09-28 05:49:42.078546
7c6c96,JST704  ,Australia,1790574574.0,1790574574,146.2605,-39.7409,10363.2,False,242.93,338.38,-0.33,,10576.56,,False,0,2026-09-28 05:49:42.078546
7c6c92,JST298  ,Australia,1790574574.0,1790574574,174.7363,-38.248,7917.18,False,204.88,8.37,-9.1,,7909.56,,False,0,2026-09-28 05:49:42.078546
7c6c90,JST464  ,Australia,1790574572.0,1790574572,153.5664,-28.8319,,True,18.01,73.12,,,,1245,False,0,2026-09-28 05:49:42.078546
3c6551,LHX9H   ,Germany,1790574574.0,1790574574,0.2391,51.2308,5676.9,False,204.62,100.58,16.91,,5859.78,3412,False,0,2026-09-28 05:49:42.078546
3c6550,LHX1091 ,Germany,1790574480.0,1790574480,8.5629,50.0455,,True,1.29,340.31,,,,1000,False,0,2026-09-28 05:49:42.078546
4690ea,AEE704  ,Greece,1790574573.0,1790574573,23.9338,37.9328,,True,1.8,216.56,,,,,False,0,2026-09-28 05:49:42.078546
3f2850,,Germany,,1790574537,,,,False,4.15,29.74,,,,,False,0,2026-09-28 05:49:42.078546
408260,EXS12M  ,United Kingdom,1790574569.0,1790574569,-2.2867,53.3667,,True,0.9,222.19,,,,,False,0,2026-09-28 05:49:42.078546
39e683,AFR44VX ,France,1790574574.0,1790574574,5.3032,44.3376,8923.02,False,242.8,141.62,-10.4,,9364.98,1000,False,0,2026-09-28 05:49:42.078546
39e686,AFR79BN ,France,1790574574.0,1790574574,2.7791,49.2376,3352.8,False,143.89,247.29,0.0,,3543.3,1000,False,0,2026-09-28 05:49:42.078546
39e688,AFR33SQ ,France,1790574574.0,1790574574,4.02,49.4953,6179.82,False,166.37,258.59,-6.5,,6469.38,1000,False,0,2026-09-28 05:49:42.078546
3c654e,LHX853  ,Germany,1790574574.0,1790574575,10.6143,51.0827,7086.6,False,189.71,227.53,-5.2,,7444.74,1000,False,0,2026-09-28 05:49:42.078546
aaca75,SCX3048 ,United States,1790574388.0,1790574388,-94.7477,39.2313,640.08,False,82.36,12.99,-4.23,,685.8,1530,False,0,2026-09-28 05:49:42.078546
3c6566,OCN659  ,Germany,1790574574.0,1790574574,4.0629,50.7354,12192.0,False,242.06,103.77,0.0,,12534.9,1154,False,0,2026-09-28 05:49:42.078546
a413f8,ABX803  ,United States,1790574574.0,1790574574,-95.9153,39.0446,9753.6,False,231.74,254.95,0.0,,10180.32,4007,False,0,2026-09-28 05:49:42.078546
7c6c5c,VOU     ,Australia,1790574574.0,1790574574,153.015,-27.5522,220.98,False,60.53,289.36,-1.3,,342.9,,False,0,2026-09-28 05:49:42.078546
4b5dab,TJ12    ,Switzerland,1790574575.0,1790574575,8.5622,47.4415,,True,0.0,295.31,,,,,False,0,2026-09-28 05:49:42.078546
a5cc15,UAL2413 ,United States,1790574574.0,1790574575,-122.1,38.8553,8153.4,False,225.29,354.63,7.48,,8282.94,3265,False,0,2026-09-28 05:49:42.078546
39e693,AFR74ZP ,France,1790574574.0,1790574574,8.7086,45.2946,9601.2,False,231.13,310.03,5.2,,10020.3,1000,False,0,2026-09-28 05:49:42.078546
39e692,AFR29TM ,France,1790574574.0,1790574574,-2.1144,53.1052,10668.0,False,192.56,159.68,0.0,,10843.26,6312,False,0,2026-09-28 05:49:42.078546
39e691,AFR1066 ,France,1790574574.0,1790574574,4.8114,46.5726,10058.4,False,234.43,124.18,0.0,,10492.74,1000,False,0,2026-09-28 05:49:42.078546
39e690,AFR49ML ,France,1790574575.0,1790574575,-6.0524,36.4669,9776.46,False,246.06,13.54,5.2,,10233.66,6461,False,0,2026-09-28 05:49:42.078546
a69c14,LXJ525  ,United States,1790574574.0,1790574574,-82.7221,36.1599,9144.0,False,227.6,342.1,0.33,,9494.52,2022,False,0,2026-09-28 05:49:42.078546
40823c,EXS56AM ,United Kingdom,1790574571.0,1790574571,-2.2809,53.3623,,True,6.94,135.0,,,,,False,0,2026-09-28 05:49:42.078546
3b8bff,SP34    ,France,1790574307.0,1790574307,2.3773,48.7273,,True,10.29,30.94,,,,,False,0,2026-09-28 05:49:42.078546
758404,PAL437  ,Philippines,1790574354.0,1790574354,133.6771,32.9139,9761.22,False,221.78,243.55,0.65,,10408.92,3756,False,0,2026-09-28 05:49:42.078546
78206e,CSZ240  ,China,1790574572.0,1790574572,103.9989,1.3621,,True,5.4,174.38,,,,,False,0,2026-09-28 05:49:42.078546
846a34,JJP14   ,Japan,1790574521.0,1790574521,122.4903,25.6181,7894.32,False,243.69,51.94,1.3,,8267.7,,False,0,2026-09-28 05:49:42.078546
ac858a,AVA201  ,United States,1790574574.0,1790574575,-77.567,26.9602,10668.0,False,221.56,176.81,0.0,,11247.12,,False,0,2026-09-28 05:49:42.078546
782089,CSN5300 ,China,1790574574.0,1790574575,117.549,40.4198,11003.28,False,196.86,211.86,0.0,,11323.32,,False,0,2026-09-28 05:49:42.078546
3c64a2,DLH585  ,Germany,1790574574.0,1790574574,8.8072,50.1108,1127.76,False,95.38,249.81,-5.85,,1272.54,1000,False,0,2026-09-28 05:49:42.078546
a21ba0,FFT4505 ,United States,1790574457.0,1790574536,-110.4222,36.2981,11582.4,False,183.66,255.73,0.0,,12192.0,1107,False,0,2026-09-28 05:49:42.078546
a1c82a,UAL837  ,United States,1790574569.0,1790574573,144.7544,35.3654,10363.2,False,234.52,295.05,0.0,,11018.52,,False,0,2026-09-28 05:49:42.078546
a760ce,UAL2837 ,United States,1790574557.0,1790574557,-122.3852,37.6203,,True,0.0,28.12,,,,,False,0,2026-09-28 05:49:42.078546
3c64a6,DLH3RJ  ,Germany,1790574566.0,1790574574,15.1244,43.6861,10363.2,False,228.19,316.74,0.0,,10797.54,7730,False,0,2026-09-28 05:49:42.078546
3c64a4,DLH52F  ,Germany,1790574574.0,1790574574,8.5411,49.7928,2651.76,False,148.31,177.42,13.33,,2857.5,1000,False,0,2026-09-28 05:49:42.078546
3c64a3,DLH2606 ,Germany,1790574575.0,1790574575,12.857,49.8248,9144.0,False,216.96,8.59,0.0,,9540.24,1000,False,0,2026-09-28 05:49:42.078546
aba282,N849NP  ,United States,1790574263.0,1790574270,-86.8849,36.1838,144.78,False,5.3,29.05,-1.3,,137.16,,False,0,2026-09-28 05:49:42.078546
aba281,AAL1580 ,United States,1790574574.0,1790574574,-99.2898,32.7903,7924.8,False,237.15,273.73,0.0,,8374.38,,False,0,2026-09-28 05:49:42.078546
3c64ae,DLH9MN  ,Germany,1790574574.0,1790574574,11.0486,48.4332,10668.0,False,233.94,134.02,0.0,,11125.2,7702,False,0,2026-09-28 05:49:42.078546
aa31ed,SKW6460 ,United States,1790574574.0,1790574575,-93.1156,41.4519,10972.8,False,227.26,259.96,0.0,,11391.9,,False,0,2026-09-28 05:49:42.078546
3c64ab,DLH7VT  ,Germany,1790574574.0,1790574574,6.5048,56.9363,10668.0,False,214.13,156.95,0.0,,10927.08,3533,False,0,2026-09-28 05:49:42.078546
3c64aa,DLH2X   ,Germany,1790574574.0,1790574575,13.3057,51.8232,3208.02,False,156.41,347.66,-4.88,,3421.38,1000,False,0,2026-09-28 05:49:42.078546
4080f6,EZY634M ,United Kingdom,1790574575.0,1790574575,-2.3308,54.3293,10972.8,False,234.15,329.21,0.0,,11094.72,1252,False,0,2026-09-28 05:49:42.078546
a95f67,N70275  ,United States,1790574405.0,1790574487,-117.1447,32.8154,17190.72,True,8.23,244.69,,,,1200,False,0,2026-09-28 05:49:42.078546
a46ed7,N385L   ,United States,1790574420.0,1790574422,-86.2624,39.7142,274.32,False,47.65,314.56,-2.6,,274.32,,False,0,2026-09-28 05:49:42.078546
ad928d,AMX564  ,United States,1790574575.0,1790574575,-87.4323,21.2231,1234.44,False,137.37,89.36,-6.83,,1303.02,,False,0,2026-09-28 05:49:42.078546
a45ba2,DAL1091 ,United States,1790574574.0,1790574574,-112.3366,40.8444,3474.72,False,160.95,290.0,8.45,,3581.4,6041,False,0,2026-09-28 05:49:42.078546
ac729c,SWA3176 ,United States,1790574571.0,1790574574,-118.4951,38.0247,10111.74,False,229.53,305.33,-4.88,,10424.16,,False,0,2026-09-28 05:49:42.078546
7c7f51,ZFN     ,Australia,1790574572.0,1790574572,149.622,-35.0534,1371.6,False,51.4,48.65,-0.33,,1531.62,,False,0,2026-09-28 05:49:42.078546
c083aa,WJA154  ,Canada,1790574568.0,1790574573,-114.0026,51.127,,True,0.0,90.0,,,,,False,0,2026-09-28 05:49:42.078546
a83f63,SKW4733 ,United States,1790574574.0,1790574574,-103.812,39.75,5288.28,False,194.94,99.26,8.78,,5554.98,3203,False,0,2026-09-28 05:49:42.078546
a1c86a,N214AM  ,United States,1790574574.0,1790574574,-87.1623,30.6295,777.24,False,62.51,13.81,-0.33,,784.86,0477,False,0,2026-09-28 05:49:42.078546
a1b535,UAL880  ,United States,1790574575.0,1790574575,-5.028,51.647,11582.4,False,262.65,100.5,0.0,,11711.94,7721,False,0,2026-09-28 05:49:42.078546
02a1ac,LBT612  ,Tunisia,1790574574.0,1790574574,10.1255,38.6679,10972.8,False,224.68,11.49,0.33,,11422.38,6155,False,0,2026-09-28 05:49:42.078546
abfd00,SWA4404 ,United States,1790574574.0,1790574574,-118.3982,34.4948,10713.72,False,197.17,251.75,-16.58,,11231.88,7213,False,0,2026-09-28 05:49:42.078546
c82315,ANZ020M ,New Zealand,1790574574.0,1790574574,175.2569,-37.0958,2506.98,False,95.14,311.27,-4.55,,2522.22,,False,0,2026-09-28 05:49:42.078546
7c7f29,ZEJ     ,Australia,1790574574.0,1790574574,144.7753,-37.9266,152.4,False,52.27,349.8,0.33,,289.56,1200,False,0,2026-09-28 05:49:42.078546
a903c4,FFT4339 ,United States,1790574575.0,1790574575,-107.1038,39.0205,9753.6,False,209.17,233.3,0.33,,10233.66,3236,False,0,2026-09-28 05:49:42.078546
02a1b0,LBT2046 ,Tunisia,1790574574.0,1790574574,11.5056,41.7308,10972.8,False,233.59,1.01,0.0,,11430.0,6141,False,0,2026-09-28 05:49:42.078546
c083f2,ACA886  ,Canada,1790574574.0,1790574575,16.3804,48.1725,777.24,False,89.73,115.83,-4.88,,937.26,1174,False,0,2026-09-28 05:49:42.078546
8687bc,ANA1211 ,Japan,1790574454.0,1790574554,130.6638,32.5897,7932.42,False,228.87,183.61,5.53,,8481.06,,False,0,2026-09-28 05:49:42.078546
3f5bff,GAF199  ,Germany,1790574575.0,1790574575,-9.7829,50.8948,10050.78,False,222.16,93.58,0.98,,10157.46,2037,False,0,2026-09-28 05:49:42.078546
abc7a3,SWA1420 ,United States,1790574574.0,1790574574,-111.9943,33.9558,6408.42,False,216.77,19.98,11.38,,6713.22,,False,0,2026-09-28 05:49:42.078546
aa44cd,UAL860  ,United States,1790574574.0,1790574574,-61.7309,11.5673,10363.2,False,242.57,325.8,0.0,,11003.28,,False,0,2026-09-28 05:49:42.078546
aa44cf,UAL170  ,United States,1790574574.0,1790574574,7.2444,48.1426,11277.6,False,234.21,153.1,0.0,,11711.94,2221,False,0,2026-09-28 05:49:42.078546
c82336,ANZ155M ,New Zealand,1790574573.0,1790574574,176.216,-37.9136,1866.9,False,127.71,115.53,-6.18,,1866.9,,False,0,2026-09-28 05:49:42.078546
aa4548,AAL174  ,United States,1790574575.0,1790574575,-7.9185,53.6856,11887.2,False,266.02,97.22,0.0,,11902.44,1426,False,0,2026-09-28 05:49:42.078546
c82349,ANZ896M ,New Zealand,1790574573.0,1790574573,174.8079,-41.3311,,True,6.69,182.81,,,,,False,0,2026-09-28 05:49:42.078546
44d9a6,OOVMF   ,Belgium,1790574574.0,1790574574,4.4945,50.9083,,True,10.29,64.69,,,,,False,0,2026-09-28 05:49:42.078546
ac9869,N       ,United States,1790574575.0,1790574575,-122.7195,45.5629,1508.76,False,51.97,268.87,0.0,,1524.0,0314,False,0,2026-09-28 05:49:42.078546
ad0851,AAL624  ,United States,1790574574.0,1790574574,-111.7672,35.4453,7924.8,False,232.16,277.9,0.0,,8313.42,,False,0,2026-09-28 05:49:42.078546
702c21,N       ,Bangladesh,1790574452.0,1790574454,89.156,23.1889,175.26,False,33.44,143.13,-2.93,,76.2,5023,False,0,2026-09-28 05:49:42.078546
3994cf,RIV152  ,France,1790574575.0,1790574575,-0.263,45.4562,8534.4,False,152.47,328.24,0.0,,8892.54,4335,False,0,2026-09-28 05:49:42.078546
896c43,RBDN930 ,United Arab Emirates,1790574575.0,1790574575,54.944,24.5102,1280.16,False,85.36,63.9,0.0,,1295.4,,False,0,2026-09-28 05:49:42.078546
782148,CXA8128 ,China,1790574573.0,1790574574,116.9583,38.5111,4206.24,False,206.74,173.14,0.0,,4335.78,,False,0,2026-09-28 05:49:42.078546
39e4ac,AFR16MC ,France,1790574574.0,1790574574,5.0342,46.4983,10363.2,False,229.11,2.32,0.0,,10805.16,1000,False,0,2026-09-28 05:49:42.078546
4a08e9,ROT371Q ,Romania,1790574574.0,1790574574,20.0354,46.809,10363.2,False,221.58,293.83,0.0,,10706.1,1000,False,0,2026-09-28 05:49:42.078546
782158,DKH1355 ,China,1790574416.0,1790574416,115.4471,3.0992,12184.38,False,258.73,188.81,-0.33,,13030.2,,False,0,2026-09-28 05:49:42.078546
4080f1,AZG771  ,United Kingdom,1790574574.0,1790574574,24.2204,45.5311,10363.2,False,245.44,298.82,0.0,,10629.9,1000,False,0,2026-09-28 05:49:42.078546
4080db,BAW639  ,United Kingdom,1790574566.0,1790574566,17.5669,42.5551,10972.8,False,217.97,309.06,0.0,,11399.52,,False,0,2026-09-28 05:49:42.078546
7c2496,POL56   ,Australia,1790574564.0,1790574564,136.0925,-31.0246,5181.6,False,135.61,149.45,0.33,,5478.78,,False,0,2026-09-28 05:49:42.078546
4080de,EXS13C  ,United Kingdom,1790574575.0,1790574575,-1.12,53.3387,7330.44,False,218.88,104.98,8.78,,7505.7,0555,False,0,2026-09-28 05:49:42.078546
769101,,Singapore,1790574573.0,1790574573,106.3544,2.4574,10972.8,False,238.84,27.45,0.0,,11719.56,,False,0,2026-09-28 05:49:42.078546
4080e2,EXS3XZ  ,United Kingdom,1790574574.0,1790574574,-1.824,52.1268,11277.6,False,204.64,150.15,0.0,,11483.34,5232,False,0,2026-09-28 05:49:42.078546
a65512,FALCON7 ,United States,1790574530.0,1790574530,-111.6424,33.3031,487.68,False,20.37,315.0,-1.63,,441.96,,False,0,2026-09-28 05:49:42.078546
4080e0,BAW871  ,United Kingdom,1790574574.0,1790574574,18.9644,47.7486,3825.24,False,190.09,339.9,13.0,,4046.22,,False,0,2026-09-28 05:49:42.078546
0a0021,DAH1009 ,Algeria,1790574571.0,1790574571,2.3863,48.7381,,True,3.6,109.69,,,,,False,0,2026-09-28 05:49:42.078546
a7b0f5,STT331  ,United States,1790574573.0,1790574574,-157.1021,20.8444,2446.02,False,113.8,284.66,0.0,,2590.8,,False,0,2026-09-28 05:49:42.078546
86d6c8,ANA796  ,Japan,1790574575.0,1790574575,140.1683,35.5926,1569.72,False,122.9,352.79,0.0,,1638.3,2043,False,0,2026-09-28 05:49:42.078546
861f88,JAL8664 ,Japan,1790574318.0,1790574320,122.3819,25.5902,8846.82,False,241.79,36.87,0.0,,9456.42,,False,0,2026-09-28 05:49:42.078546
7c6ae5,VEF     ,Australia,1790574444.0,1790574553,153.1312,-27.3801,-99.06,False,49.24,207.37,0.0,,45.72,1277,False,0,2026-09-28 05:49:42.078546
7c6ae3,LR455   ,Australia,1790574574.0,1790574575,152.6738,-25.7702,3657.6,False,140.65,339.44,0.0,,3878.58,,False,0,2026-09-28 05:49:42.078546
00bce7,ZSXBA   ,South Africa,1790574574.0,1790574574,27.9106,-25.858,2232.66,False,87.28,336.0,5.53,,2392.68,,False,0,2026-09-28 05:49:42.078546
3981e4,TJT31DR ,France,1790574574.0,1790574574,0.1929,44.9439,7315.2,False,149.03,328.12,-0.33,,7680.96,1000,False,0,2026-09-28 05:49:42.078546
3c64f0,DLH759  ,Germany,1790574575.0,1790574575,13.5089,48.4295,11277.6,False,234.5,299.43,0.0,,11711.94,3222,False,0,2026-09-28 05:49:42.078546
7c6ae9,VOZ655  ,Australia,1790574574.0,1790574574,149.4506,-34.8934,3931.92,False,109.8,24.64,3.9,,4122.42,3667,False,0,2026-09-28 05:49:42.078546
4080c1,RUK7NA  ,United Kingdom,1790574574.0,1790574574,5.8707,55.0077,11277.6,False,237.39,109.5,0.0,,11559.54,0755,False,0,2026-09-28 05:49:42.078546
a2d58d,N282BL  ,United States,1790574574.0,1790574574,-81.6784,27.02,1363.98,False,50.93,179.42,0.0,,1379.22,,False,0,2026-09-28 05:49:42.078546
4b28e3,HBPMP   ,Switzerland,1790574325.0,1790574325,6.6173,46.5438,,True,0.06,177.19,,,,,False,0,2026-09-28 05:49:42.078546
c8237a,ANZ122M ,New Zealand,1790574572.0,1790574574,174.9639,-37.9411,6156.96,False,156.91,359.62,-8.78,,6126.48,,False,0,2026-09-28 05:49:42.078546
3c64f8,DLH648  ,Germany,1790574574.0,1790574575,9.9895,49.6157,4831.08,False,173.72,300.82,-7.48,,5113.02,3212,False,0,2026-09-28 05:49:42.078546
3981eb,CCM84DE ,France,1790574575.0,1790574575,5.6396,42.5907,4876.8,False,141.61,294.24,0.0,,5151.12,4731,False,0,2026-09-28 05:49:42.078546
4a08ed,ROT361U ,Romania,1790574575.0,1790574575,26.1971,44.6088,967.74,False,97.39,331.27,4.23,,1097.28,,False,0,2026-09-28 05:49:42.078546
4b15d8,EDW19J  ,Switzerland,1790574574.0,1790574574,8.5543,47.4602,,True,2.57,0.0,,,,2003,False,0,2026-09-28 05:49:42.078546
3c6635,DLH893  ,Germany,1790574574.0,1790574574,9.8352,50.6109,5135.88,False,177.45,229.94,-5.2,,5440.68,1000,False,0,2026-09-28 05:49:42.078546
3c6634,DLH7JW  ,Germany,1790574574.0,1790574574,11.4935,50.9126,8473.44,False,244.36,250.95,-5.2,,8877.3,1000,False,0,2026-09-28 05:49:42.078546
702c8a,82330   ,Bangladesh,1790574574.0,1790574574,89.1917,23.1462,358.14,False,54.88,59.59,0.0,,274.32,,False,0,2026-09-28 05:49:42.078546
7c6b9b,VJH     ,Australia,1790574574.0,1790574574,145.1788,-38.5241,914.4,False,75.96,98.57,0.0,,1059.18,1200,False,0,2026-09-28 05:49:42.078546
a1c7c1,UAL950  ,United States,1790574574.0,1790574574,3.1722,51.081,5334.0,False,224.88,91.44,-7.8,,5570.22,2052,False,0,2026-09-28 05:49:42.078546
861ef8,ANA679  ,Japan,1790574574.0,1790574575,139.2873,35.6721,7589.52,False,204.38,265.38,10.4,,7978.14,2253,False,0,2026-09-28 05:49:42.078546
4b15ed,EDW56Z  ,Switzerland,1790574574.0,1790574574,19.3002,43.7159,10668.0,False,237.49,126.1,0.0,,11041.38,3034,False,0,2026-09-28 05:49:42.078546
4b15ee,EDW214A ,Switzerland,1790574574.0,1790574574,-0.5459,43.3248,10668.0,False,203.35,235.3,0.0,,11109.96,3075,False,0,2026-09-28 05:49:42.078546
4b15ef,EDW752X ,Switzerland,1790574574.0,1790574574,15.7749,39.3124,3352.8,False,145.27,155.52,0.33,,3566.16,1000,False,0,2026-09-28 05:49:42.078546
a1fd03,SWA834  ,United States,1790574572.0,1790574572,-111.9974,33.4328,,True,4.12,70.31,,,,3220,False,0,2026-09-28 05:49:42.078546
3c6643,DLH7XV  ,Germany,1790574574.0,1790574574,12.6803,49.056,6248.4,False,236.63,210.58,-11.05,,6560.82,1000,False,0,2026-09-28 05:49:42.078546
3c6641,DLH172  ,Germany,1790574549.0,1790574558,13.4912,52.3509,,True,43.21,67.5,,,,1000,False,0,2026-09-28 05:49:42.078546
a0a7d6,N141QS  ,United States,1790574561.0,1790574571,115.9577,-31.9272,,True,0.0,45.0,,,,1207,False,0,2026-09-28 05:49:42.078546
3c6657,DLH035  ,Germany,1790574574.0,1790574574,9.6638,53.2117,4640.58,False,185.37,186.53,5.85,,4876.8,1334,False,0,2026-09-28 05:49:42.078546
3c6659,DLH306  ,Germany,1790574574.0,1790574575,12.0088,40.1028,11894.82,False,229.17,164.37,0.0,,12336.78,1000,False,0,2026-09-28 05:49:42.078546
3c664c,DLH333  ,Germany,1790574574.0,1790574574,8.99,50.1355,1173.48,False,99.77,249.79,0.0,,1280.16,1000,False,0,2026-09-28 05:49:42.078546
861ede,JAL646  ,Japan,1790574574.0,1790574574,139.924,35.7382,1242.06,False,90.36,215.5,-6.83,,1249.68,1752,False,0,2026-09-28 05:49:42.078546
7c6b95,LS30    ,Australia,1790574575.0,1790574575,144.655,-38.1644,312.42,False,55.23,62.24,0.98,,472.44,1200,False,0,2026-09-28 05:49:42.078546
3c6650,DLH5KW  ,Germany,1790574573.0,1790574574,9.8663,50.9446,6362.7,False,202.63,201.29,-5.53,,6697.98,1000,False,0,2026-09-28 05:49:42.078546
3c7983,CFG1ML  ,Germany,1790574575.0,1790574575,2.7307,41.0671,9441.18,False,235.23,181.88,-6.5,,9921.24,1000,False,0,2026-09-28 05:49:42.078546
40815c,EZY47UP ,United Kingdom,1790574574.0,1790574574,-6.2821,54.5232,2499.36,False,143.0,145.11,15.93,,2560.32,,False,0,2026-09-28 05:49:42.078546
3c7984,CFG6ZW  ,Germany,1790574573.0,1790574574,2.998,39.4108,3291.84,False,146.15,268.59,-3.25,,3520.44,1000,False,0,2026-09-28 05:49:42.078546
3c7985,CFG3FZ  ,Germany,1790574574.0,1790574574,2.7128,40.7494,9433.56,False,207.41,181.71,-9.1,,9906.0,1000,False,0,2026-09-28 05:49:42.078546
3c7981,CFG7LD  ,Germany,1790574574.0,1790574574,5.3877,44.0971,10668.0,False,223.42,197.14,0.0,,11148.06,1000,False,0,2026-09-28 05:49:42.078546
a8d206,AAL531  ,United States,1790574574.0,1790574574,-95.9116,36.3182,739.14,False,77.9,102.2,0.0,,754.38,2206,False,0,2026-09-28 05:49:42.078546
a9aebe,AAL175  ,United States,1790574553.0,1790574553,139.8008,35.5363,,True,9.26,329.06,,,,3123,False,0,2026-09-28 05:49:42.078546
a9aebc,ASA1449 ,United States,1790574575.0,1790574575,-121.2091,36.2683,6667.5,False,202.09,322.34,-9.75,,6827.52,7344,False,0,2026-09-28 05:49:42.078546
aa457b,CSB821  ,United States,1790574574.0,1790574574,-80.219,36.0424,1318.26,False,120.26,138.47,-2.6,,1303.02,,False,0,2026-09-28 05:49:42.078546
39d303,TVF40JP ,France,1790574574.0,1790574574,20.6867,40.656,11887.2,False,236.15,130.32,0.0,,12268.2,0454,False,0,2026-09-28 05:49:42.078546
39d306,TVF16XR ,France,1790574574.0,1790574574,-1.4326,43.913,11582.4,False,248.79,25.08,0.0,,11978.64,1000,False,0,2026-09-28 05:49:42.078546
39d307,TVF742F ,France,1790574575.0,1790574575,2.4444,48.7352,243.84,False,83.74,254.68,-4.23,,350.52,1000,False,0,2026-09-28 05:49:42.078546
39d308,,France,1790574572.0,1790574574,-8.6732,41.2357,,True,1.54,73.12,,,,,False,0,2026-09-28 05:49:42.078546
0d0a02,VOI1812 ,Mexico,1790574574.0,1790574574,-119.5571,36.3774,10378.44,False,243.33,328.66,0.33,,10751.82,4327,False,0,2026-09-28 05:49:42.078546
a82bf0,N62550  ,United States,1790574574.0,1790574574,-150.0835,62.3412,518.16,False,44.27,358.0,2.28,,312.42,,False,0,2026-09-28 05:49:42.078546
861eb4,ADO84   ,Japan,1790574575.0,1790574575,142.1915,43.6047,4396.74,False,164.53,227.03,14.63,,4396.74,,False,0,2026-09-28 05:49:42.078546
7103d6,,Saudi Arabia,1790574550.0,1790574554,67.1094,24.1406,11277.6,False,273.18,90.54,0.0,,11932.92,,False,0,2026-09-28 05:49:42.078546
7103d8,SVA038  ,Saudi Arabia,1790574574.0,1790574574,2.939,45.5583,10668.0,False,255.07,121.22,0.0,,11109.96,2254,False,0,2026-09-28 05:49:42.078546
0d0a0d,VOI713  ,Mexico,1790574537.0,1790574537,-99.073,19.4387,,True,8.75,239.06,,,,,False,0,2026-09-28 05:49:42.078546
782101,KNA8270 ,China,1790574521.0,1790574521,114.6649,39.3062,9784.08,False,189.52,221.48,0.0,,10142.22,,False,0,2026-09-28 05:49:42.078546
4009d9,SHT13Z  ,United Kingdom,1790574574.0,1790574574,-1.5058,52.1695,5730.24,False,167.35,151.54,-7.15,,5913.12,5166,False,0,2026-09-28 05:49:42.078546
3c6468,CFG9JP  ,Germany,1790574573.0,1790574573,8.5759,50.0492,,True,1.29,115.31,,,,,False,0,2026-09-28 05:49:42.078546
7820a0,UEA1859 ,China,1790574574.0,1790574574,114.7539,22.5999,7498.08,False,210.09,83.81,-0.33,,8001.0,6670,False,0,2026-09-28 05:49:42.078546
0d0e2b,VIV1323 ,Mexico,1790574528.0,1790574528,-99.4067,19.6946,4533.9,False,147.31,131.04,-4.23,,4968.24,,False,0,2026-09-28 05:49:42.078546
4843f2,KLM686  ,Kingdom of the Netherlands,1790574574.0,1790574574,-77.094,36.3857,11277.6,False,272.77,66.43,0.0,,11696.7,2655,False,0,2026-09-28 05:49:42.078546
acd296,AAL3035 ,United States,1790574574.0,1790574575,-111.0298,34.9027,9448.8,False,263.66,77.83,0.33,,9951.72,2010,False,0,2026-09-28 05:49:42.078546
0d0e3a,VOI7810 ,Mexico,1790574574.0,1790574574,-115.9177,32.7925,11590.02,False,212.13,301.92,0.33,,12222.48,7366,False,0,2026-09-28 05:49:42.078546
3c6473,CFG6UY  ,Germany,1790574574.0,1790574574,10.0009,53.6367,,True,1.8,241.88,,,,1374,False,0,2026-09-28 05:49:42.078546
7c6d78,JST944  ,Australia,1790574574.0,1790574574,144.8479,-37.6632,,True,1.29,5.62,,,,,False,0,2026-09-28 05:49:42.078546
4b5d9b,ATL781  ,Switzerland,1790574560.0,1790574560,8.5571,47.4541,,True,0.0,236.25,,,,,False,0,2026-09-28 05:49:42.078546
7c6d75,JST519  ,Australia,1790574574.0,1790574575,146.1885,-37.1622,8168.64,False,209.03,236.54,-11.38,,8458.2,3267,False,0,2026-09-28 05:49:42.078546
7583de,RPC629  ,Philippines,1790574574.0,1790574574,121.3136,13.9143,3611.88,False,157.48,346.78,-4.88,,3870.96,,False,0,2026-09-28 05:49:42.078546
3c6483,DLH85N  ,Germany,1790574574.0,1790574574,1.7257,48.4496,10980.42,False,249.12,66.77,0.33,,11330.94,1000,False,0,2026-09-28 05:49:42.078546
3c6482,DLH78H  ,Germany,1790574574.0,1790574574,6.3095,49.6476,7940.04,False,235.82,63.16,-5.85,,8305.8,1000,False,0,2026-09-28 05:49:42.078546
3c6489,DLH9LL  ,Germany,1790574574.0,1790574574,10.596,48.7159,10591.8,False,233.91,139.55,4.55,,11018.52,1000,False,0,2026-09-28 05:49:42.078546
3c6488,DLH5PP  ,Germany,1790574574.0,1790574574,13.621,49.2424,10668.0,False,243.97,121.81,0.0,,11087.1,1000,False,0,2026-09-28 05:49:42.078546
46f0a7,,Greece,1790574458.0,1790574458,23.9513,37.9422,,True,6.17,309.38,,,,,False,0,2026-09-28 05:49:42.078546
3c648e,DLH8HW  ,Germany,1790574574.0,1790574574,8.5733,51.7614,3390.9,False,149.82,323.8,-6.5,,3604.26,0613,False,0,2026-09-28 05:49:42.078546
3c648d,DLH01J  ,Germany,1790574343.0,1790574343,11.7977,48.3508,,True,8.23,84.38,,,,1000,False,0,2026-09-28 05:49:42.078546
3c648c,DLH3HH  ,Germany,1790574574.0,1790574574,10.367,49.0629,7010.4,False,214.7,133.45,0.0,,7360.92,1000,False,0,2026-09-28 05:49:42.078546
3c648f,EWG24X  ,Germany,1790574575.0,1790574575,18.4906,46.2231,11277.6,False,244.17,133.55,0.0,,11658.6,6432,False,0,2026-09-28 05:49:42.078546
7820d9,CBJ407  ,China,1790574380.0,1790574396,73.1643,18.9972,502.92,False,78.29,262.83,-3.25,,449.58,,False,0,2026-09-28 05:49:42.078546
7583f8,CEB4300 ,Philippines,1790574574.0,1790574574,120.9799,14.5702,3840.48,False,173.22,326.88,-6.18,,4137.66,,False,0,2026-09-28 05:49:42.078546
3c6490,EWG5QR  ,Germany,1790574575.0,1790574575,7.5511,51.5134,3108.96,False,140.34,253.82,-6.5,,3307.08,1000,False,0,2026-09-28 05:49:42.078546
0d0e5b,VIV1374 ,Mexico,,1790574574,,,,False,87.88,59.38,0.65,,,,False,0,2026-09-28 05:49:42.078546
3c6496,EWG47E  ,Germany,1790574574.0,1790574574,5.882,45.3443,10668.0,False,227.92,190.93,0.0,,11109.96,1000,False,0,2026-09-28 05:49:42.078546
3c6494,EWG2K   ,Germany,1790574574.0,1790574574,11.4109,45.6146,11285.22,False,227.11,157.21,0.0,,11742.42,1000,False,0,2026-09-28 05:49:42.078546
3c6498,DLH9TT  ,Germany,1790574575.0,1790574575,9.9232,52.4479,769.62,False,92.2,272.88,-4.88,,891.54,1000,False,0,2026-09-28 05:49:42.078546
3c6497,DLH06E  ,Germany,1790574575.0,1790574575,-8.2972,39.4585,5798.82,False,229.18,44.64,5.85,,6065.52,2015,False,0,2026-09-28 05:49:42.078546
3c6427,CFG4TK  ,Germany,1790574574.0,1790574574,23.2793,40.7795,10668.0,False,246.37,150.06,0.0,,10995.66,6034,False,0,2026-09-28 05:49:42.078546
3c6426,CFG1DJ  ,Germany,1790574574.0,1790574574,14.6459,46.002,10668.0,False,240.22,154.37,0.0,,11102.34,5552,False,0,2026-09-28 05:49:42.078546
4b1619,SWR4KG  ,Switzerland,1790574574.0,1790574574,14.1698,44.7163,11285.22,False,235.54,140.05,0.0,,11742.42,1000,False,0,2026-09-28 05:49:42.078546
86d996,,Japan,1790574570.0,1790574571,127.4878,32.1579,12489.18,False,266.26,74.19,0.0,,13258.8,4415,False,0,2026-09-28 05:49:42.078546
c080dc,ACA754  ,Canada,1790574559.0,1790574564,-71.0196,42.3632,,True,0.0,137.81,,,,,False,0,2026-09-28 05:49:42.078546
c080db,ACA508  ,Canada,1790574569.0,1790574573,-79.607,43.6793,,True,0.0,227.81,,,,6546,False,0,2026-09-28 05:49:42.078546
440c8e,AUA240  ,Austria,1790574574.0,1790574575,15.8843,49.5569,8702.04,False,238.63,147.68,-5.2,,9105.9,1000,False,0,2026-09-28 05:49:42.078546
a410b3,ASA820  ,United States,1790574453.0,1790574455,-121.5905,38.6954,,True,0.06,317.81,,,,2446,False,0,2026-09-28 05:49:42.078546
3c6421,CFG4YZ  ,Germany,1790574574.0,1790574574,19.1167,41.4181,11277.6,False,242.35,155.01,0.0,,11673.84,7215,False,0,2026-09-28 05:49:42.078546
7c6d9e,QFA620  ,Australia,1790574575.0,1790574575,149.5132,-32.6508,10668.0,False,266.18,37.22,0.0,,10957.56,1360,False,0,2026-09-28 05:49:42.078546
7c6d9b,QFA449  ,Australia,1790574304.0,1790574304,144.8496,-37.6662,,True,0.0,222.19,,,,4212,False,0,2026-09-28 05:49:42.078546
7c6d9a,QFA774  ,Australia,1790574393.0,1790574402,144.8502,-37.6683,,True,0.0,261.56,,,,4212,False,0,2026-09-28 05:49:42.078546
39d024,FHUBE   ,France,1790574318.0,1790574318,8.861,42.4397,777.24,False,66.7,275.75,-17.56,,1744.98,,False,0,2026-09-28 05:49:42.078546
440c8c,AUA991D ,Austria,1790574575.0,1790574575,15.0771,49.689,9913.62,False,235.69,336.46,6.18,,10332.72,4545,False,0,2026-09-28 05:49:42.078546
440c8d,AUA21C  ,Austria,1790574574.0,1790574574,15.2263,49.334,9334.5,False,227.93,330.08,6.83,,9738.36,5141,False,0,2026-09-28 05:49:42.078546
86d96c,ANA62   ,Japan,1790574417.0,1790574417,139.7878,35.5541,,True,0.0,292.5,,,,3454,False,0,2026-09-28 05:49:42.078546
7820f7,CHH424  ,China,1790574330.0,1790574330,101.5316,22.8099,10088.88,False,226.79,21.56,0.0,,9570.72,,False,0,2026-09-28 05:49:42.078546
3c6433,CFG8NP  ,Germany,1790574574.0,1790574575,16.5658,48.036,1082.04,False,118.77,228.16,10.08,,1226.82,1000,False,0,2026-09-28 05:49:42.078546
3c6448,DLH8RX  ,Germany,1790574574.0,1790574574,10.5735,49.8676,8839.2,False,206.32,85.85,0.0,,9243.06,1000,False,0,2026-09-28 05:49:42.078546
abfa24,AAL150  ,United States,1790574574.0,1790574574,-79.5662,47.5917,11887.2,False,255.48,54.84,0.0,,12260.58,6510,False,0,2026-09-28 05:49:42.078546
a4cf26,QFA7552 ,United States,1790574574.0,1790574574,-96.0842,41.0284,12192.0,False,241.64,258.33,0.0,,12664.44,,False,0,2026-09-28 05:49:42.078546
84106c,JJP405  ,Japan,1790574573.0,1790574573,140.3977,35.7678,,True,10.8,208.12,,,,,False,0,2026-09-28 05:49:42.078546
7583a9,GAP2143 ,Philippines,1790574570.0,1790574570,121.015,14.5077,,True,4.63,61.88,,,,,False,0,2026-09-28 05:49:42.078546
400896,LOG51D  ,United Kingdom,1790574574.0,1790574574,-7.2741,55.0248,937.26,False,96.04,249.62,13.33,,1013.46,,False,0,2026-09-28 05:49:42.078546
3c6441,DLH3VR  ,Germany,1790574574.0,1790574574,6.7545,46.6613,3345.18,False,148.76,211.71,-0.65,,3589.02,1000,False,0,2026-09-28 05:49:42.078546
c820d1,ANZ7    ,New Zealand,1790574574.0,1790574574,-124.2516,36.6412,7094.22,False,245.6,233.35,5.2,,7261.86,6324,False,0,2026-09-28 05:49:42.078546
4b161e,EDW402  ,Switzerland,1790574574.0,1790574574,17.5212,43.7247,10675.62,False,241.18,135.43,0.0,,11094.72,3035,False,0,2026-09-28 05:49:42.078546
7c6d7c,JST520  ,Australia,1790574575.0,1790574575,149.5505,-34.6697,8511.54,False,242.55,62.18,-9.43,,8747.76,4014,False,0,2026-09-28 05:49:42.078546
4b1620,EDW186  ,Switzerland,1790574573.0,1790574573,19.7564,42.9152,10660.38,False,239.77,130.39,0.0,,11033.76,3056,False,0,2026-09-28 05:49:42.078546
151df9,SDM6953 ,Russian Federation,1790574574.0,1790574574,34.9699,38.2733,10363.2,False,212.84,223.92,0.33,,10645.14,,False,0,2026-09-28 05:49:42.078546
3c644e,EW123   ,Germany,1790574568.0,1790574568,13.4843,52.3386,,True,22.12,70.31,,,,,False,0,2026-09-28 05:49:42.078546
3c644d,LHX12T  ,Germany,1790574574.0,1790574574,1.2104,43.7747,982.98,False,91.04,145.59,-1.95,,1097.28,1000,False,0,2026-09-28 05:49:42.078546
7c6d7e,JST954  ,Australia,1790574574.0,1790574574,149.9869,-32.382,9570.72,False,252.65,341.23,3.25,,9829.8,1465,False,0,2026-09-28 05:49:42.078546
7c6d95,QFA686  ,Australia,1790574574.0,1790574575,144.8254,-37.6019,297.18,False,76.47,171.49,-4.23,,457.2,7076,False,0,2026-09-28 05:49:42.078546
7583b7,CEB2267 ,Philippines,1790574575.0,1790574575,120.91,14.3838,3550.92,False,154.18,154.72,13.0,,3810.0,,False,0,2026-09-28 05:49:42.078546
7c6d94,QFA687  ,Australia,1790574575.0,1790574575,139.4377,-35.7852,6918.96,False,186.95,294.38,-10.73,,7231.38,7245,False,0,2026-09-28 05:49:42.078546
7c6d92,QFA645  ,Australia,1790574573.0,1790574574,116.4415,-31.8919,2339.34,False,136.4,301.11,-7.8,,2362.2,7237,False,0,2026-09-28 05:49:42.078546
7c6d91,QFA777  ,Australia,1790574562.0,1790574567,115.9618,-31.9324,0.0,True,0.0,219.38,,,,4230,False,0,2026-09-28 05:49:42.078546
a0ec98,BRIO66  ,United States,1790574570.0,1790574572,28.9802,44.2332,5303.52,False,143.1,116.47,11.05,,5486.4,,False,0,2026-09-28 05:49:42.078546
44b0c3,ABB870  ,Belgium,1790574574.0,1790574575,15.6538,48.4341,10058.4,False,268.21,121.19,0.0,,10447.02,7130,False,0,2026-09-28 05:49:42.078546
0d0e1d,AMX322  ,Mexico,1790574574.0,1790574575,-97.1846,19.0038,10546.08,False,233.17,109.59,6.5,,11269.98,,False,0,2026-09-28 05:49:42.078546
7c6d99,QFA886  ,Australia,1790574566.0,1790574566,115.9614,-31.9346,,True,0.0,300.94,,,,,False,0,2026-09-28 05:49:42.078546
758526,PAL319  ,Philippines,1790574574.0,1790574574,113.9786,22.0309,4069.08,False,208.86,102.08,10.08,,4290.06,,False,0,2026-09-28 05:49:42.078546
86d8cc,SJO464  ,Japan,1790574574.0,1790574574,132.0471,33.8253,6256.02,False,214.89,77.0,3.9,,6606.54,,False,0,2026-09-28 05:49:42.078546
a0b821,UAL1495 ,United States,1790574565.0,1790574574,-115.6452,38.4634,7917.18,False,217.86,256.62,0.0,,8206.74,,False,0,2026-09-28 05:49:42.078546
c820f4,ANZ448  ,New Zealand,1790574305.0,1790574474,174.8329,-37.3681,1546.86,False,123.65,14.21,0.65,,1615.44,,False,0,2026-09-28 05:49:42.078546
4869be,TRA43X  ,Kingdom of the Netherlands,1790574574.0,1790574574,1.9028,46.7999,11285.22,False,211.0,194.54,-0.33,,11666.22,1000,False,0,2026-09-28 05:49:42.078546
4869bf,TRA41M  ,Kingdom of the Netherlands,1790574569.0,1790574573,21.6348,42.873,10675.62,False,253.75,148.6,0.0,,11010.9,0174,False,0,2026-09-28 05:49:42.078546
4869bd,TRA60J  ,Kingdom of the Netherlands,1790574574.0,1790574574,1.3158,46.6075,10675.62,False,216.89,210.03,0.0,,11056.62,2145,False,0,2026-09-28 05:49:42.078546
e490c2,LAN610  ,Brazil,1790574574.0,1790574574,-64.4678,-31.2328,10363.2,False,197.68,249.11,0.0,,10896.6,,False,0,2026-09-28 05:49:42.078546
a770a2,,United States,1790574569.0,1790574574,-81.3145,28.4144,,True,0.0,95.62,,,,,False,0,2026-09-28 05:49:42.078546
e490c8,LTG8460 ,Brazil,1790574497.0,1790574497,-78.5152,0.3413,5661.66,False,190.78,337.65,5.53,,5974.08,,False,0,2026-09-28 05:49:42.078546
a9bf4b,DAL1732 ,United States,1790574574.0,1790574574,-104.6113,41.2493,10972.8,False,189.23,252.6,0.0,,11452.86,1460,False,0,2026-09-28 05:49:42.078546
758503,N       ,Philippines,1790574575.0,1790574575,121.1854,14.4976,304.8,False,49.62,287.5,-0.98,,358.14,,False,0,2026-09-28 05:49:42.078546
a0b802,UAL495  ,United States,1790574574.0,1790574574,-102.6378,40.4311,9730.74,False,207.0,255.76,-6.18,,10203.18,0544,False,0,2026-09-28 05:49:42.078546
4869c4,KLM74T  ,Kingdom of the Netherlands,1790574574.0,1790574574,2.1859,48.5734,10942.32,False,251.59,15.17,2.6,,11315.7,1000,False,0,2026-09-28 05:49:42.078546
846b6c,JAL512  ,Japan,1790574574.0,1790574575,141.7676,41.8427,5516.88,False,205.01,177.12,10.73,,5646.42,,False,0,2026-09-28 05:49:42.078546
4869c3,KLM1214 ,Kingdom of the Netherlands,1790574574.0,1790574574,11.1535,55.7719,10980.42,False,210.64,225.69,-0.33,,11315.7,1000,False,0,2026-09-28 05:49:42.078546
0c4354,DWI2363 ,Dominican Republic,1790574574.0,1790574574,-75.3921,38.1256,10972.8,False,228.85,194.85,0.0,,11361.42,2370,False,0,2026-09-28 05:49:42.078546
c080ad,WJA571  ,Canada,1790574575.0,1790574575,-103.3645,51.5568,10972.8,False,193.65,283.52,0.0,,11064.24,,False,0,2026-09-28 05:49:42.078546
ab627c,SWA1615 ,United States,1790574574.0,1790574574,-120.0556,45.1065,10599.42,False,221.88,290.49,-15.28,,10805.16,6536,False,0,2026-09-28 05:49:42.078546
4b1698,SWR430H ,Switzerland,1790574574.0,1790574574,6.3712,46.4579,7917.18,False,239.4,241.51,8.45,,8305.8,1000,False,0,2026-09-28 05:49:42.078546
4b1699,SWR5XL  ,Switzerland,1790574574.0,1790574574,11.9424,51.6171,7467.6,False,233.73,222.68,6.5,,7825.74,1000,False,0,2026-09-28 05:49:42.078546
7c6d2b,VOZ529  ,Australia,1790574574.0,1790574574,151.7497,-33.4195,6880.86,False,223.03,15.38,7.8,,7086.6,1523,False,0,2026-09-28 05:49:42.078546
7c6d2a,VOZ495  ,Australia,1790574563.0,1790574564,151.1806,-33.9366,-160.02,True,0.32,174.38,,,,1343,False,0,2026-09-28 05:49:42.078546
a939e8,DAL1442 ,United States,1790574574.0,1790574574,-114.1419,36.4498,5044.44,False,182.65,232.32,-2.93,,5242.56,3614,False,0,2026-09-28 05:49:42.078546
440c14,C12     ,Austria,1790574574.0,1790574574,15.7133,46.9047,419.1,False,27.24,349.11,4.55,,563.88,1657,False,0,2026-09-28 05:49:42.078546
49514e,TAP441  ,Portugal,1790574574.0,1790574574,-6.8076,42.2894,10668.0,False,212.01,210.8,0.0,,11041.38,7645,False,0,2026-09-28 05:49:42.078546
a4380f,FFT2802 ,United States,1790574575.0,1790574575,-107.5806,38.1384,10934.7,False,277.03,69.68,1.63,,11468.1,,False,0,2026-09-28 05:49:42.078546
e490ed,TAM8131 ,Brazil,1790574570.0,1790574574,-57.8876,-32.6598,10142.22,False,240.48,17.43,5.2,,10629.9,0406,False,0,2026-09-28 05:49:42.078546
49514b,TAP1685 ,Portugal,1790574574.0,1790574574,-9.0864,38.8687,1348.74,False,109.5,354.88,14.31,,1463.04,4410,False,0,2026-09-28 05:49:42.078546
495154,,Portugal,1790574522.0,1790574522,-3.5696,40.4747,,True,4.37,323.44,,,,,False,0,2026-09-28 05:49:42.078546
495155,TAP1908 ,Portugal,1790574569.0,1790574569,-9.1377,38.7738,,True,5.92,202.5,,,,4406,False,0,2026-09-28 05:49:42.078546
7c6d37,VOZ717  ,Australia,1790574574.0,1790574574,117.6941,-32.3738,10492.74,False,188.74,287.45,-17.23,,10622.28,3727,False,0,2026-09-28 05:49:42.078546
7c6d33,VOZ951  ,Australia,1790574574.0,1790574574,152.8827,-29.9412,11277.6,False,242.44,17.28,0.0,,11567.16,1265,False,0,2026-09-28 05:49:42.078546
495152,TAP557H ,Portugal,1790574574.0,1790574574,3.2222,41.9409,10668.0,False,225.64,233.16,0.33,,11170.92,6650,False,0,2026-09-28 05:49:42.078546
495153,TAP443  ,Portugal,1790574574.0,1790574574,2.3562,48.7272,,True,0.06,343.12,,,,,False,0,2026-09-28 05:49:42.078546
aa9d48,CMB187  ,United States,1790574573.0,1790574574,6.5442,40.3238,10363.2,False,249.54,76.16,0.0,,10843.26,1440,False,0,2026-09-28 05:49:42.078546
48448e,JAG3755 ,Kingdom of the Netherlands,1790574564.0,1790574564,69.4051,27.9832,10972.8,False,207.38,255.34,0.0,,11521.44,,False,0,2026-09-28 05:49:42.078546
440c31,EJU34ER ,Austria,1790574574.0,1790574574,5.3669,49.7682,11590.02,False,226.5,335.3,0.0,,11986.26,1000,False,0,2026-09-28 05:49:42.078546
440c32,EJU475W ,Austria,1790574273.0,1790574281,1.3768,43.6281,,True,0.0,53.44,,,,1000,False,0,2026-09-28 05:49:42.078546
440c34,EJU7827 ,Austria,1790574575.0,1790574575,2.9547,53.1486,9753.6,False,203.93,299.8,0.0,,10043.16,6264,False,0,2026-09-28 05:49:42.078546
440c35,EJU3857 ,Austria,1790574409.0,1790574409,4.7548,52.3136,,True,5.66,177.19,,,,1000,False,0,2026-09-28 05:49:42.078546
440c36,EJU14EF ,Austria,1790574574.0,1790574574,-2.565,36.57,10660.38,False,204.44,216.61,0.0,,11178.54,6767,False,0,2026-09-28 05:49:42.078546
440c38,EJU7841 ,Austria,1790574574.0,1790574574,2.9017,51.8104,8534.4,False,180.99,260.51,0.0,,8839.2,6263,False,0,2026-09-28 05:49:42.078546
400804,SHT6Q   ,United Kingdom,1790574574.0,1790574575,-0.3244,52.1099,5554.98,False,211.03,1.82,7.48,,5722.62,6007,False,0,2026-09-28 05:49:42.078546
a67846,FRG9516 ,United States,1790574574.0,1790574574,-84.9863,37.4128,9144.0,False,176.36,338.97,0.0,,9532.62,2052,False,0,2026-09-28 05:49:42.078546
4b027f,EZS29KH ,Switzerland,1790574574.0,1790574574,2.7125,49.4679,10355.58,False,207.94,312.29,0.0,,10721.34,6726,False,0,2026-09-28 05:49:42.078546
4b027d,EJU51HF ,Switzerland,1790574575.0,1790574575,1.064,43.7505,11277.6,False,204.85,229.99,0.0,,11727.18,6723,False,0,2026-09-28 05:49:42.078546
4b027c,EZS37KT ,Switzerland,1790574574.0,1790574575,4.0032,42.0183,11894.82,False,224.58,207.56,0.0,,12382.5,1000,False,0,2026-09-28 05:49:42.078546
782242,CES294  ,China,1790574574.0,1790574574,128.4751,32.9675,9136.38,False,208.29,250.22,0.0,,9730.74,7006,False,0,2026-09-28 05:49:42.078546
4b0280,EZS83LF ,Switzerland,1790574574.0,1790574574,17.0949,44.2066,11285.22,False,231.84,104.65,0.0,,11711.94,7221,False,0,2026-09-28 05:49:42.078546
a1c557,ASA828  ,United States,1790574574.0,1790574575,-157.4697,21.43,3154.68,False,170.89,249.93,-3.58,,3337.56,,False,0,2026-09-28 05:49:42.078546
a35ef1,AAL364  ,United States,1790574574.0,1790574575,-121.3951,37.1289,2628.9,False,143.98,278.22,-6.83,,2674.62,0513,False,0,2026-09-28 05:49:42.078546
782243,CES5011 ,China,1790574383.0,1790574383,126.4353,37.4536,,True,9.26,143.44,,,,5474,False,0,2026-09-28 05:49:42.078546
c03f02,WJA755  ,Canada,1790574555.0,1790574555,-101.4641,50.1653,10972.8,False,197.45,286.5,-0.33,,11148.06,,False,0,2026-09-28 05:49:42.078546
ac3ea3,SWA5017 ,United States,1790574575.0,1790574575,-104.5723,39.0872,3009.9,False,137.01,245.84,-4.88,,3154.68,6031,False,0,2026-09-28 05:49:42.078546
4b0274,EZS69UH ,Switzerland,1790574574.0,1790574574,1.6224,44.1805,3657.6,False,154.73,220.42,-13.0,,3893.82,1000,False,0,2026-09-28 05:49:42.078546
a0a54a,UAL844  ,United States,1790574523.0,1790574569,-59.872,8.8234,10363.2,False,255.55,330.18,0.65,,11003.28,,False,0,2026-09-28 05:49:42.078546
c03f37,WJA1504 ,Canada,1790574574.0,1790574575,-122.705,38.4475,7597.14,False,214.83,192.31,-10.73,,7734.3,1776,False,0,2026-09-28 05:49:42.078546
a29551,ASA613  ,United States,1790574574.0,1790574574,-120.6862,37.6666,7246.62,False,168.5,261.57,-9.1,,7383.78,2052,False,0,2026-09-28 05:49:42.078546
485789,KLM874  ,Kingdom of the Netherlands,1790574574.0,1790574574,6.4639,52.3256,5829.3,False,192.31,289.21,-9.1,,6103.62,3262,False,0,2026-09-28 05:49:42.078546
a5320b,ASA781  ,United States,1790574575.0,1790574575,-121.6593,47.5826,6271.26,False,219.34,105.93,9.43,,6370.32,,False,0,2026-09-28 05:49:42.078546
4246bc,VPBSA   ,United Kingdom,1790574574.0,1790574574,119.0963,20.2688,10668.0,False,260.46,225.16,0.0,,11452.86,,False,0,2026-09-28 05:49:42.078546
4246be,AHY1091 ,United Kingdom,1790574568.0,1790574568,35.7914,38.4157,10363.2,False,210.28,243.56,0.0,,10660.38,,False,0,2026-09-28 05:49:42.078546
c8221a,ANZ449  ,New Zealand,1790574574.0,1790574574,174.3705,-39.2416,10363.2,False,217.85,177.29,0.33,,10264.14,,False,0,2026-09-28 05:49:42.078546
7c6bbe,JST7    ,Australia,1790574312.0,1790574312,127.7149,-16.7466,12184.38,False,242.73,316.63,0.0,,13007.34,,False,0,2026-09-28 05:49:42.078546
a0b88f,UAL767  ,United States,1790574574.0,1790574574,-104.6865,39.9229,1737.36,False,73.06,180.81,-3.25,,1790.7,6540,False,0,2026-09-28 05:49:42.078546
4b028f,SWR5P   ,Switzerland,1790574575.0,1790574575,7.6287,47.3793,6332.22,False,204.18,289.12,13.0,,6667.5,3065,False,0,2026-09-28 05:49:42.078546
78225a,B72HG   ,China,1790574574.0,1790574574,92.5502,19.6528,167.64,False,36.19,275.71,0.33,,,,False,0,2026-09-28 05:49:42.078546
484442,KLM23V  ,Kingdom of the Netherlands,1790574574.0,1790574574,10.9801,56.6768,12496.8,False,247.49,43.15,0.0,,12801.6,1000,False,0,2026-09-28 05:49:42.078546
4b028c,SWR1667 ,Switzerland,1790574574.0,1790574574,8.4607,47.5374,807.72,False,81.22,137.82,-4.23,,937.26,1000,False,0,2026-09-28 05:49:42.078546
485778,KLC1988 ,Kingdom of the Netherlands,1790574339.0,1790574339,4.7408,52.3045,,True,10.29,151.88,,,,1000,False,0,2026-09-28 05:49:42.078546
4b028b,SWR40T  ,Switzerland,1790574574.0,1790574574,1.4449,50.7951,4762.5,False,184.69,318.05,-10.08,,4960.62,3003,False,0,2026-09-28 05:49:42.078546
4b0290,SWR27Q  ,Switzerland,1790574574.0,1790574574,7.3098,47.4447,7993.38,False,219.47,289.16,10.08,,8397.24,3054,False,0,2026-09-28 05:49:42.078546
3897ff,SECU9   ,France,1790574537.0,1790574537,5.081,45.723,,True,5.14,177.19,,,,,False,0,2026-09-28 05:49:42.078546
0d0cd9,VOI5610 ,Mexico,1790574575.0,1790574575,-114.6091,31.8032,11574.78,False,211.53,290.95,-5.2,,12268.2,,False,0,2026-09-28 05:49:42.078546
4b0292,SWR883P ,Switzerland,1790574574.0,1790574574,8.4082,47.4191,1691.64,False,121.42,236.58,6.5,,1859.28,1000,False,0,2026-09-28 05:49:42.078546
4b0291,OAW312  ,Switzerland,1790574528.0,1790574570,7.4906,46.9195,,False,35.44,140.3,0.33,,,,False,0,2026-09-28 05:49:42.078546
782279,,China,1790574401.0,1790574463,115.6766,38.2316,5090.16,False,195.42,13.09,0.0,,5257.8,,False,0,2026-09-28 05:49:42.078546
758560,APG327  ,Philippines,1790574575.0,1790574575,120.8854,14.5238,2644.14,False,137.1,159.12,13.33,,2773.68,,False,0,2026-09-28 05:49:42.078546
ac2ba0,SWA4287 ,United States,1790574574.0,1790574574,-113.6079,37.6229,10058.4,False,286.85,32.55,0.33,,10485.12,,False,0,2026-09-28 05:49:42.078546
782282,CSN354  ,China,1790574572.0,1790574572,103.9977,1.3643,,True,3.86,112.5,,,,,False,0,2026-09-28 05:49:42.078546
c82269,ANZ466  ,New Zealand,1790574574.0,1790574574,174.8076,-41.3352,,True,2.57,199.69,,,,,False,0,2026-09-28 05:49:42.078546
3991e3,AFR52EP ,France,1790574575.0,1790574575,2.6955,48.1534,8153.4,False,205.63,165.51,10.08,,8496.3,1000,False,0,2026-09-28 05:49:42.078546
00ace4,KEM831  ,South Africa,1790574574.0,1790574574,27.2999,-27.2151,9448.8,False,252.1,44.42,-2.6,,9928.86,,False,0,2026-09-28 05:49:42.078546
3991e0,AFR86YY ,France,1790574574.0,1790574574,-0.4495,45.694,10980.42,False,240.22,23.88,-0.33,,11361.42,1000,False,0,2026-09-28 05:49:42.078546
3991e2,AFR17FP ,France,1790574574.0,1790574574,0.2245,48.369,9784.08,False,213.61,235.7,5.2,,10126.98,7662,False,0,2026-09-28 05:49:42.078546
440af6,OEDCC   ,Austria,1790574574.0,1790574574,15.4358,46.9541,548.64,False,44.92,230.11,2.6,,693.42,7000,False,0,2026-09-28 05:49:42.078546
3991e8,AFR39LA ,France,1790574574.0,1790574574,10.0217,44.7172,10363.2,False,231.71,306.51,0.33,,10805.16,2061,False,0,2026-09-28 05:49:42.078546
3991e9,AFR1212 ,France,1790574574.0,1790574574,2.6257,49.0267,883.92,False,82.03,85.68,10.73,,998.22,,False,0,2026-09-28 05:49:42.078546
ac3ee9,SWA2580 ,United States,1790574574.0,1790574574,-108.1324,36.1225,8831.58,False,246.56,114.53,0.33,,9311.64,3261,False,0,2026-09-28 05:49:42.078546
484416,KLM636  ,Kingdom of the Netherlands,1790574574.0,1790574574,-98.8017,49.0927,11277.6,False,274.48,50.55,0.0,,11529.06,,False,0,2026-09-28 05:49:42.078546
484415,KLM610  ,Kingdom of the Netherlands,1790574574.0,1790574574,-94.3372,52.1035,10668.0,False,283.18,60.27,0.0,,10767.06,,False,0,2026-09-28 05:49:42.078546
758543,SRQ6039 ,Philippines,1790574574.0,1790574574,120.6034,14.0346,4267.2,False,129.79,182.73,0.33,,4511.04,,False,0,2026-09-28 05:49:42.078546
ad185a,AAL509  ,United States,1790574575.0,1790574575,-103.8769,34.8164,7924.8,False,240.55,290.14,0.0,,8389.62,,False,0,2026-09-28 05:49:42.078546
7c2597,CFH3    ,Australia,1790574343.0,1790574343,150.9892,-33.7999,,True,0.0,129.38,,,,1200,False,0,2026-09-28 05:49:42.078546
a0428a,AAL117  ,United States,1790574574.0,1790574574,-105.3079,36.3979,10972.8,False,194.92,255.01,0.0,,11559.54,1775,False,0,2026-09-28 05:49:42.078546
a0428e,N116AS  ,United States,1790574574.0,1790574574,-82.5346,28.0547,1623.06,False,114.21,349.09,13.0,,1653.54,,False,0,2026-09-28 05:49:42.078546
4246a2,AZG8587 ,United Kingdom,1790574574.0,1790574574,-3.5808,56.0547,10058.4,False,248.12,121.78,0.0,,10050.78,2005,False,0,2026-09-28 05:49:42.078546
78229d,CHH7606 ,China,1790574572.0,1790574574,116.3533,38.5768,5394.96,False,194.56,15.18,0.0,,5562.6,,False,0,2026-09-28 05:49:42.078546
c08172,,Canada,1790574573.0,1790574573,-13.9415,49.8911,10363.2,False,260.23,99.44,0.0,,10454.64,,False,0,2026-09-28 05:49:42.078546
86d952,JAL746  ,Japan,1790574573.0,1790574573,141.2393,34.8636,5349.24,False,184.46,9.15,-5.2,,5646.42,6556,False,0,2026-09-28 05:49:42.078546
abd6ed,GTI040  ,United States,1790574574.0,1790574574,-72.6293,-2.9794,12512.04,False,246.62,286.36,0.0,,13312.14,,False,0,2026-09-28 05:49:42.078546
7584a9,CEB618  ,Philippines,1790574448.0,1790574448,121.0134,14.5052,,True,33.44,239.06,,,,,False,0,2026-09-28 05:49:42.078546
7584a8,CEB5039 ,Philippines,1790574574.0,1790574574,136.661,34.421,4450.08,False,143.89,195.13,6.18,,4701.54,3761,False,0,2026-09-28 05:49:42.078546
ac2c79,SWA3406 ,United States,1790574569.0,1790574569,-117.1892,32.731,,True,0.0,258.75,,,,,False,0,2026-09-28 05:49:42.078546
3c6518,DLH419  ,Germany,1790574575.0,1790574575,6.3317,50.383,8702.04,False,246.23,106.88,-10.08,,9098.28,2054,False,0,2026-09-28 05:49:42.078546
3c6524,LHX98X  ,Germany,1790574353.0,1790574353,11.792,48.3627,,True,11.32,112.5,,,,1000,False,0,2026-09-28 05:49:42.078546
3c6523,LHX1905 ,Germany,1790574574.0,1790574574,11.4298,48.1068,2537.46,False,130.79,54.12,-5.53,,2743.2,1000,False,0,2026-09-28 05:49:42.078546
151dc0,AFL297  ,Russian Federation,1790574564.0,1790574564,96.5706,9.978,11582.4,False,254.39,316.72,0.0,,,,False,0,2026-09-28 05:49:42.078546
461731,FIN5AH  ,Finland,,1790574364,,,,False,223.97,208.39,-19.18,,,,False,0,2026-09-28 05:49:42.078546
ab60e3,DAL90   ,United States,1790574574.0,1790574574,8.2218,47.6707,1767.84,False,117.32,88.74,-0.98,,1943.1,2060,False,0,2026-09-28 05:49:42.078546
3c6522,LHX62H  ,Germany,1790574574.0,1790574574,5.2289,47.9518,9441.18,False,200.98,300.96,-4.88,,9860.28,1000,False,0,2026-09-28 05:49:42.078546
3c6521,LHX94M  ,Germany,1790574575.0,1790574575,6.5384,43.6328,11513.82,False,228.96,228.83,-6.18,,12001.5,1000,False,0,2026-09-28 05:49:42.078546
7c6c9b,JST821  ,Australia,1790574574.0,1790574574,152.1555,-29.5672,10965.18,False,203.66,207.86,0.0,,11239.5,1137,False,0,2026-09-28 05:49:42.078546
c02ae3,WJA33   ,Canada,1790574574.0,1790574574,-12.127,40.6898,9745.98,False,219.11,302.05,-0.33,,10073.64,4403,False,0,2026-09-28 05:49:42.078546
4b5d54,GALA6   ,Switzerland,1790574575.0,1790574575,8.5494,47.4489,,True,4.63,241.88,,,,,False,0,2026-09-28 05:49:42.078546
151db6,AFL285  ,Russian Federation,1790574574.0,1790574574,87.3693,18.7406,9144.0,False,260.47,315.64,-0.33,,9692.64,0776,False,0,2026-09-28 05:49:42.078546
e4910e,AZU8900 ,Brazil,1790574575.0,1790574575,-15.5144,36.1063,11887.2,False,237.14,55.97,0.0,,12451.08,,False,0,2026-09-28 05:49:42.078546
3c7861,CFG1CA  ,Germany,1790574575.0,1790574575,4.5658,50.0778,11277.6,False,209.19,224.1,4.88,,11666.22,1000,False,0,2026-09-28 05:49:42.078546
aa688a,XGN888  ,United States,1790574574.0,1790574574,-115.2903,35.8618,4351.02,False,124.45,215.07,15.28,,4511.04,,False,0,2026-09-28 05:49:42.078546
a174bf,N193QS  ,United States,1790574555.0,1790574555,-101.0821,52.3505,12496.8,False,277.19,45.0,0.0,,12565.38,,False,0,2026-09-28 05:49:42.078546
aa4230,GTI700  ,United States,1790574574.0,1790574574,-108.1946,51.9358,10972.8,False,225.33,298.2,0.0,,11026.14,,False,0,2026-09-28 05:49:42.078546
060035,MAU42   ,Mauritius,,1790574567,,,10744.2,False,1912.5,286.31,0.0,,,0526,False,0,2026-09-28 05:49:42.078546
a1c4b2,N213AL  ,United States,1790574570.0,1790574570,-119.9008,46.5104,3147.06,False,127.71,242.4,-9.1,,3200.4,,False,0,2026-09-28 05:49:42.078546
861fa4,ANA327  ,Japan,1790574574.0,1790574574,139.06,37.6263,11879.58,False,268.84,44.46,0.0,,12451.08,4663,False,0,2026-09-28 05:49:42.078546
a0b7fa,UAL2123 ,United States,1790574574.0,1790574574,-117.7297,38.0128,10363.2,False,204.65,253.8,0.0,,10706.1,,False,0,2026-09-28 05:49:42.078546
86d906,ANA984  ,Japan,1790574572.0,1790574572,138.5969,38.6265,12184.38,False,189.83,217.18,0.0,,12710.16,,False,0,2026-09-28 05:49:42.078546
a5a888,ASA411  ,United States,1790574574.0,1790574574,-123.255,42.6137,10668.0,False,254.24,178.38,0.0,,10881.36,6651,False,0,2026-09-28 05:49:42.078546
7c2526,HMG     ,Australia,1790574574.0,1790574574,115.7644,-32.1564,845.82,False,61.88,317.02,2.28,,853.44,4247,False,0,2026-09-28 05:49:42.078546
a08a19,,United States,1790574470.0,1790574472,-80.589,33.5629,518.16,False,63.07,326.31,-1.95,,487.68,,False,0,2026-09-28 05:49:42.078546
782211,,China,1790574544.0,1790574544,113.9242,22.3165,,True,4.89,292.5,,,,,False,0,2026-09-28 05:49:42.078546
a067ec,SKW4789 ,United States,1790574574.0,1790574575,-92.6745,45.1744,10363.2,False,221.9,302.7,0.33,,10767.06,,False,0,2026-09-28 05:49:42.078546
782218,CES530  ,China,1790574574.0,1790574574,132.3185,34.2704,9144.0,False,213.17,250.25,-0.33,,9730.74,7042,False,0,2026-09-28 05:49:42.078546
a0b7bd,UAL1564 ,United States,1790574574.0,1790574575,-113.5888,32.8781,10363.2,False,210.41,270.28,0.0,,10957.56,1353,False,0,2026-09-28 05:49:42.078546
4a2a96,YRJTV   ,Romania,1790574574.0,1790574574,26.2361,45.0346,1005.84,False,42.92,103.87,-0.65,,1104.9,,False,0,2026-09-28 05:49:42.078546
a79898,DAL903  ,United States,1790574574.0,1790574575,-118.1579,45.5363,10972.8,False,229.74,304.51,0.0,,11163.3,2231,False,0,2026-09-28 05:49:42.078546
0d0d6d,VOI7896 ,Mexico,1790574574.0,1790574574,-118.2137,33.9545,876.3,False,100.56,262.95,-5.2,,861.06,4126,False,0,2026-09-28 05:49:42.078546
aab812,AAL112  ,United States,1790574574.0,1790574574,1.352,41.6201,4892.04,False,194.61,99.59,-8.45,,5204.46,2305,False,0,2026-09-28 05:49:42.078546
86d928,ANA820  ,Japan,1790574574.0,1790574574,140.2507,35.9812,960.12,False,96.99,150.44,-0.33,,990.6,6501,False,0,2026-09-28 05:49:42.078546
a797b4,DAL685  ,United States,1790574382.0,1790574382,-108.6658,34.2649,7932.42,False,224.11,249.86,0.0,,8389.62,3043,False,0,2026-09-28 05:49:42.078546
4951ca,TAP830  ,Portugal,1790574574.0,1790574574,-7.9171,39.2953,7094.22,False,227.77,63.72,6.5,,7399.02,5460,False,0,2026-09-28 05:49:42.078546
4951d5,TAP647  ,Portugal,1790574574.0,1790574574,-2.7622,46.1284,11277.6,False,209.25,215.29,0.0,,11605.26,7156,False,0,2026-09-28 05:49:42.078546
4951d7,TAP8RL  ,Portugal,1790574439.0,1790574439,-9.1314,38.7726,,True,0.0,78.75,,,,4013,False,0,2026-09-28 05:49:42.078546
4951d8,TAP757P ,Portugal,1790574574.0,1790574575,0.5931,48.4316,10660.38,False,203.85,243.95,0.0,,11010.9,0734,False,0,2026-09-28 05:49:42.078546
4951d2,TAP1701 ,Portugal,1790574574.0,1790574574,-11.5391,37.8786,11887.2,False,227.71,221.79,0.0,,12313.92,4405,False,0,2026-09-28 05:49:42.078546
40097c,BAW445  ,United Kingdom,1790574574.0,1790574574,2.0146,51.7725,7315.2,False,187.56,264.65,0.0,,7574.28,6261,False,0,2026-09-28 05:49:42.078546
a437da,DAL680  ,United States,1790574574.0,1790574574,-109.6854,33.7863,10668.0,False,273.6,80.15,0.0,,11285.22,7377,False,0,2026-09-28 05:49:42.078546
aaee43,DAL46   ,United States,1790574574.0,1790574574,-68.6278,42.6463,10668.0,False,257.45,74.83,0.0,,11071.86,4532,False,0,2026-09-28 05:49:42.078546
0d0d1c,VTM945  ,Mexico,1790574574.0,1790574574,-87.5012,37.6874,9448.8,False,227.6,47.66,0.65,,9822.18,2557,False,0,2026-09-28 05:49:42.078546
ab75bd,N8377W  ,United States,1790574574.0,1790574574,-111.839,33.6524,1706.88,False,51.14,53.59,1.63,,1737.36,,False,0,2026-09-28 05:49:42.078546
400981,BAW757A ,United Kingdom,1790574574.0,1790574574,4.9852,47.0959,8892.54,False,240.97,323.59,7.48,,9319.26,5727,False,0,2026-09-28 05:49:42.078546
a71d34,ASA794  ,United States,1790574552.0,1790574552,-122.6037,45.5895,,True,8.75,120.94,,,,1325,False,0,2026-09-28 05:49:42.078546
a10d82,AAL3323 ,United States,1790574574.0,1790574575,-108.1264,38.4579,10988.04,False,194.07,263.76,0.0,,11490.96,7263,False,0,2026-09-28 05:49:42.078546
a0b7fe,UAL1356 ,United States,1790574574.0,1790574574,-85.4162,42.5079,10058.4,False,240.33,84.47,0.33,,10462.26,1405,False,0,2026-09-28 05:49:42.078546
0d0d2b,VIV1144 ,Mexico,1790574574.0,1790574574,-98.9017,19.5353,3238.5,False,153.54,50.71,6.83,,3406.14,,False,0,2026-09-28 05:49:42.078546
440ca9,EJU81CR ,Austria,1790574574.0,1790574574,8.5487,47.4728,342.9,False,58.62,137.49,-0.33,,472.44,1000,False,0,2026-09-28 05:49:42.078546
abc5b8,GTI5421 ,United States,1790574574.0,1790574574,-62.0648,45.1427,10058.4,False,272.94,67.74,0.0,,10515.6,,False,0,2026-09-28 05:49:42.078546
ace5b6,AAL2977 ,United States,1790574574.0,1790574574,-108.0248,45.3621,10972.8,False,210.71,276.45,0.0,,11292.84,,False,0,2026-09-28 05:49:42.078546
3c0cb2,TUI2AX  ,Germany,1790574574.0,1790574574,10.1543,43.3294,11277.6,False,224.93,164.34,0.0,,11727.18,2551,False,0,2026-09-28 05:49:42.078546
ab62ad,SWA2355 ,United States,1790574575.0,1790574575,-117.2217,33.7497,8214.36,False,246.33,86.65,7.8,,8587.74,7347,False,0,2026-09-28 05:49:42.078546
aadb37,UAL14   ,United States,1790574574.0,1790574574,-3.6325,51.4812,9997.44,False,257.99,98.49,-10.08,,10195.56,5164,False,0,2026-09-28 05:49:42.078546
408040,TOM1LY  ,United Kingdom,1790574574.0,1790574574,0.9389,47.0316,11887.2,False,208.44,168.47,0.33,,12237.72,7505,False,0,2026-09-28 05:49:42.078546
408041,WUK705  ,United Kingdom,1790574574.0,1790574574,-0.5715,50.9323,9151.62,False,196.92,156.11,8.13,,9418.32,0550,False,0,2026-09-28 05:49:42.078546
c01a7d,ACA898  ,Canada,1790574370.0,1790574469,16.2969,43.3942,10668.0,False,261.76,128.54,0.0,,11102.34,2255,False,0,2026-09-28 05:49:42.078546
408032,EXS52GH ,United Kingdom,1790574531.0,1790574558,-2.2885,53.365,,True,0.0,225.0,,,,,False,0,2026-09-28 05:49:42.078546
392ae2,AFR78DU ,France,1790574574.0,1790574574,2.5388,48.9207,3535.68,False,150.68,265.5,-6.5,,3749.04,1000,False,0,2026-09-28 05:49:42.078546
408027,TOM4DB  ,United Kingdom,1790574569.0,1790574574,-2.2765,53.3485,,True,1.03,205.31,,,,,False,0,2026-09-28 05:49:42.078546
392ae7,AFR39TV ,France,1790574574.0,1790574574,2.3535,48.9814,861.06,False,116.16,85.17,-4.88,,990.6,1000,False,0,2026-09-28 05:49:42.078546
392ae9,AFR51JG ,France,1790574574.0,1790574574,4.2552,48.0621,8077.2,False,244.9,323.97,-9.75,,8473.44,1000,False,0,2026-09-28 05:49:42.078546
392af2,AFR35VY ,France,1790574574.0,1790574574,0.8831,48.6162,9364.98,False,211.66,250.99,3.25,,9700.26,7656,False,0,2026-09-28 05:49:42.078546
392af9,AFR74NQ ,France,1790574574.0,1790574574,-7.1187,34.3895,10972.8,False,244.37,22.14,0.0,,11483.34,6466,False,0,2026-09-28 05:49:42.078546
a22d9f,UAL893  ,United States,1790574574.0,1790574574,126.6173,37.2844,1249.68,False,101.91,324.87,-6.18,,1303.02,6132,False,0,2026-09-28 05:49:42.078546
a46d4f,UAL427  ,United States,1790574573.0,1790574573,-109.0977,36.8356,10058.4,False,274.6,67.18,0.33,,10568.94,6263,False,0,2026-09-28 05:49:42.078546
392aec,AFR79RD ,France,1790574574.0,1790574574,3.7269,51.3105,5989.32,False,215.83,22.71,-8.78,,6271.26,1000,False,0,2026-09-28 05:49:42.078546
75862c,CEB656  ,Philippines,1790574574.0,1790574575,121.0141,14.5163,,True,0.45,315.0,,,,,False,0,2026-09-28 05:49:42.078546
440d6f,EJU54HM ,Austria,1790574575.0,1790574575,-7.7423,39.9261,10005.06,False,249.2,45.75,7.15,,10416.54,2025,False,0,2026-09-28 05:49:42.078546
393f0a,,France,,1790574571,,,,False,96.18,354.17,6.18,,,,False,0,2026-09-28 05:49:42.078546
393f0c,CLG8101 ,France,1790574574.0,1790574574,3.1962,48.2059,3558.54,False,151.75,329.44,-7.8,,3749.04,1000,False,0,2026-09-28 05:49:42.078546
440d70,AUA585M ,Austria,1790574574.0,1790574574,16.6198,47.6653,5021.58,False,187.86,171.34,18.21,,5288.28,1000,False,0,2026-09-28 05:49:42.078546
440d71,AUA223B ,Austria,1790574575.0,1790574575,14.6984,50.8585,9144.0,False,234.59,0.25,0.0,,9540.24,1000,False,0,2026-09-28 05:49:42.078546
a95d42,PRY03   ,United States,1790574574.0,1790574574,-80.0118,37.5761,4259.58,False,73.76,337.01,0.33,,4351.02,,False,0,2026-09-28 05:49:42.078546
aa8b74,N779LD  ,United States,1790574574.0,1790574574,-100.8224,37.2945,12778.74,False,194.46,257.47,3.58,,13319.76,1772,False,0,2026-09-28 05:49:42.078546
a05629,UAL64   ,United States,1790574561.0,1790574561,-14.4589,40.7021,11871.96,False,296.34,126.17,-0.33,,12283.44,,False,0,2026-09-28 05:49:42.078546
a05627,UAL39   ,United States,1790574575.0,1790574575,139.7901,35.5441,,True,7.46,247.5,,,,3677,False,0,2026-09-28 05:49:42.078546
872f5c,ANA841  ,Japan,1790574574.0,1790574574,120.1861,21.3551,11681.46,False,265.94,218.95,4.23,,12527.28,,False,0,2026-09-28 05:49:42.078546
c01a72,CJT1926 ,Canada,1790574574.0,1790574574,-94.7219,44.3619,10972.8,False,223.4,299.22,0.0,,11376.66,,False,0,2026-09-28 05:49:42.078546
495297,TAP40MR ,Portugal,1790574574.0,1790574574,-7.4709,39.1126,9563.1,False,194.42,244.11,-13.98,,9951.72,4041,False,0,2026-09-28 05:49:42.078546
495299,TAP41SN ,Portugal,1790574574.0,1790574574,-9.1825,38.6942,525.78,False,75.59,23.25,-3.9,,624.84,0430,False,0,2026-09-28 05:49:42.078546
151e38,KAR3433 ,Russian Federation,1790574575.0,1790574575,75.9491,29.4563,11277.6,False,250.34,136.33,0.0,,11948.16,,False,0,2026-09-28 05:49:42.078546
86d9b0,ANA834  ,Japan,1790574438.0,1790574438,140.3937,35.7661,,True,8.75,210.94,,,,7016,False,0,2026-09-28 05:49:42.078546
a651a9,EJA506  ,United States,1790574442.0,1790574442,-87.8825,42.4113,236.22,False,53.53,47.73,-3.25,,243.84,,False,0,2026-09-28 05:49:42.078546
49526d,RZO121  ,Portugal,1790574573.0,1790574573,-14.6852,38.0615,11269.98,False,206.62,256.17,0.33,,11727.18,3353,False,0,2026-09-28 05:49:42.078546
495275,AZU8000 ,Portugal,1790574574.0,1790574574,-7.4273,38.9926,11582.4,False,248.91,35.07,0.33,,11986.26,6254,False,0,2026-09-28 05:49:42.078546
a05669,UAL422  ,United States,1790574574.0,1790574574,11.6607,45.3174,11887.2,False,244.98,132.87,-0.33,,12344.4,5267,False,0,2026-09-28 05:49:42.078546
495267,RZO565  ,Portugal,1790574574.0,1790574574,-2.2685,46.9445,10660.38,False,209.5,235.1,-0.33,,11003.28,2563,False,0,2026-09-28 05:49:42.078546
a6a1b4,SCX3073 ,United States,1790574574.0,1790574574,-85.8505,37.5368,11094.72,False,242.72,211.57,8.13,,11529.06,,False,0,2026-09-28 05:49:42.078546
4baada,THY1NK  ,Turkey,1790574574.0,1790574574,26.8561,42.0504,9753.6,False,227.04,272.21,0.0,,10020.3,2320,False,0,2026-09-28 05:49:42.078546
782353,CES502  ,China,1790574536.0,1790574552,118.5013,23.9096,10088.88,False,233.02,49.03,0.0,,10835.64,,False,0,2026-09-28 05:49:42.078546
4007fb,BAW249  ,United Kingdom,1790574571.0,1790574572,-38.5308,-5.7854,11582.4,False,255.7,190.32,0.0,,12313.92,,False,0,2026-09-28 05:49:42.078546
151d85,AFL814  ,Russian Federation,1790574575.0,1790574575,100.7217,13.989,2758.44,False,145.27,42.56,0.33,,2872.74,,False,0,2026-09-28 05:49:42.078546
78101d,LKE9662 ,China,1790574571.0,1790574574,119.8401,41.5643,10401.3,False,190.18,251.22,0.0,,10607.04,,False,0,2026-09-28 05:49:42.078546
4007ec,BAW12TB ,United Kingdom,1790574574.0,1790574574,-10.8267,46.6843,10668.0,False,250.06,76.68,0.0,,10858.5,,False,0,2026-09-28 05:49:42.078546
84bb9b,APJ626  ,Japan,1790574575.0,1790574575,139.7664,33.2397,7818.12,False,230.85,65.09,-2.6,,8343.9,6247,False,0,2026-09-28 05:49:42.078546
aaffd1,KFS96   ,United States,1790574574.0,1790574575,-98.5536,28.3127,6621.78,False,184.94,42.75,5.53,,7010.4,,False,0,2026-09-28 05:49:42.078546
4007f9,BAW248  ,United Kingdom,1790574574.0,1790574574,-6.6507,50.0126,11277.6,False,272.76,74.13,0.0,,11437.62,7736,False,0,2026-09-28 05:49:42.078546
781037,HBH8060 ,China,1790574574.0,1790574575,118.079,41.3295,7764.78,False,198.88,238.32,-4.88,,7924.8,,False,0,2026-09-28 05:49:42.078546
4007f6,BAW134  ,United Kingdom,1790574572.0,1790574572,69.4005,30.5065,10949.94,False,259.77,3.52,2.93,,11460.48,,False,0,2026-09-28 05:49:42.078546
4007f3,BAW88C  ,United Kingdom,1790574574.0,1790574574,-106.0198,55.3482,10668.0,False,264.53,61.29,0.0,,10576.56,,False,0,2026-09-28 05:49:42.078546
a03070,N111FJ  ,United States,1790574568.0,1790574568,-117.8651,33.6816,53.34,False,62.13,207.63,-2.6,,0.0,6054,False,0,2026-09-28 05:49:42.078546
a1d99b,JBU188  ,United States,1790574574.0,1790574574,-96.3715,41.5875,10058.4,False,254.82,80.82,-0.33,,10492.74,7364,False,0,2026-09-28 05:49:42.078546
78102f,CSN3835 ,China,1790574397.0,1790574397,118.5261,24.7824,10706.1,False,226.32,46.29,0.33,,11490.96,,False,0,2026-09-28 05:49:42.078546
151d76,AZV3016 ,Russian Federation,1790572703.0,1790574558,38.8024,40.5991,10668.0,False,255.2,62.25,0.0,,11010.9,0757,False,0,2026-09-28 05:49:42.078546
4007db,LOG12AW ,United Kingdom,1790574574.0,1790574574,-2.9217,56.7411,5928.36,False,151.89,220.05,11.7,,5966.46,6010,False,0,2026-09-28 05:49:42.078546
7105a6,KNE215  ,Saudi Arabia,1790574516.0,1790574516,55.4012,23.5698,7620.0,False,223.88,15.19,-7.15,,8092.44,4223,False,0,2026-09-28 05:49:42.078546
4247e0,CAY792  ,United Kingdom,1790574575.0,1790574575,-75.9682,36.9832,11277.6,False,246.65,17.6,0.0,,11681.46,3454,False,0,2026-09-28 05:49:42.078546
151d79,UTA801  ,Russian Federation,1790574519.0,1790574557,43.9412,55.4407,10668.0,False,27.7,31.33,0.0,,9707.88,,False,0,2026-09-28 05:49:42.078546
151d8a,AFL2149 ,Russian Federation,1790574561.0,1790574572,30.8496,36.9799,883.92,False,126.87,68.85,13.0,,906.78,0731,False,0,2026-09-28 05:49:42.078546
a7e93b,FFT4146 ,United States,1790574574.0,1790574574,-113.6284,34.072,10058.4,False,276.11,83.26,-0.33,,10584.18,7276,False,0,2026-09-28 05:49:42.078546
49521a,TAP1139 ,Portugal,1790574574.0,1790574574,-8.7496,38.1838,3558.54,False,174.62,320.26,-13.33,,3779.52,2654,False,0,2026-09-28 05:49:42.078546
4baac9,THY6XK  ,Turkey,1790574575.0,1790574575,27.1349,43.3226,10972.8,False,233.43,325.96,0.0,,11231.88,1000,False,0,2026-09-28 05:49:42.078546
a5465d,UPS2401 ,United States,1790574574.0,1790574574,-103.3305,36.9856,11887.2,False,288.67,78.07,0.0,,12466.32,7367,False,0,2026-09-28 05:49:42.078546
4baac8,THY1AT  ,Turkey,1790574357.0,1790574573,24.5164,59.8704,7231.38,False,191.39,189.44,14.31,,5227.32,5607,False,0,2026-09-28 05:49:42.078546
4baac5,THY4UF  ,Turkey,1790574574.0,1790574574,0.6271,52.8466,11277.6,False,230.78,115.77,0.0,,11521.44,4625,False,0,2026-09-28 05:49:42.078546
4baad4,THY9NS  ,Turkey,1790574575.0,1790574575,12.8798,51.3129,11277.6,False,229.43,123.48,0.0,,11689.08,7610,False,0,2026-09-28 05:49:42.078546
4baad3,THY4CK  ,Turkey,1790574575.0,1790574575,22.8321,47.4294,10972.8,False,213.74,324.21,0.0,,11269.98,5337,False,0,2026-09-28 05:49:42.078546
78103d,CCA939  ,China,1790574555.0,1790574557,116.5562,40.8903,5707.38,False,195.98,355.94,6.5,,5844.54,,False,0,2026-09-28 05:49:42.078546
781054,CSS364  ,China,1790574498.0,1790574498,113.7519,22.7036,312.42,False,81.9,153.11,-4.23,,777.24,,False,0,2026-09-28 05:49:42.078546
151d9a,,Russian Federation,,1790574574,,,,False,246.02,66.33,0.65,,,,False,0,2026-09-28 05:49:42.078546
4baacd,THY4PM  ,Turkey,1790574574.0,1790574574,28.926,41.01,4465.32,False,196.49,184.05,15.93,,4602.48,0726,False,0,2026-09-28 05:49:42.078546
4baaca,THY5HQ  ,Turkey,1790574575.0,1790574575,8.2274,50.4998,8549.64,False,237.78,140.18,6.18,,8915.4,7667,False,0,2026-09-28 05:49:42.078546
781059,CHH7869 ,China,1790574526.0,1790574532,113.5736,22.7368,1516.38,False,101.37,1.16,-0.33,,1584.96,,False,0,2026-09-28 05:49:42.078546
440d10,EJU45WU ,Austria,1790574574.0,1790574574,-7.473,40.0938,9601.2,False,251.0,44.67,5.2,,9997.44,5453,False,0,2026-09-28 05:49:42.078546
4baad9,THY4TU  ,Turkey,1790574574.0,1790574574,19.2586,46.6215,10972.8,False,215.83,293.75,0.0,,11330.94,5321,False,0,2026-09-28 05:49:42.078546
4baad6,THY9AX  ,Turkey,1790574574.0,1790574574,28.936,41.3577,2415.54,False,154.38,146.42,14.96,,2499.36,1040,False,0,2026-09-28 05:49:42.078546
aaffed,DAL769  ,United States,1790574573.0,1790574573,-121.5866,38.6926,,True,0.0,345.94,,,,,False,0,2026-09-28 05:49:42.078546
75869f,CEB805  ,Philippines,1790574371.0,1790574371,119.8613,11.7009,9753.6,False,245.46,231.81,0.0,,10485.12,,False,0,2026-09-28 05:49:42.078546
ac2cb6,N884AE  ,United States,1790574443.0,1790574487,-83.9485,38.0497,541.02,False,41.36,5.71,-1.3,,541.02,,False,0,2026-09-28 05:49:42.078546
ab1ffe,DAL704  ,United States,1790574574.0,1790574575,-111.9951,42.5218,10668.0,False,255.73,111.97,0.33,,10995.66,6014,False,0,2026-09-28 05:49:42.078546
7c398c,LNI     ,Australia,1790574574.0,1790574574,115.0069,-30.2879,4206.24,False,72.49,353.48,-29.59,,4183.38,,False,0,2026-09-28 05:49:42.078546
7c398d,LNJ     ,Australia,1790574574.0,1790574574,149.0303,-35.1587,1059.18,False,50.94,326.95,1.3,,1226.82,,False,0,2026-09-28 05:49:42.078546
495214,TAP3831 ,Portugal,1790574574.0,1790574575,-10.8058,37.6467,11277.6,False,219.4,226.24,0.0,,11696.7,3332,False,0,2026-09-28 05:49:42.078546
495215,TAP85CE ,Portugal,1790574574.0,1790574574,-5.4325,39.7895,11277.6,False,199.12,251.47,-0.65,,11704.32,6766,False,0,2026-09-28 05:49:42.078546
4baace,THY8QE  ,Turkey,1790574574.0,1790574574,14.3382,46.9603,10668.0,False,241.56,123.62,0.33,,11102.34,6425,False,0,2026-09-28 05:49:42.078546
4baacf,THY1950 ,Turkey,1790574574.0,1790574574,7.2897,51.1325,10668.0,False,235.36,122.23,0.0,,11056.62,3131,False,0,2026-09-28 05:49:42.078546
ab6339,SWA857  ,United States,1790574575.0,1790574575,-113.4412,38.9335,11590.02,False,243.54,341.91,-0.33,,12054.84,,False,0,2026-09-28 05:49:42.078546
484559,KLM59E  ,Kingdom of the Netherlands,1790574574.0,1790574574,7.5819,50.3775,10530.84,False,223.69,152.02,-4.88,,10934.7,1000,False,0,2026-09-28 05:49:42.078546
7c0077,ADL     ,Australia,1790574574.0,1790574574,138.3435,-34.4859,815.34,False,65.95,176.87,-2.93,,929.64,,False,0,2026-09-28 05:49:42.078546
484555,KLM1440 ,Kingdom of the Netherlands,1790574574.0,1790574575,4.7223,52.4748,579.12,False,92.72,182.86,-0.65,,670.56,1000,False,0,2026-09-28 05:49:42.078546
a28392,JSX5307 ,United States,1790574575.0,1790574575,-117.8802,33.9768,6301.74,False,237.48,37.34,6.5,,6568.44,4622,False,0,2026-09-28 05:49:42.078546
abc651,DAL14   ,United States,1790574574.0,1790574575,3.2885,50.8914,11582.4,False,244.8,103.86,0.0,,11940.54,1175,False,0,2026-09-28 05:49:42.078546
485873,KLM70M  ,Kingdom of the Netherlands,1790574574.0,1790574574,-0.6992,51.3923,8534.4,False,247.14,96.81,0.0,,8778.24,4641,False,0,2026-09-28 05:49:42.078546
78239c,CHH7052 ,China,1790574574.0,1790574574,113.0212,22.254,8412.48,False,219.07,238.74,0.0,,9014.46,,False,0,2026-09-28 05:49:42.078546
485874,KLC65Z  ,Kingdom of the Netherlands,1790574575.0,1790574575,4.1629,52.5231,1691.64,False,149.41,68.38,-4.23,,1805.94,1000,False,0,2026-09-28 05:49:42.078546
adafb5,JBU1524 ,United States,1790574574.0,1790574574,-101.062,40.0195,10668.0,False,265.94,73.25,0.0,,11155.68,0646,False,0,2026-09-28 05:49:42.078546
aa6914,AAL108  ,United States,1790574574.0,1790574575,-2.8004,50.6565,9029.7,False,224.44,81.96,-8.78,,9265.92,5162,False,0,2026-09-28 05:49:42.078546
aa8a8a,TAI568  ,United States,1790574516.0,1790574517,-84.2539,20.0848,10980.42,False,247.17,37.73,0.0,,11612.88,,False,0,2026-09-28 05:49:42.078546
151d4f,UTA352  ,Russian Federation,1790574292.0,1790574292,37.4361,55.6295,510.54,False,88.49,269.67,-1.3,,,,False,0,2026-09-28 05:49:42.078546
781098,CSN6414 ,China,1790574574.0,1790574574,119.4379,40.4978,10690.86,False,258.83,35.62,-3.25,,10988.04,,False,0,2026-09-28 05:49:42.078546
ab635d,SWA1655 ,United States,1790574574.0,1790574575,-111.6755,33.5695,2217.42,False,119.48,218.0,-7.8,,2293.62,3264,False,0,2026-09-28 05:49:42.078546
760970,BALOCH2 ,Pakistan,1790574504.0,1790574574,69.4603,30.7881,10652.76,False,263.03,80.32,0.33,,11140.44,,False,0,2026-09-28 05:49:42.078546
7c0041,AB3     ,Australia,1790574574.0,1790574574,138.7489,-34.7841,457.2,False,49.18,322.65,-2.6,,548.64,,False,0,2026-09-28 05:49:42.078546
ad5fea,AAL2958 ,United States,1790574574.0,1790574575,-115.3144,36.1557,10972.8,False,201.51,301.21,0.33,,11445.24,,False,0,2026-09-28 05:49:42.078546
abb1c2,SWA1587 ,United States,1790574574.0,1790574574,-122.089,37.207,2987.04,False,121.46,324.83,-5.85,,3032.76,1030,False,0,2026-09-28 05:49:42.078546
4ca9c1,RYR3692 ,Ireland,1790574574.0,1790574575,14.219,46.1423,12504.42,False,232.74,139.3,0.0,,12931.14,0115,False,0,2026-09-28 05:49:42.078546
4ca9c3,RYR7011 ,Ireland,1790574573.0,1790574574,5.2324,40.5999,10972.8,False,231.41,43.74,0.0,,11468.1,5301,False,0,2026-09-28 05:49:42.078546
7c7fb9,ZIJ     ,Australia,1790574574.0,1790574574,115.7523,-31.9701,464.82,False,65.33,0.0,-0.33,,449.58,3000,False,0,2026-09-28 05:49:42.078546
ac81c6,ASI985  ,United States,1790574564.0,1790574568,-98.0332,29.7254,502.92,False,50.93,315.82,-0.65,,487.68,,False,0,2026-09-28 05:49:42.078546
846adc,IBX70   ,Japan,1790574571.0,1790574573,135.1038,34.1623,4084.32,False,206.61,64.01,-12.03,,4297.68,,False,0,2026-09-28 05:49:42.078546
7585cc,CEB636  ,Philippines,1790574574.0,1790574574,119.6948,13.5449,7962.9,False,211.25,52.32,-8.78,,8549.64,,False,0,2026-09-28 05:49:42.078546
4ca9d4,RYR3RB  ,Ireland,1790574574.0,1790574574,1.0579,48.4422,10698.48,False,203.71,225.41,10.73,,11041.38,7132,False,0,2026-09-28 05:49:42.078546
c8216e,ANZ377  ,New Zealand,1790574573.0,1790574573,173.1923,-43.1419,4396.74,False,176.67,233.76,-9.43,,4335.78,,False,0,2026-09-28 05:49:42.078546
4ca9a9,RYR6EA  ,Ireland,1790574574.0,1790574574,11.6536,44.1194,10972.8,False,232.32,85.17,0.0,,11430.0,0441,False,0,2026-09-28 05:49:42.078546
0a00cd,DAH5360 ,Algeria,1790574263.0,1790574263,28.2589,-26.1303,1638.3,False,83.25,195.41,-4.23,,1752.6,,False,0,2026-09-28 05:49:42.078546
84bacf,APJ6927 ,Japan,1790574574.0,1790574574,121.3026,25.1409,457.2,False,68.91,228.93,-2.28,,480.06,,False,0,2026-09-28 05:49:42.078546
c08260,WJA731  ,Canada,1790574574.0,1790574574,-99.8339,46.6868,10980.42,False,210.95,275.74,0.0,,11308.08,2254,False,0,2026-09-28 05:49:42.078546
7585a2,APG286  ,Philippines,1790574574.0,1790574574,101.0446,13.5776,5981.7,False,207.84,90.14,7.8,,6347.46,,False,0,2026-09-28 05:49:42.078546
7585a1,CEB818  ,Philippines,1790574574.0,1790574574,119.5915,13.4668,9608.82,False,233.99,52.32,-7.8,,10325.1,,False,0,2026-09-28 05:49:42.078546
a41393,N36187  ,United States,1790574574.0,1790574574,-111.7349,33.4553,449.58,False,33.59,49.97,-2.28,,403.86,,False,0,2026-09-28 05:49:42.078546
4b5c37,URSULA6 ,Switzerland,1790574524.0,1790574572,8.5516,47.4448,,True,0.0,0.0,,,,,False,0,2026-09-28 05:49:42.078546
aa568e,UAL312  ,United States,1790574574.0,1790574575,-97.6568,30.3233,868.68,False,93.21,193.73,-4.55,,883.92,3145,False,0,2026-09-28 05:49:42.078546
ac1a72,SWA3562 ,United States,1790574560.0,1790574560,-122.3752,37.6125,,True,7.46,56.25,,,,,False,0,2026-09-28 05:49:42.078546
a9acb8,DAL667  ,United States,1790574575.0,1790574575,-122.3733,37.6203,,True,27.27,298.12,,,,7061,False,0,2026-09-28 05:49:42.078546
4b5c1e,ZEBRA2  ,Switzerland,1790574574.0,1790574574,8.5515,47.4578,,True,5.14,47.81,,,,6330,False,0,2026-09-28 05:49:42.078546
aa5691,UAL8120 ,United States,1790574377.0,1790574378,-82.8762,40.0014,251.46,False,75.87,274.67,-3.58,,243.84,1346,False,0,2026-09-28 05:49:42.078546
782307,YZR7936 ,China,1790574574.0,1790574574,117.3635,40.874,7193.28,False,219.44,201.45,0.0,,7360.92,,False,0,2026-09-28 05:49:42.078546
7585b3,APG309  ,Philippines,1790574573.0,1790574574,121.0246,13.7657,7368.54,False,219.51,174.89,8.13,,7879.08,,False,0,2026-09-28 05:49:42.078546
4b5c65,ORION1  ,Switzerland,1790574573.0,1790574573,8.5605,47.4545,,True,6.43,275.62,,,,6516,True,0,2026-09-28 05:49:42.078546
7c6cc8,VRU     ,Australia,1790574574.0,1790574574,145.1004,-38.0955,579.12,False,72.62,346.06,-1.3,,723.9,3000,False,0,2026-09-28 05:49:42.078546
a1fb1a,ATN3345 ,United States,1790574575.0,1790574575,-75.3737,41.1672,7200.9,False,211.39,114.13,-10.73,,7353.3,7524,False,0,2026-09-28 05:49:42.078546
4ca9ec,RYR50YU ,Ireland,1790574574.0,1790574575,-6.4188,53.4291,1295.4,False,108.57,275.71,16.58,,1371.6,,False,0,2026-09-28 05:49:42.078546
4ca9ed,RYR5JJ  ,Ireland,1790574559.0,1790574560,8.7185,45.6258,,True,0.0,171.56,,,,,False,0,2026-09-28 05:49:42.078546
7c7fdb,ZJH     ,Australia,1790574574.0,1790574574,143.1987,-37.9954,1699.26,False,59.46,260.54,0.0,,1844.04,7210,False,0,2026-09-28 05:49:42.078546
781002,CHH730  ,China,1790574349.0,1790574349,-57.97,46.234,10668.0,False,277.26,70.49,-0.33,,11125.2,,False,0,2026-09-28 05:49:42.078546
ab1fb0,ASA1498 ,United States,1790574574.0,1790574575,-118.5365,35.0272,8481.06,False,208.74,146.15,-4.88,,8816.34,3524,False,0,2026-09-28 05:49:42.078546
7c3963,LMD     ,Australia,1790574574.0,1790574574,153.3573,-27.1074,2651.76,False,80.31,168.55,0.0,,2857.5,,False,0,2026-09-28 05:49:42.078546
acf906,JBU607  ,United States,1790574574.0,1790574574,-115.0116,36.0737,1173.48,False,81.28,270.36,-3.58,,1165.86,6653,False,0,2026-09-28 05:49:42.078546
440bc5,BCS7750 ,Austria,1790574574.0,1790574575,23.2857,40.1616,5783.58,False,185.66,312.75,-22.76,,6012.18,,False,0,2026-09-28 05:49:42.078546
4ca9cc,RYR29NK ,Ireland,1790574574.0,1790574574,-1.2971,47.315,10668.0,False,205.22,157.29,0.0,,11010.9,6347,False,0,2026-09-28 05:49:42.078546
781015,CSC8884 ,China,1790574574.0,1790574574,114.8286,39.5142,9715.5,False,178.1,242.47,6.83,,10027.92,,False,0,2026-09-28 05:49:42.078546
abd90c,SWA560  ,United States,1790574574.0,1790574574,-89.941,37.4008,11582.4,False,226.48,298.19,0.0,,12039.6,5635,False,0,2026-09-28 05:49:42.078546
7c7fba,ZIK     ,Australia,1790574574.0,1790574574,144.4905,-37.804,3947.16,False,79.05,33.59,0.98,,4122.42,3660,False,0,2026-09-28 05:49:42.078546
78100d,SNG1325 ,China,1790574574.0,1790574574,116.9238,39.7062,5394.96,False,197.39,345.82,0.0,,5539.74,,False,0,2026-09-28 05:49:42.078546
78100b,CCA907  ,China,1790574501.0,1790574501,-3.5775,40.4836,,True,8.75,143.44,,,,1000,False,0,2026-09-28 05:49:42.078546
a69f90,DAL27   ,United States,1790574574.0,1790574574,-99.3419,45.0216,10363.2,False,241.91,308.7,0.0,,10706.1,2005,False,0,2026-09-28 05:49:42.078546
4601f2,FIN58G  ,Finland,1790574574.0,1790574574,24.0975,57.3274,3489.96,False,106.75,10.55,5.2,,3649.98,,False,0,2026-09-28 05:49:42.078546
4841ad,KLM702  ,Kingdom of the Netherlands,1790574575.0,1790574575,0.1261,46.6742,11582.4,False,263.39,21.3,0.0,,11971.02,1000,False,0,2026-09-28 05:49:42.078546
4bab4e,TKJ4EJ  ,Turkey,1790574265.0,1790574361,32.2485,39.9563,11277.6,False,236.44,123.1,0.0,,11544.3,0753,False,0,2026-09-28 05:49:42.078546
aa21bf,ATN730  ,United States,1790574572.0,1790574572,103.9875,1.5434,624.84,False,95.12,203.93,0.0,,655.32,,False,0,2026-09-28 05:49:42.078546
7822e4,CBG8952 ,China,1790574311.0,1790574441,120.5208,38.0375,7193.28,False,223.48,182.51,0.0,,7505.7,,False,0,2026-09-28 05:49:42.078546
4601f5,FIN3V   ,Finland,1790574405.0,1790574574,24.966,56.8675,5791.2,False,144.05,180.41,0.0,,6019.8,4447,False,0,2026-09-28 05:49:42.078546
4601f4,FIN5ET  ,Finland,1790574574.0,1790574574,27.7982,62.9643,411.48,False,79.61,206.07,6.18,,533.4,,False,0,2026-09-28 05:49:42.078546
4601f9,FIN489  ,Finland,1790574574.0,1790574575,24.7654,60.3442,1005.84,False,95.75,15.9,7.48,,1143.0,,False,0,2026-09-28 05:49:42.078546
4601f8,FIN947  ,Finland,1790574574.0,1790574575,18.2877,61.5599,5494.02,False,125.62,289.62,0.0,,5661.66,6032,False,0,2026-09-28 05:49:42.078546
4601f7,FIN37N  ,Finland,1790574574.0,1790574575,24.5384,64.504,5494.02,False,147.72,358.2,0.0,,5631.18,2523,False,0,2026-09-28 05:49:42.078546
abb7f7,UAL412  ,United States,1790574574.0,1790574574,-122.3591,37.611,,True,1.54,30.94,,,,7521,True,0,2026-09-28 05:49:42.078546
47ba1d,SAS1915 ,Norway,1790574575.0,1790574575,13.3728,49.6859,11582.4,False,226.83,189.4,0.0,,12001.5,1000,False,0,2026-09-28 05:49:42.078546
42593a,,United Kingdom,1790574288.0,1790574288,-0.1826,51.1533,,True,4.63,227.81,,,,,False,0,2026-09-28 05:49:42.078546
7822f4,CES201  ,China,1790574574.0,1790574574,0.2268,51.1042,1188.72,False,119.04,13.5,-2.28,,1303.02,6201,False,0,2026-09-28 05:49:42.078546
4854cb,TRA873T ,Kingdom of the Netherlands,1790574574.0,1790574574,5.9338,51.9231,6789.42,False,195.47,130.94,10.08,,7063.74,0142,False,0,2026-09-28 05:49:42.078546
4854cf,TRA70R  ,Kingdom of the Netherlands,1790574572.0,1790574572,4.4345,51.95,,True,0.0,326.25,,,,,False,0,2026-09-28 05:49:42.078546
e4988f,GLO2057 ,Brazil,1790574574.0,1790574574,-38.5149,-4.9859,7124.7,False,206.81,180.14,8.13,,7551.42,,False,0,2026-09-28 05:49:42.078546
a03510,N112QS  ,United States,1790574574.0,1790574574,-59.5835,9.1555,13106.4,False,232.92,328.73,-0.33,,13822.68,,False,0,2026-09-28 05:49:42.078546
4601fb,FIN4PK  ,Finland,1790574574.0,1790574574,24.8512,63.4993,5486.4,False,140.96,0.42,0.0,,5646.42,,False,0,2026-09-28 05:49:42.078546
4601fa,FIN541  ,Finland,1790574574.0,1790574574,25.7609,64.8794,4876.8,False,154.75,6.3,0.0,,5013.96,,False,0,2026-09-28 05:49:42.078546
ac74e3,N901WM  ,United States,1790574451.0,1790574451,-68.8147,44.7934,,True,0.0,345.94,,,,,False,0,2026-09-28 05:49:42.078546
c00bf1,WEN3487 ,Canada,1790574574.0,1790574574,-115.2341,50.8675,7216.14,False,136.5,255.6,3.9,,7299.96,,False,0,2026-09-28 05:49:42.078546
4867eb,TRA56M  ,Kingdom of the Netherlands,1790574574.0,1790574574,3.1412,41.2976,11277.6,False,233.04,180.13,0.0,,11788.14,1000,False,0,2026-09-28 05:49:42.078546
4867ec,TRA6739 ,Kingdom of the Netherlands,1790574574.0,1790574574,19.4908,40.6491,10668.0,False,258.44,159.98,-0.33,,11071.86,0145,False,0,2026-09-28 05:49:42.078546
4bab2f,THY142  ,Turkey,1790574574.0,1790574574,34.3889,35.5583,10058.4,False,248.7,139.03,-0.33,,10424.16,2371,False,0,2026-09-28 05:49:42.078546
4bab2c,,Turkey,1790574323.0,1790574323,28.7193,41.267,,True,7.46,87.19,,,,,False,0,2026-09-28 05:49:42.078546
7c6f8d,WBJ     ,Australia,1790574574.0,1790574574,149.1835,-21.2403,327.66,False,62.15,353.35,-0.98,,449.58,,False,0,2026-09-28 05:49:42.078546
4841a5,TRA44E  ,Kingdom of the Netherlands,1790574575.0,1790574575,2.4027,47.3171,11894.82,False,207.75,176.31,-0.33,,12268.2,1000,False,0,2026-09-28 05:49:42.078546
a5cf8b,UAL276  ,United States,1790574574.0,1790574574,-122.067,37.4913,1737.36,False,98.72,297.63,-7.48,,1744.98,1510,False,0,2026-09-28 05:49:42.078546
4bab46,THY1WU  ,Turkey,1790574570.0,1790574570,30.9285,40.562,11277.6,False,230.58,103.94,0.0,,11544.3,1032,False,0,2026-09-28 05:49:42.078546
4bab53,TKJ8JX  ,Turkey,1790574389.0,1790574401,31.4231,37.9566,8534.4,False,217.85,30.2,0.0,,8747.76,5173,False,0,2026-09-28 05:49:42.078546
ac74fc,N901XM  ,United States,1790574497.0,1790574497,-69.2173,44.6368,1173.48,False,91.51,254.01,0.0,,1181.1,5314,False,0,2026-09-28 05:49:42.078546
abda3a,N863CM  ,United States,1790574574.0,1790574575,4.7213,50.7423,13716.0,False,263.32,101.27,-0.65,,14089.38,2237,False,0,2026-09-28 05:49:42.078546
4ca8fa,NOS69SQ ,Ireland,1790574574.0,1790574574,6.8403,43.8443,11887.2,False,241.74,241.25,0.0,,12367.26,4037,False,0,2026-09-28 05:49:42.078546
e49877,,Brazil,1790574495.0,1790574498,-48.932,-2.1668,5196.84,False,131.37,26.77,0.33,,5448.3,,False,0,2026-09-28 05:49:42.078546
7c5c64,SJA     ,Australia,1790574574.0,1790574574,152.8281,-27.294,1432.56,False,65.55,148.8,-0.98,,1600.2,,False,0,2026-09-28 05:49:42.078546
c82810,ANZ716M ,New Zealand,1790574569.0,1790574574,168.3262,-46.4106,,True,0.0,241.88,,,,,False,0,2026-09-28 05:49:42.078546
400684,BAW25GP ,United Kingdom,1790574575.0,1790574575,-2.3755,50.6761,7962.9,False,209.18,83.5,-5.53,,8199.12,7663,False,0,2026-09-28 05:49:42.078546
400683,BAW176A ,United Kingdom,1790574574.0,1790574575,-5.1113,51.8977,12496.8,False,245.03,116.03,0.0,,12611.1,7643,False,0,2026-09-28 05:49:42.078546
490d0c,NJE770V ,Portugal,1790574575.0,1790574575,9.0848,45.2199,13106.4,False,237.78,358.26,-0.33,,13533.12,0425,False,0,2026-09-28 05:49:42.078546
ae04f2,DUKE75  ,United States,1790574574.0,1790574575,10.1486,49.0208,8229.6,False,143.41,137.04,0.0,,8633.46,7717,False,0,2026-09-28 05:49:42.078546
a523c6,GTI8602 ,United States,1790574574.0,1790574574,-137.5278,62.2842,11582.4,False,245.39,270.24,0.0,,11254.74,,False,0,2026-09-28 05:49:42.078546
3b9bb8,FNY5436 ,France,1790574574.0,1790574575,152.9035,-34.0124,8938.26,False,193.56,267.87,-15.28,,9105.9,,False,0,2026-09-28 05:49:42.078546
ae4d4d,LT611   ,United States,1790574284.0,1790574498,-118.6133,31.7184,60.96,False,45.07,38.05,0.0,,22.86,0701,False,0,2026-09-28 05:49:42.078546
490d12,NJE600P ,Portugal,1790574574.0,1790574574,2.2709,48.0131,9448.8,False,228.33,193.82,0.65,,9806.94,1000,False,0,2026-09-28 05:49:42.078546
c82834,ANZ192  ,New Zealand,1790574574.0,1790574574,173.9403,-37.0677,5448.3,False,189.68,78.26,-9.1,,5494.02,,False,0,2026-09-28 05:49:42.078546
c08866,POE314  ,Canada,1790574574.0,1790574575,-116.5192,49.5445,11277.6,False,244.74,83.85,0.0,,11384.28,7057,False,0,2026-09-28 05:49:42.078546
7585dd,PAL434  ,Philippines,1790574573.0,1790574574,140.2193,33.0594,8595.36,False,231.8,46.53,-11.05,,9189.72,6520,False,0,2026-09-28 05:49:42.078546
a6ef3c,N546LM  ,United States,1790574277.0,1790574322,-152.6078,64.6621,7924.8,False,133.17,265.35,0.0,,7620.0,,False,0,2026-09-28 05:49:42.078546
490d03,NJE174H ,Portugal,1790574574.0,1790574575,13.1124,55.8569,13106.4,False,218.33,206.44,0.33,,13434.06,1000,False,0,2026-09-28 05:49:42.078546
490d02,NJE764V ,Portugal,1790574574.0,1790574574,7.6025,53.2046,3200.4,False,138.95,271.49,-8.78,,3360.42,7373,False,0,2026-09-28 05:49:42.078546
c0885e,POE179  ,Canada,1790574574.0,1790574575,-77.4409,44.4104,7848.6,False,218.06,55.19,-5.2,,8107.68,0557,False,0,2026-09-28 05:49:42.078546
4867c0,KLM44L  ,Kingdom of the Netherlands,1790574574.0,1790574574,1.3356,49.0707,10972.8,False,261.03,36.67,0.33,,11330.94,2212,False,0,2026-09-28 05:49:42.078546
4867c1,KLM1248 ,Kingdom of the Netherlands,1790574574.0,1790574574,7.8343,53.7013,10972.8,False,209.53,229.78,0.0,,11330.94,3516,False,0,2026-09-28 05:49:42.078546
4867c4,KLM80R  ,Kingdom of the Netherlands,1790574575.0,1790574575,13.5477,49.7228,10363.2,False,231.24,308.04,0.0,,10789.92,1000,False,0,2026-09-28 05:49:42.078546
a16830,N190AE  ,United States,1790574574.0,1790574574,-88.0042,36.2934,891.54,False,70.64,277.95,0.0,,891.54,,False,0,2026-09-28 05:49:42.078546
a9e167,AAL9748 ,United States,1790574371.0,1790574371,-49.3673,-1.1741,10363.2,False,252.07,317.98,0.0,,11033.76,,False,0,2026-09-28 05:49:42.078546
abda7d,FDX5388 ,United States,1790574574.0,1790574574,-150.3372,61.3646,2697.48,False,146.16,305.26,12.35,,2468.88,3431,False,0,2026-09-28 05:49:42.078546
4867b0,TRA29N  ,Kingdom of the Netherlands,1790574574.0,1790574574,0.0499,45.0072,10668.0,False,206.23,209.76,0.0,,11064.24,2122,False,0,2026-09-28 05:49:42.078546
758768,CEB1133 ,Philippines,1790574516.0,1790574516,121.7034,11.9593,9654.54,False,232.3,156.78,-9.1,,10363.2,,False,0,2026-09-28 05:49:42.078546
758766,CEB773  ,Philippines,1790574570.0,1790574570,121.3277,11.9742,10668.0,False,234.08,179.62,-0.33,,11460.48,,False,0,2026-09-28 05:49:42.078546
78109b,CSN6624 ,China,1790574565.0,1790574566,112.6074,22.3263,9174.48,False,234.66,224.02,0.0,,9822.18,,False,0,2026-09-28 05:49:42.078546
758773,CEB741  ,Philippines,1790574574.0,1790574574,70.4619,22.832,11887.2,False,248.51,93.8,0.0,,12595.86,,False,0,2026-09-28 05:49:42.078546
a07bfa,N130JA  ,United States,1790574574.0,1790574574,-122.9273,45.5192,167.64,False,28.41,324.58,-1.95,,175.26,,False,0,2026-09-28 05:49:42.078546
aa4932,ABX552  ,United States,1790574575.0,1790574575,-74.5668,40.9606,6233.16,False,194.78,98.96,-2.6,,6347.46,6622,False,0,2026-09-28 05:49:42.078546
3c0d0c,TUI5PJ  ,Germany,1790574574.0,1790574574,11.5767,41.3284,11277.6,False,228.84,183.48,0.0,,11742.42,6675,False,0,2026-09-28 05:49:42.078546
a03574,AAL561  ,United States,1790574573.0,1790574573,-122.5842,45.5806,7.62,False,66.31,298.75,-3.58,,7.62,0701,False,0,2026-09-28 05:49:42.078546
a1fec1,N139HN  ,United States,1790574529.0,1790574563,-79.9564,39.6525,411.48,False,46.66,235.78,2.93,,396.24,,False,0,2026-09-28 05:49:42.078546
a8c0d2,QXE2351 ,United States,1790574574.0,1790574574,-122.308,47.5303,1066.8,False,118.95,357.52,5.2,,1082.04,,False,0,2026-09-28 05:49:42.078546
ab67cf,N834GC  ,United States,1790574575.0,1790574575,-115.1596,36.1541,929.64,False,40.28,208.2,0.0,,891.54,,False,0,2026-09-28 05:49:42.078546
abed10,FDX5432 ,United States,1790574574.0,1790574574,-109.9108,52.7013,11582.4,False,227.54,301.03,0.0,,11605.26,,False,0,2026-09-28 05:49:42.078546
75870e,CEB3556 ,Philippines,1790574574.0,1790574574,121.2855,14.3341,2849.88,False,126.59,358.6,-10.73,,3086.1,,False,0,2026-09-28 05:49:42.078546
846d4a,JA15DC  ,Japan,1790574573.0,1790574574,140.0013,37.5294,3101.34,False,104.89,132.22,0.0,,3223.26,,False,0,2026-09-28 05:49:42.078546
70c10a,OMS811  ,Oman,1790574573.0,1790574574,51.8622,26.2286,11582.4,False,204.08,295.85,0.0,,12245.34,3566,False,0,2026-09-28 05:49:42.078546
70c104,OMA282  ,Oman,1790574323.0,1790574323,69.0468,18.5198,10972.8,False,239.13,298.11,0.0,,11635.74,,False,0,2026-09-28 05:49:42.078546
c80249,ZKCXK   ,New Zealand,1790574574.0,1790574574,174.7106,-36.6353,457.2,False,40.64,179.27,0.65,,525.78,,False,0,2026-09-28 05:49:42.078546
a1427f,AAL1860 ,United States,1790574575.0,1790574575,-107.5136,35.8453,10668.0,False,282.25,73.48,-0.33,,11186.16,6752,False,0,2026-09-28 05:49:42.078546
3cc569,DCCBH   ,Germany,1790574574.0,1790574575,15.1224,49.4786,5349.24,False,182.06,109.31,-8.78,,5593.08,1000,False,0,2026-09-28 05:49:42.078546
4baac2,THY72X  ,Turkey,1790574574.0,1790574574,29.5888,40.7523,9418.32,False,220.66,107.08,6.83,,9669.78,1055,False,0,2026-09-28 05:49:42.078546
a2d87a,N2825K  ,United States,1790574457.0,1790574457,-93.3989,37.217,495.3,False,45.55,18.43,-0.65,,502.92,,False,0,2026-09-28 05:49:42.078546
a8f9fd,FFT2145 ,United States,1790574574.0,1790574574,-114.7137,36.0816,2453.64,False,123.06,232.99,0.0,,2514.6,3565,False,0,2026-09-28 05:49:42.078546
3de586,IBIS3   ,Germany,1790574574.0,1790574574,8.582,49.7579,312.42,False,55.03,228.41,0.98,,419.1,0036,False,0,2026-09-28 05:49:42.078546
7c39fc,QLK6D   ,Australia,1790574574.0,1790574574,151.3879,-33.8605,2552.7,False,109.6,5.66,8.45,,2735.58,1544,False,0,2026-09-28 05:49:42.078546
a32bba,AAL382  ,United States,1790574435.0,1790574435,-71.0204,42.361,,True,2.31,25.31,,,,6766,False,0,2026-09-28 05:49:42.078546
a8d3b4,UAL134  ,United States,1790574565.0,1790574568,8.5553,47.4605,358.14,True,0.0,5.62,,,,2045,False,0,2026-09-28 05:49:42.078546
a38213,N325ND  ,United States,1790574575.0,1790574575,-94.6408,38.9897,1082.04,False,97.66,20.34,-5.2,,1120.14,1601,False,0,2026-09-28 05:49:42.078546
7c39f9,QLK862D ,Australia,1790574575.0,1790574575,150.0689,-31.9933,7620.0,False,214.94,35.06,0.33,,7932.42,1442,False,0,2026-09-28 05:49:42.078546
a1feea,MXY1373 ,United States,1790574573.0,1790574573,-111.7139,40.2115,,True,2.57,30.94,,,,3340,False,0,2026-09-28 05:49:42.078546
846d80,FDA524  ,Japan,1790574571.0,1790574571,137.694,37.6193,10363.2,False,178.49,236.4,-0.33,,10866.12,,False,0,2026-09-28 05:49:42.078546
7c39f5,QLK380D ,Australia,1790574574.0,1790574574,153.0411,-27.1873,3299.46,False,127.15,2.09,9.75,,3528.06,4464,False,0,2026-09-28 05:49:42.078546
70c124,OMA815  ,Oman,1790574559.0,1790574560,66.7547,22.9591,11887.2,False,266.49,90.33,0.0,,12588.24,,False,0,2026-09-28 05:49:42.078546
7822bb,CSN8118 ,China,1790574574.0,1790574574,103.9131,2.7173,9235.44,False,234.84,16.81,7.15,,9883.14,2273,False,0,2026-09-28 05:49:42.078546
70c125,OMA818  ,Oman,1790574490.0,1790574490,73.3604,22.4709,12192.0,False,244.61,278.71,0.0,,12923.52,,False,0,2026-09-28 05:49:42.078546
70c126,OMS402  ,Oman,1790574359.0,1790574359,66.4406,22.9605,10363.2,False,226.36,270.26,0.0,,10965.18,,False,0,2026-09-28 05:49:42.078546
a8e6f5,ABX3106 ,United States,1790574574.0,1790574574,-72.1359,42.8109,3329.94,False,134.79,90.66,-5.53,,3398.52,6236,False,0,2026-09-28 05:49:42.078546
a33ef5,AAL1114 ,United States,1790574574.0,1790574574,-115.3061,34.8609,8534.4,False,207.81,242.1,0.0,,8930.64,,False,0,2026-09-28 05:49:42.078546
782479,CSN8856 ,China,1790574304.0,1790574304,116.6614,37.5667,7139.94,False,219.87,343.13,-8.78,,7795.26,,False,0,2026-09-28 05:49:42.078546
a5124c,DAL222  ,United States,1790574575.0,1790574575,9.735,44.0414,11887.2,False,243.44,117.43,0.33,,12352.02,2204,False,0,2026-09-28 05:49:42.078546
486897,KLM1601 ,Kingdom of the Netherlands,1790574575.0,1790574575,6.4203,51.2073,9791.7,False,231.27,148.18,5.2,,10187.94,1000,False,0,2026-09-28 05:49:42.078546
486898,KLM82Z  ,Kingdom of the Netherlands,1790574574.0,1790574575,2.5485,50.0743,10988.04,False,254.27,30.92,0.0,,11338.56,1000,False,0,2026-09-28 05:49:42.078546
ac754d,SWA5014 ,United States,1790574574.0,1790574575,-116.4626,34.0867,9235.44,False,190.85,262.72,-10.4,,9692.64,2257,False,0,2026-09-28 05:49:42.078546
78247b,CSN6954 ,China,1790574574.0,1790574574,117.367,39.0804,6888.48,False,228.67,96.07,0.0,,7101.84,,False,0,2026-09-28 05:49:42.078546
7c1471,QFA126  ,Australia,1790574573.0,1790574573,157.1655,-30.469,12192.0,False,229.54,308.54,0.0,,12466.32,,False,0,2026-09-28 05:49:42.078546
7c1473,QFA66   ,Australia,1790574464.0,1790574464,115.9611,-31.935,,True,0.0,312.19,,,,5666,False,0,2026-09-28 05:49:42.078546
7c013c,AI2     ,Australia,1790574575.0,1790574575,152.9429,-31.3511,381.0,False,52.71,294.81,-4.23,,556.26,,False,0,2026-09-28 05:49:42.078546
7c146e,QFA35   ,Australia,1790574572.0,1790574572,127.6357,-17.09,11582.4,False,230.62,310.48,-0.33,,12374.88,,False,0,2026-09-28 05:49:42.078546
ac0bde,SWA3850 ,United States,1790574574.0,1790574575,-111.5255,34.9783,10972.8,False,198.81,250.81,0.0,,11574.78,2116,False,0,2026-09-28 05:49:42.078546
781165,CQH6922 ,China,1790574558.0,1790574569,114.2658,21.0765,7353.3,False,207.59,355.02,-4.88,,7901.94,,False,0,2026-09-28 05:49:42.078546
781166,CQH6775 ,China,1790574569.0,1790574574,117.1962,37.692,10088.88,False,226.91,178.96,0.0,,10553.7,,False,0,2026-09-28 05:49:42.078546
78248b,CES5156 ,China,1790574575.0,1790574575,116.1215,40.0731,6004.56,False,196.15,234.39,0.0,,6164.58,,False,0,2026-09-28 05:49:42.078546
a7fbbb,SKW5272 ,United States,1790574574.0,1790574574,-120.8072,35.8754,9753.6,False,203.84,311.01,0.0,,10050.78,4510,False,0,2026-09-28 05:49:42.078546
c073e4,CGRXB   ,Canada,1790574572.0,1790574572,-78.1275,47.1688,7620.0,False,131.86,159.44,0.0,,7886.7,,False,0,2026-09-28 05:49:42.078546
a4189f,DAL8961 ,United States,1790574574.0,1790574574,-88.7103,44.5968,11582.4,False,225.54,287.11,0.33,,11978.64,3350,False,0,2026-09-28 05:49:42.078546
a87223,UAL321  ,United States,1790574574.0,1790574574,9.8897,46.5438,9166.86,False,248.63,121.29,-7.15,,9555.48,1173,False,0,2026-09-28 05:49:42.078546
4ca97b,RYR1XE  ,Ireland,1790574574.0,1790574574,3.6669,52.128,11277.6,False,245.47,91.44,0.0,,11605.26,3417,False,0,2026-09-28 05:49:42.078546
4ca97c,RYR146G ,Ireland,1790574574.0,1790574574,-2.9739,53.497,2834.64,False,159.96,75.47,-7.15,,2926.08,7722,False,0,2026-09-28 05:49:42.078546
770454,ALK314  ,Sri Lanka,1790574572.0,1790574573,101.5979,2.9333,1089.66,False,92.32,146.13,-4.55,,1158.24,,False,0,2026-09-28 05:49:42.078546
a7650b,DAL547  ,United States,1790574565.0,1790574570,-118.4058,33.9473,,True,0.0,354.38,,,,,False,0,2026-09-28 05:49:42.078546
478ecd,WIF5DB  ,Norway,1790574574.0,1790574574,5.4976,61.0551,6781.8,False,156.89,16.77,6.83,,6827.52,,False,0,2026-09-28 05:49:42.078546
c01f28,FLE2855 ,Canada,1790574574.0,1790574574,-115.4838,40.0069,11582.4,False,235.01,330.35,0.0,,11986.26,,False,0,2026-09-28 05:49:42.078546
486840,TRA14R  ,Kingdom of the Netherlands,1790574574.0,1790574574,-4.8039,47.3047,10370.82,False,210.17,211.59,0.0,,10675.62,2135,False,0,2026-09-28 05:49:42.078546
48683e,TRA42P  ,Kingdom of the Netherlands,1790574574.0,1790574575,2.5533,51.637,9944.1,False,208.9,243.69,2.6,,10271.76,2133,False,0,2026-09-28 05:49:42.078546
c827a6,ANZ223  ,New Zealand,1790574574.0,1790574574,151.6131,-33.9885,2697.48,False,187.15,277.11,-11.7,,2880.36,0215,False,0,2026-09-28 05:49:42.078546
c01f1e,FLE600  ,Canada,1790574562.0,1790574562,-123.1833,49.1912,,True,4.89,258.75,,,,,False,0,2026-09-28 05:49:42.078546
486836,KLM46D  ,Kingdom of the Netherlands,1790574574.0,1790574574,8.0004,51.5948,10980.42,False,226.99,314.82,0.0,,11384.28,1000,False,0,2026-09-28 05:49:42.078546
a5255a,RPA4437 ,United States,1790574574.0,1790574574,-85.0823,39.005,10058.4,False,219.96,120.34,0.33,,10439.4,,False,0,2026-09-28 05:49:42.078546
78119c,CES789  ,China,1790574574.0,1790574574,138.5995,34.6547,6705.6,False,214.42,79.63,0.0,,7094.22,3053,False,0,2026-09-28 05:49:42.078546
c827b1,ANZ247  ,New Zealand,1790574574.0,1790574574,154.3439,-35.3657,10965.18,False,225.48,310.56,0.33,,11117.58,,False,0,2026-09-28 05:49:42.078546
702f2e,NAVMNT  ,Bangladesh,1790574339.0,1790574339,90.4156,23.8389,,True,7.2,16.88,,,,,False,0,2026-09-28 05:49:42.078546
a047e3,N117TF  ,United States,1790574574.0,1790574575,-72.5388,40.4704,14325.6,False,243.52,215.37,0.0,,14744.7,0705,False,0,2026-09-28 05:49:42.078546
758794,CEB2512 ,Philippines,1790574574.0,1790574574,121.2542,14.5412,1394.46,False,100.5,329.89,-3.58,,1516.38,,False,0,2026-09-28 05:49:42.078546
7c0168,AKA     ,Australia,1790574574.0,1790574574,145.3854,-38.0302,1165.86,False,51.45,101.53,2.93,,1318.26,1200,False,0,2026-09-28 05:49:42.078546
c827c0,AMD2    ,New Zealand,1790574564.0,1790574564,173.0184,-42.9573,739.14,False,61.07,209.8,-2.93,,739.14,,False,0,2026-09-28 05:49:42.078546
880858,AIQ611  ,Thailand,1790574415.0,1790574415,100.6059,13.918,,True,7.72,25.31,,,,,False,0,2026-09-28 05:49:42.078546
880859,AIQ3211 ,Thailand,1790574574.0,1790574574,99.5597,9.8161,10454.64,False,233.67,17.16,6.5,,,,False,0,2026-09-28 05:49:42.078546
880854,AIQ510  ,Thailand,1790574570.0,1790574570,101.322,10.5368,11269.98,False,226.67,170.07,0.0,,9944.1,,False,0,2026-09-28 05:49:42.078546
486804,KLM1322 ,Kingdom of the Netherlands,1790574574.0,1790574574,9.0356,51.9515,11582.4,False,220.3,282.54,-0.33,,11971.02,1000,False,0,2026-09-28 05:49:42.078546
486802,KLM79D  ,Kingdom of the Netherlands,1790574574.0,1790574575,9.5974,48.2036,11887.2,False,223.15,150.89,0.33,,12321.54,1000,False,0,2026-09-28 05:49:42.078546
a06a5a,DAL1614 ,United States,1790574574.0,1790574574,-112.7336,38.2615,10972.8,False,202.92,209.29,0.0,,11468.1,6065,False,0,2026-09-28 05:49:42.078546
3c7607,BVR404  ,Germany,1790574575.0,1790574575,5.9875,42.5284,13106.4,False,261.56,44.44,-0.33,,13548.36,1000,False,0,2026-09-28 05:49:42.078546
7609ee,PIA284  ,Pakistan,1790574438.0,1790574467,70.594,31.9026,9479.28,False,255.43,46.31,-11.05,,8519.16,,False,0,2026-09-28 05:49:42.078546
486803,KLM38Y  ,Kingdom of the Netherlands,1790574558.0,1790574574,8.5585,47.4557,,True,0.0,185.62,,,,1000,False,0,2026-09-28 05:49:42.078546
846bfa,ANA536  ,Japan,1790574574.0,1790574574,139.9583,35.0992,3931.92,False,170.39,61.11,-7.8,,4160.52,2356,False,0,2026-09-28 05:49:42.078546
486800,KLC13H  ,Kingdom of the Netherlands,1790574566.0,1790574567,6.7833,51.3001,38.1,False,63.17,232.94,-3.58,,129.54,1000,False,0,2026-09-28 05:49:42.078546
7609eb,PIA301  ,Pakistan,1790574574.0,1790574574,71.5294,31.4652,10972.8,False,201.08,206.43,0.33,,11490.96,,False,0,2026-09-28 05:49:42.078546
880845,AIQ557  ,Thailand,,1790574385,,,,False,154.22,13.9,-7.15,,,,False,0,2026-09-28 05:49:42.078546
a68d02,DAL702  ,United States,1790574574.0,1790574574,-77.5114,42.9414,10668.0,False,229.68,98.11,0.33,,11049.0,6012,False,0,2026-09-28 05:49:42.078546
86789e,ANA90   ,Japan,1790574574.0,1790574574,138.842,34.6952,6675.12,False,223.22,81.38,-4.55,,7040.88,4743,False,0,2026-09-28 05:49:42.078546
70c0ee,OMA317  ,Oman,1790574574.0,1790574574,68.6792,22.9404,12489.18,False,258.26,93.65,0.0,,13213.08,,False,0,2026-09-28 05:49:42.078546
7609f1,FJL858  ,Pakistan,1790574554.0,1790574566,70.9118,32.2816,10180.32,False,174.62,246.38,4.55,,,,False,0,2026-09-28 05:49:42.078546
a3f7ee,N355FS  ,United States,1790574466.0,1790574466,-115.1656,36.0883,670.56,False,6.9,206.57,-0.33,,624.84,,False,0,2026-09-28 05:49:42.078546
3c0ca3,TUI6AV  ,Germany,1790574575.0,1790574575,-5.9051,37.0777,1645.92,False,132.91,198.51,-3.9,,1790.7,1127,False,0,2026-09-28 05:49:42.078546
7586ca,CEB828  ,Philippines,1790574574.0,1790574574,121.1578,15.2813,6469.38,False,212.36,21.9,6.18,,6934.2,,False,0,2026-09-28 05:49:42.078546
3c0ca7,TUI4CY  ,Germany,1790574574.0,1790574574,15.0095,46.3059,11277.6,False,239.52,132.91,0.0,,11711.94,7657,False,0,2026-09-28 05:49:42.078546
c06193,POE266  ,Canada,1790574574.0,1790574574,-120.802,49.1873,9342.12,False,240.68,86.57,6.83,,9464.04,7073,False,0,2026-09-28 05:49:42.078546
88085a,AIQ3433 ,Thailand,1790574574.0,1790574574,100.471,13.9174,1569.72,False,138.33,291.6,13.33,,1592.58,,False,0,2026-09-28 05:49:42.078546
76d109,TGW661  ,Singapore,1790574559.0,1790574559,103.9885,1.3682,,True,7.2,112.5,,,,,False,0,2026-09-28 05:49:42.078546
4bab21,THY1WN  ,Turkey,1790574574.0,1790574574,17.7862,47.1678,10972.8,False,210.98,315.0,0.0,,11369.04,3237,False,0,2026-09-28 05:49:42.078546
782437,CES5692 ,China,1790574437.0,1790574474,123.2824,35.74,10081.26,False,224.88,178.56,5.53,,10568.94,6452,False,0,2026-09-28 05:49:42.078546
4bab22,THY8RZ  ,Turkey,1790574574.0,1790574574,30.8262,36.0295,9448.8,False,222.91,177.88,-0.33,,9723.12,5345,False,0,2026-09-28 05:49:42.078546
7c6de0,QFA453  ,Australia,1790574575.0,1790574575,147.9262,-36.2201,11582.4,False,200.07,235.37,0.0,,11803.38,3707,False,0,2026-09-28 05:49:42.078546
781102,CES589  ,China,1790574572.0,1790574573,128.7734,32.465,8839.2,False,283.91,63.76,0.0,,9418.32,,False,0,2026-09-28 05:49:42.078546
781100,CES521  ,China,1790574574.0,1790574574,130.6583,32.9814,11277.6,False,272.16,80.64,0.0,,12009.12,4440,False,0,2026-09-28 05:49:42.078546
4ca8e4,RYR95LU ,Ireland,1790574574.0,1790574575,-1.1612,41.5161,11277.6,False,212.62,214.65,0.0,,11734.8,6721,False,0,2026-09-28 05:49:42.078546
7c6de8,QFA856  ,Australia,1790574574.0,1790574575,115.9607,-32.0267,853.44,False,127.62,144.52,11.05,,845.82,3635,False,0,2026-09-28 05:49:42.078546
4ca8e6,RYR47QP ,Ireland,1790574574.0,1790574574,1.0431,48.7786,11582.4,False,211.03,285.12,0.0,,11910.06,5743,False,0,2026-09-28 05:49:42.078546
7586a8,802     ,Philippines,1790574416.0,1790574416,119.5508,15.6032,4328.16,False,143.03,274.95,-11.38,,4648.2,,False,0,2026-09-28 05:49:42.078546
7c6de5,QFA769  ,Australia,1790574574.0,1790574574,139.4646,-37.183,10363.2,False,212.9,280.44,0.0,,10668.0,4267,False,0,2026-09-28 05:49:42.078546
7586a7,008     ,Philippines,1790574412.0,1790574413,119.554,15.6016,4389.12,False,138.79,276.6,-8.45,,4655.82,,False,0,2026-09-28 05:49:42.078546
7c1440,VHEAA   ,Australia,1790574574.0,1790574574,153.4245,-27.9974,655.32,False,75.11,186.69,-2.93,,822.96,2527,False,0,2026-09-28 05:49:42.078546
4bab29,THY3RK  ,Turkey,1790574414.0,1790574571,22.6205,51.2758,10668.0,False,217.7,8.97,0.0,,10995.66,5327,False,0,2026-09-28 05:49:42.078546
4bab27,THY8VN  ,Turkey,1790574574.0,1790574575,18.1207,46.9288,10972.8,False,221.33,296.21,0.0,,11369.04,5311,False,0,2026-09-28 05:49:42.078546
4bab28,THY849  ,Turkey,1790574574.0,1790574575,33.6822,36.356,11582.4,False,230.73,328.4,0.65,,11971.02,5744,False,0,2026-09-28 05:49:42.078546
7c6ddf,,Australia,1790574571.0,1790574571,149.6538,-28.1415,11269.98,False,221.94,162.74,0.0,,11650.98,,False,0,2026-09-28 05:49:42.078546
7c6dde,QFA764  ,Australia,1790574573.0,1790574574,143.159,-36.5293,10073.64,False,241.32,112.3,-15.93,,10408.92,4375,False,0,2026-09-28 05:49:42.078546
4bab25,THY639  ,Turkey,1790574574.0,1790574574,25.1451,37.1541,10972.8,False,222.16,236.71,0.0,,11338.56,0714,False,0,2026-09-28 05:49:42.078546
4bab26,THY846  ,Turkey,1790574574.0,1790574574,34.8349,35.1367,10668.0,False,241.5,139.32,-0.33,,11094.72,5345,False,0,2026-09-28 05:49:42.078546
7c6ddd,QFA451  ,Australia,1790574572.0,1790574572,151.1745,-33.9404,,True,45.27,168.75,,,,,False,0,2026-09-28 05:49:42.078546
7c6ddc,QFA459  ,Australia,1790574574.0,1790574574,151.1827,-34.0497,899.16,False,129.46,164.09,13.66,,1074.42,3715,False,0,2026-09-28 05:49:42.078546
4bab24,THY1PE  ,Turkey,1790574574.0,1790574574,16.8634,45.0841,10972.8,False,222.27,289.61,0.0,,11391.9,7213,False,0,2026-09-28 05:49:42.078546
7c6ddb,QFA536  ,Australia,1790574575.0,1790574575,152.4542,-31.1882,10668.0,False,248.07,14.9,0.0,,10934.7,1267,False,0,2026-09-28 05:49:42.078546
3d2d85,DEPMJ   ,Germany,1790574574.0,1790574574,8.7288,49.2327,1318.26,False,71.4,336.21,0.0,,1455.42,4452,False,0,2026-09-28 05:49:42.078546
4bab30,THY9EB  ,Turkey,1790574574.0,1790574574,23.3495,43.2496,10972.8,False,227.06,286.59,0.0,,11269.98,2335,False,0,2026-09-28 05:49:42.078546
782445,CQH8662 ,China,1790574574.0,1790574575,117.9769,41.2821,9349.74,False,207.44,238.28,-5.2,,9555.48,,False,0,2026-09-28 05:49:42.078546
781115,CXA8697 ,China,,1790574394,,,,False,220.85,234.38,5.2,,,,False,0,2026-09-28 05:49:42.078546
a44d62,DAL1080 ,United States,1790574574.0,1790574574,-91.8296,35.0394,8199.12,False,254.14,89.65,-15.28,,8610.6,1014,True,0,2026-09-28 05:49:42.078546
7609ae,,Pakistan,,1790574567,,,,False,249.3,92.84,0.0,,,,False,0,2026-09-28 05:49:42.078546
7c6dd8,QFA938  ,Australia,1790574574.0,1790574574,121.4117,-31.2178,10972.8,False,285.47,79.72,0.98,,11254.74,1307,False,0,2026-09-28 05:49:42.078546
7c6dd7,,Australia,1790574572.0,1790574574,142.4317,-30.246,9144.0,False,231.06,263.22,0.0,,9525.0,,False,0,2026-09-28 05:49:42.078546
7c6dd6,QFA627  ,Australia,1790574574.0,1790574575,149.9062,-31.5405,10972.8,False,200.84,217.19,0.0,,11269.98,1052,False,0,2026-09-28 05:49:42.078546
7c6dd5,QFA729  ,Australia,1790574569.0,1790574570,140.8592,-30.1499,11277.6,False,249.87,117.2,0.0,,11689.08,,False,0,2026-09-28 05:49:42.078546
4bab2a,THY43A  ,Turkey,1790574574.0,1790574574,21.0164,43.6408,10972.8,False,226.71,280.72,0.0,,11323.32,2351,False,0,2026-09-28 05:49:42.078546
78110c,CDG7975 ,China,1790574574.0,1790574575,116.8809,39.6718,8412.48,False,213.13,350.83,0.0,,8656.32,,False,0,2026-09-28 05:49:42.078546
781127,CSN3632 ,China,1790574530.0,1790574530,116.1182,38.6859,11003.28,False,187.8,214.73,0.0,,11445.24,,False,0,2026-09-28 05:49:42.078546
a7a25f,DAL783  ,United States,1790574574.0,1790574574,-112.2457,34.3899,10668.0,False,277.63,81.69,0.33,,11224.26,1063,False,0,2026-09-28 05:49:42.078546
a6329d,GTI574  ,United States,1790574573.0,1790574574,89.2116,21.0467,9144.0,False,273.58,322.87,-0.33,,9700.26,1614,False,0,2026-09-28 05:49:42.078546
7609b9,PIA753  ,Pakistan,1790574512.0,1790574517,67.7298,29.9715,10363.2,False,217.68,227.11,0.0,,10835.64,,False,0,2026-09-28 05:49:42.078546
4ca8af,RYR73XD ,Ireland,1790574574.0,1790574574,4.6153,51.9694,10972.8,False,235.6,109.38,0.0,,11315.7,4634,False,0,2026-09-28 05:49:42.078546
4ca8d6,RYR9JB  ,Ireland,1790574574.0,1790574574,-5.5105,37.5647,10972.8,False,254.93,18.84,0.0,,11445.24,6475,False,0,2026-09-28 05:49:42.078546
4ca8d8,RYR5SF  ,Ireland,1790574570.0,1790574573,17.8757,40.6522,8511.54,False,239.94,113.1,8.45,,8884.92,,False,0,2026-09-28 05:49:42.078546
7c6db7,QFA618  ,Australia,1790574574.0,1790574574,151.8421,-30.083,11277.6,False,258.38,41.53,0.0,,11582.4,1505,False,0,2026-09-28 05:49:42.078546
7c6db6,QFA454  ,Australia,1790574575.0,1790574575,148.7078,-35.1742,10668.0,False,233.36,52.52,0.0,,10904.22,7217,False,0,2026-09-28 05:49:42.078546
7c6db4,QFA535  ,Australia,1790574487.0,1790574492,151.1763,-33.9315,,True,0.0,115.31,,,,1046,False,0,2026-09-28 05:49:42.078546
7c6db2,QFA452  ,Australia,1790574574.0,1790574574,151.0929,-33.7095,746.76,False,92.35,130.26,-0.33,,937.26,4353,False,0,2026-09-28 05:49:42.078546
7c6db1,QFA742  ,Australia,1790574574.0,1790574574,145.2971,-34.928,11887.2,False,257.9,87.94,0.0,,12176.76,6770,False,0,2026-09-28 05:49:42.078546
4ca8bd,EIN874  ,Ireland,1790574574.0,1790574575,-8.799,49.8601,10378.44,False,217.76,185.97,9.75,,10507.98,3605,False,0,2026-09-28 05:49:42.078546
c0614d,WJA134  ,Canada,1790574574.0,1790574574,-118.8693,49.5604,10668.0,False,237.43,63.77,0.0,,10789.92,7061,False,0,2026-09-28 05:49:42.078546
7c6db8,QFA622  ,Australia,1790574574.0,1790574574,144.8513,-37.6659,,True,0.9,264.38,,,,,False,0,2026-09-28 05:49:42.078546
acd838,AAL2525 ,United States,1790574574.0,1790574574,-78.8555,29.6894,12192.0,False,210.89,186.86,0.0,,12755.88,1702,False,0,2026-09-28 05:49:42.078546
4baa44,THY1EM  ,Turkey,1790574575.0,1790574575,25.4984,39.2485,9761.22,False,214.23,323.79,-0.33,,10050.78,2304,False,0,2026-09-28 05:49:42.078546
4baa43,THY3UZ  ,Turkey,1790574556.0,1790574556,31.6193,40.4363,7757.16,False,189.38,105.92,-7.15,,7993.38,0741,False,0,2026-09-28 05:49:42.078546
3c7438,TUI3AY  ,Germany,1790574574.0,1790574574,26.0917,37.6935,7917.18,False,224.3,150.91,-9.75,,8206.74,7605,False,0,2026-09-28 05:49:42.078546
3c7439,TUI5HJ  ,Germany,1790574574.0,1790574574,3.5175,40.7329,9883.14,False,211.05,197.15,-8.13,,10378.44,1000,False,0,2026-09-28 05:49:42.078546
7810bc,CCA124  ,China,1790574574.0,1790574574,119.3061,38.1852,8435.34,False,181.32,292.34,-6.18,,8785.86,,False,0,2026-09-28 05:49:42.078546
48a5e7,SRN3272 ,Poland,1790574574.0,1790574574,6.7726,60.9078,6705.6,False,129.53,333.84,-0.33,,6789.42,0235,False,0,2026-09-28 05:49:42.078546
48a5e4,SRN9034 ,Poland,1790574574.0,1790574574,17.4066,45.8096,6400.8,False,130.51,157.28,0.0,,6690.36,4372,False,0,2026-09-28 05:49:42.078546
4baa49,THY2AL  ,Turkey,1790574574.0,1790574574,27.6954,43.5504,9753.6,False,234.13,321.87,0.0,,9997.44,4263,False,0,2026-09-28 05:49:42.078546
4baa53,THY7RN  ,Turkey,1790574574.0,1790574574,2.1004,41.2932,,True,5.66,64.69,,,,,False,0,2026-09-28 05:49:42.078546
a511f6,AAL375  ,United States,1790574575.0,1790574575,-146.6401,60.9063,10972.8,False,240.22,258.76,0.0,,10675.62,,False,0,2026-09-28 05:49:42.078546
3c0ac7,CFG9MF  ,Germany,1790574575.0,1790574575,20.008,43.3382,10675.62,False,246.01,126.58,0.33,,11026.14,3044,False,0,2026-09-28 05:49:42.078546
3c0ac6,CFG3XR  ,Germany,1790574574.0,1790574575,12.0851,46.3227,11277.6,False,228.6,158.34,0.0,,11734.8,1000,False,0,2026-09-28 05:49:42.078546
aa22e6,EJA752  ,United States,1790574574.0,1790574574,-121.2441,43.9819,12489.18,False,241.21,170.92,0.33,,12755.88,1651,False,0,2026-09-28 05:49:42.078546
7823fe,CES5566 ,China,1790574570.0,1790574571,118.9955,25.2254,10096.5,False,233.83,47.85,0.0,,10858.5,,False,0,2026-09-28 05:49:42.078546
888053,HVN610  ,Viet Nam,1790574574.0,1790574574,100.7725,13.5581,1272.54,False,121.2,169.98,5.53,,1310.64,,False,0,2026-09-28 05:49:42.078546
3c743a,TUI4DN  ,Germany,1790574574.0,1790574574,4.8904,42.9724,11277.6,False,229.47,215.97,0.0,,11765.28,1000,False,0,2026-09-28 05:49:42.078546
4baa4d,THY5ER  ,Turkey,1790574574.0,1790574574,28.8326,40.6326,5212.08,False,214.15,149.86,9.1,,5364.48,0754,False,0,2026-09-28 05:49:42.078546
a31a96,UAL63   ,United States,1790574560.0,1790574560,-61.5194,11.2611,10972.8,False,256.13,325.64,-0.33,,11666.22,,False,0,2026-09-28 05:49:42.078546
4baa59,THY5YA  ,Turkey,1790574522.0,1790574522,28.7071,41.2801,,True,24.69,357.19,,,,5103,False,0,2026-09-28 05:49:42.078546
4c31e0,MPC002  ,Serbia,1790574574.0,1790574575,9.0495,44.5911,12496.8,False,220.58,121.65,0.0,,12938.76,5713,False,0,2026-09-28 05:49:42.078546
a4f1e5,AAL2701 ,United States,1790574574.0,1790574575,-112.1916,33.4537,1485.9,False,143.82,326.08,10.08,,1508.76,,False,0,2026-09-28 05:49:42.078546
4baa0d,THY8YK  ,Turkey,1790574574.0,1790574574,28.7763,41.5519,2697.48,False,139.16,32.16,8.13,,2804.16,0737,False,0,2026-09-28 05:49:42.078546
4baa0b,THY3KP  ,Turkey,1790574574.0,1790574574,28.6403,41.3825,2286.0,False,129.76,267.5,15.61,,2362.2,5132,False,0,2026-09-28 05:49:42.078546
aa7e7a,UAL1986 ,United States,1790574508.0,1790574508,-122.3831,37.6187,,True,1.03,208.12,,,,6630,False,0,2026-09-28 05:49:42.078546
4baa0c,THY9QW  ,Turkey,1790574574.0,1790574574,29.4035,37.4588,7307.58,False,200.8,31.17,7.8,,7543.8,5140,False,0,2026-09-28 05:49:42.078546
7cad4f,VOZ686  ,Australia,1790574382.0,1790574387,144.8459,-37.6712,,True,0.0,351.56,,,,4025,False,0,2026-09-28 05:49:42.078546
3df741,HUMMEL1 ,Germany,1790574574.0,1790574574,7.6142,51.9681,297.18,False,23.11,286.82,0.0,,403.86,4426,False,0,2026-09-28 05:49:42.078546
7c01bc,AM261   ,Australia,1790574575.0,1790574575,151.6178,-33.6061,6949.44,False,199.51,14.18,10.73,,7162.8,1326,False,0,2026-09-28 05:49:42.078546
38e83b,FWMIL   ,France,1790574571.0,1790574573,1.3643,43.6153,,True,0.0,272.81,,,,,False,0,2026-09-28 05:49:42.078546
7c4a50,JST80   ,Australia,1790574523.0,1790574523,115.9722,-31.941,,True,0.0,157.5,,,,2754,False,0,2026-09-28 05:49:42.078546
7810fb,GCR7539 ,China,1790574575.0,1790574575,116.8332,39.9065,10088.88,False,225.41,171.2,0.0,,10408.92,,False,0,2026-09-28 05:49:42.078546
4baa88,THY661  ,Turkey,1790574575.0,1790574575,25.6329,40.8145,10972.8,False,230.89,260.77,0.0,,11277.6,2317,False,0,2026-09-28 05:49:42.078546
4baa89,THY5SY  ,Turkey,1790574574.0,1790574574,8.5505,47.4607,,True,0.0,160.31,,,,3052,False,0,2026-09-28 05:49:42.078546
4baa86,THY3NU  ,Turkey,1790574574.0,1790574575,16.0767,47.0542,10668.0,False,246.55,118.54,-0.33,,11079.48,7715,False,0,2026-09-28 05:49:42.078546
4baa87,THY8ES  ,Turkey,1790574575.0,1790574575,24.4137,42.0751,9753.6,False,220.78,271.6,0.0,,10035.54,4523,False,0,2026-09-28 05:49:42.078546
4baa84,THY2ZN  ,Turkey,1790574574.0,1790574574,14.7346,47.5592,9730.74,False,248.15,118.48,7.15,,10142.22,6401,False,0,2026-09-28 05:49:42.078546
47bb0a,SAS791  ,Norway,1790574574.0,1790574575,8.6558,46.2392,11475.72,False,215.31,177.12,-16.58,,11948.16,0743,False,0,2026-09-28 05:49:42.078546
4baa7a,THY40H  ,Turkey,1790574574.0,1790574574,14.662,41.895,9860.28,False,237.32,87.89,5.53,,10294.62,,False,0,2026-09-28 05:49:42.078546
4855d2,KLC60Y  ,Kingdom of the Netherlands,1790574329.0,1790574329,4.7338,52.3095,,True,14.92,182.81,,,,7630,False,0,2026-09-28 05:49:42.078546
4855d0,KLM98T  ,Kingdom of the Netherlands,1790574574.0,1790574574,1.4963,49.243,10972.8,False,258.4,33.88,0.33,,11308.08,1000,False,0,2026-09-28 05:49:42.078546
add2ad,ASA371  ,United States,1790574574.0,1790574575,-118.2572,47.5636,10668.0,False,244.98,91.68,0.0,,10805.16,6662,False,0,2026-09-28 05:49:42.078546
4baa95,TKJ3RQ  ,Turkey,1790574407.0,1790574407,36.2808,39.122,10660.38,False,242.9,99.26,0.33,,10980.42,,False,0,2026-09-28 05:49:42.078546
4baa96,,Turkey,,1790574574,,,,False,73.06,0.81,5.85,,,5165,False,0,2026-09-28 05:49:42.078546
4baa94,TKJ4XT  ,Turkey,1790574355.0,1790574355,31.6836,40.4224,7894.32,False,206.98,105.87,-4.88,,8176.26,3123,False,0,2026-09-28 05:49:42.078546
400795,LOG3DT  ,United Kingdom,1790574549.0,1790574553,-2.2059,57.2101,,True,0.0,73.12,,,,,False,0,2026-09-28 05:49:42.078546
4baa92,,Turkey,1790574543.0,1790574543,30.8058,36.8877,,True,7.72,185.62,,,,,False,0,2026-09-28 05:49:42.078546
a524e1,UAL1204 ,United States,1790574574.0,1790574574,-121.5611,36.3061,7772.4,False,227.63,329.44,-12.03,,7985.76,0037,False,0,2026-09-28 05:49:42.078546
a1697c,N190PM  ,United States,1790574574.0,1790574574,-87.7367,41.293,1173.48,False,118.24,314.12,0.33,,1226.82,2263,False,0,2026-09-28 05:49:42.078546
add2b6,AAL2873 ,United States,1790574567.0,1790574567,-122.5994,45.5897,,True,0.0,36.56,,,,6027,False,0,2026-09-28 05:49:42.078546
4baa8f,THY4ZG  ,Turkey,1790574575.0,1790574575,20.7478,44.5395,10370.82,False,219.72,296.87,0.0,,10683.24,5353,False,0,2026-09-28 05:49:42.078546
4868f8,KLM92V  ,Kingdom of the Netherlands,1790574574.0,1790574575,10.1524,48.5071,10980.42,False,240.19,350.88,0.0,,11430.0,1000,False,0,2026-09-28 05:49:42.078546
4baa8c,THY5EH  ,Turkey,1790574566.0,1790574566,41.6102,41.6056,,True,3.09,39.38,,,,5142,False,0,2026-09-28 05:49:42.078546
399264,CRL785  ,France,1790574574.0,1790574575,1.2739,45.4556,10972.8,False,254.26,355.94,0.0,,11376.66,5565,False,0,2026-09-28 05:49:42.078546
aa7e51,UAL2194 ,United States,1790574574.0,1790574574,-118.7958,34.1515,3779.52,False,153.72,137.98,-7.48,,3901.44,3207,False,0,2026-09-28 05:49:42.078546
4868f7,KLM84V  ,Kingdom of the Netherlands,1790574574.0,1790574574,1.4571,52.1388,8229.6,False,215.27,74.9,0.0,,8496.3,7636,False,0,2026-09-28 05:49:42.078546
4baa67,THY4ND  ,Turkey,1790574429.0,1790574429,22.9758,40.5225,,True,4.12,45.0,,,,5354,False,0,2026-09-28 05:49:42.078546
4baa64,THY9SD  ,Turkey,1790574574.0,1790574575,20.9307,44.0378,10972.8,False,221.34,295.91,0.0,,11300.46,5352,False,0,2026-09-28 05:49:42.078546
aa7e2e,,United States,1790574565.0,1790574570,-97.6725,30.1998,,True,0.0,0.0,,,,,False,0,2026-09-28 05:49:42.078546
4baa75,THY87X  ,Turkey,1790574575.0,1790574575,20.2648,49.1871,10668.0,False,240.18,133.44,0.0,,11026.14,7632,False,0,2026-09-28 05:49:42.078546
c82726,ANZ172M ,New Zealand,1790574574.0,1790574574,176.8823,-37.9918,6400.8,False,124.4,301.13,0.0,,6385.56,,False,0,2026-09-28 05:49:42.078546
c82727,ANZ050M ,New Zealand,1790574574.0,1790574574,174.2787,-38.6813,3749.04,False,115.95,26.34,7.15,,3741.42,,False,0,2026-09-28 05:49:42.078546
3c7425,TUI7CX  ,Germany,1790574524.0,1790574539,21.4284,43.2507,11277.6,False,251.73,147.35,0.0,,11620.5,7616,False,0,2026-09-28 05:49:42.078546
3c7426,TUI3NG  ,Germany,1790574574.0,1790574574,5.9301,45.1049,10668.0,False,237.11,196.9,0.0,,11140.44,1000,False,0,2026-09-28 05:49:42.078546
4baa74,THY1JR  ,Turkey,1790574574.0,1790574574,28.2392,43.0345,9753.6,False,238.23,322.02,0.0,,10027.92,2673,False,0,2026-09-28 05:49:42.078546
3c7427,TUI68K  ,Germany,1790574574.0,1790574574,22.5415,40.9108,10668.0,False,250.13,137.42,-0.33,,11003.28,7666,False,0,2026-09-28 05:49:42.078546
400773,BAW20R  ,United Kingdom,1790574574.0,1790574574,0.0287,51.4817,1501.14,False,94.58,224.56,-3.58,,1615.44,7666,False,0,2026-09-28 05:49:42.078546
4baa70,THY2EG  ,Turkey,1790574574.0,1790574574,21.5921,44.2209,6080.76,False,193.62,303.73,-20.81,,6393.18,5305,False,0,2026-09-28 05:49:42.078546
4868bc,KLM96L  ,Kingdom of the Netherlands,1790574574.0,1790574574,4.3423,52.569,1470.66,False,148.18,89.01,-7.8,,1577.34,7624,False,0,2026-09-28 05:49:42.078546
4baa6f,THY5TK  ,Turkey,1790574573.0,1790574573,17.7076,41.1018,9745.98,False,232.06,271.14,0.0,,10157.46,2350,False,0,2026-09-28 05:49:42.078546
4baa6d,THY269  ,Turkey,1790573337.0,1790574573,29.1428,42.8994,10363.2,False,251.05,0.12,6.18,,9258.3,6350,False,0,2026-09-28 05:49:42.078546
4baa6b,THY1SL  ,Turkey,1790574574.0,1790574574,26.3894,43.7991,9753.6,False,230.15,326.03,0.0,,10005.06,4514,False,0,2026-09-28 05:49:42.078546
3c7421,TUI9WT  ,Germany,1790574574.0,1790574575,-2.8502,45.9589,10668.0,False,214.68,226.36,0.0,,11010.9,2535,False,0,2026-09-28 05:49:42.078546
3c7424,TUI50K  ,Germany,1790574574.0,1790574574,24.636,39.1172,11277.6,False,246.86,138.97,0.0,,11620.5,7616,False,0,2026-09-28 05:49:42.078546
ab9e12,FDX5835 ,United States,1790574574.0,1790574574,125.053,37.3939,9174.48,False,183.7,268.72,0.0,,9570.72,7154,False,0,2026-09-28 05:49:42.078546
4ca911,RYR8TH  ,Ireland,1790574574.0,1790574574,12.3323,42.7593,3048.0,False,129.83,338.62,0.0,,3276.6,,False,0,2026-09-28 05:49:42.078546
3c618b,TUI3DH  ,Germany,1790574574.0,1790574575,-1.241,43.3582,11277.6,False,206.72,208.54,0.0,,11689.08,5171,False,0,2026-09-28 05:49:42.078546
c82744,ANZ677  ,New Zealand,1790574574.0,1790574574,170.2421,-45.9082,259.08,False,63.92,236.82,-2.6,,205.74,,False,0,2026-09-28 05:49:42.078546
a1435d,SWA1268 ,United States,1790574574.0,1790574574,-113.4281,35.1894,8839.2,False,260.08,102.8,-0.33,,9281.16,,False,0,2026-09-28 05:49:42.078546
a80a97,SKW5863 ,United States,1790574575.0,1790574575,-118.6916,33.9268,2910.84,False,140.48,268.74,13.66,,2994.66,4676,False,0,2026-09-28 05:49:42.078546
440b1e,EJU75NR ,Austria,1790574574.0,1790574574,-4.8996,41.6387,11582.4,False,244.41,56.24,0.33,,11986.26,5445,False,0,2026-09-28 05:49:42.078546
c82757,ANZ125  ,New Zealand,1790574575.0,1790574575,148.3499,-37.9226,10363.2,False,218.33,281.42,0.0,,10568.94,,False,0,2026-09-28 05:49:42.078546
ab68cc,N834SF  ,United States,1790574574.0,1790574574,-83.5698,30.2833,388.62,False,63.63,292.83,0.0,,373.38,,False,0,2026-09-28 05:49:42.078546
4868a6,KLC50M  ,Kingdom of the Netherlands,1790574574.0,1790574574,10.3271,48.8438,11582.4,False,230.63,337.44,-0.33,,12001.5,1000,False,0,2026-09-28 05:49:42.078546
4868a4,,Kingdom of the Netherlands,,1790574315,,,,False,231.19,337.77,0.0,,,,False,0,2026-09-28 05:49:42.078546
495066,OBS864  ,Portugal,1790574484.0,1790574486,-76.814,28.5242,11277.6,False,268.81,50.12,0.0,,11856.72,6135,False,0,2026-09-28 05:49:42.078546
71e276,HLC276  ,Republic of Korea,1790574395.0,1790574399,126.7364,37.0571,266.7,False,43.48,25.96,-0.65,,312.42,1276,False,0,2026-09-28 05:49:42.078546
a01037,DAL1749 ,United States,1790574572.0,1790574572,-93.2296,44.8641,,True,0.06,357.19,,,,,False,0,2026-09-28 05:49:42.078546
ab8b0b,AAL728  ,United States,1790574574.0,1790574575,-3.5555,53.3177,11125.2,False,253.61,110.42,-5.2,,11239.5,6033,False,0,2026-09-28 05:49:42.078546
4ca900,ITY1176 ,Ireland,1790574574.0,1790574574,9.3525,44.7449,3840.48,False,158.85,355.91,-5.53,,4114.8,1000,False,0,2026-09-28 05:49:42.078546
7cad46,VOZ853  ,Australia,1790574574.0,1790574574,144.8413,-37.6619,-15.24,False,51.06,274.04,0.33,,137.16,,False,0,2026-09-28 05:49:42.078546
7cad45,VOZ336  ,Australia,1790574535.0,1790574561,153.1196,-27.3889,,True,0.0,0.0,,,,,False,0,2026-09-28 05:49:42.078546
7cad49,VOZ164  ,Australia,1790574572.0,1790574572,151.1849,-33.9511,,True,9.77,278.44,,,,0212,False,0,2026-09-28 05:49:42.078546
7cad43,VOZ745  ,Australia,1790574574.0,1790574574,152.125,-30.0795,11277.6,False,257.61,43.71,-0.33,,11582.4,1501,False,0,2026-09-28 05:49:42.078546
7cad42,VOZ1003 ,Australia,1790574575.0,1790574575,152.7879,-29.1384,9060.18,False,238.83,41.07,-5.2,,9403.08,1471,False,0,2026-09-28 05:49:42.078546
ac75b0,SWA169  ,United States,1790574546.0,1790574551,-115.1462,36.0812,,True,0.0,255.94,,,,,False,0,2026-09-28 05:49:42.078546
88808c,HVN593  ,Viet Nam,1790574565.0,1790574573,113.9313,22.3147,,True,0.0,160.31,,,,7030,False,0,2026-09-28 05:49:42.078546
a3f930,UPS104  ,United States,1790574574.0,1790574574,-150.4118,61.1687,1104.9,False,71.01,91.25,-2.6,,922.02,6611,False,0,2026-09-28 05:49:42.078546
4ca95e,RYR2HU  ,Ireland,1790574574.0,1790574574,-2.5168,47.5625,10058.4,False,222.86,142.79,0.0,,10378.44,6316,False,0,2026-09-28 05:49:42.078546
8678e2,ANA464L ,Japan,1790574575.0,1790574575,139.7815,35.5634,,True,6.43,59.06,,,,4651,False,0,2026-09-28 05:49:42.078546
aa6b9f,UAL35   ,United States,1790574548.0,1790574548,135.2474,34.434,,True,5.14,50.62,,,,,False,0,2026-09-28 05:49:42.078546
495037,TAP428  ,Portugal,1790574302.0,1790574310,-9.1389,38.765,,True,0.77,191.25,,,,,False,0,2026-09-28 05:49:42.078546
4ca960,NOS60EK ,Ireland,1790574574.0,1790574574,11.2617,38.7532,11887.2,False,238.24,178.76,0.0,,12336.78,1223,False,0,2026-09-28 05:49:42.078546
495039,TAP27UZ ,Portugal,1790574574.0,1790574575,-6.4452,46.9294,10668.0,False,195.45,189.24,-0.33,,10934.7,2250,False,0,2026-09-28 05:49:42.078546
7c4a32,OXW     ,Australia,1790574574.0,1790574575,145.0119,-37.9987,1059.18,False,59.72,252.97,-2.28,,1196.34,7173,False,0,2026-09-28 05:49:42.078546
4ca92d,EIN440  ,Ireland,1790574574.0,1790574574,1.9075,52.5092,11285.22,False,231.24,113.88,0.0,,11574.78,4721,False,0,2026-09-28 05:49:42.078546
45d069,VKG488  ,Denmark,1790574574.0,1790574574,17.0138,51.1756,10668.0,False,240.88,156.99,0.33,,11049.0,6041,False,0,2026-09-28 05:49:42.078546
4ca92b,RYR2MV  ,Ireland,1790574574.0,1790574574,-3.0707,51.1027,11277.6,False,197.9,185.37,0.0,,11490.96,0551,False,0,2026-09-28 05:49:42.078546
a6ca7f,ASA255  ,United States,1790574574.0,1790574574,-107.4648,37.7639,10652.76,False,267.26,58.3,-0.33,,11186.16,6740,False,0,2026-09-28 05:49:42.078546
3a46b7,VT902   ,France,1790574574.0,1790574575,-149.9606,-18.0936,4876.8,False,134.33,20.86,0.0,,5158.74,,False,0,2026-09-28 05:49:42.078546
4ca935,EIN550  ,Ireland,1790574574.0,1790574574,-1.5421,52.3073,11277.6,False,207.46,151.08,0.0,,11490.96,6363,False,0,2026-09-28 05:49:42.078546
7823da,JDL2747 ,China,1790574574.0,1790574574,79.9109,27.5041,9753.6,False,240.29,309.96,0.0,,10347.96,,False,0,2026-09-28 05:49:42.078546
c8277b,NOR1    ,New Zealand,1790574510.0,1790574510,175.3139,-36.8462,1188.72,False,67.01,151.07,-0.33,,1257.3,,False,0,2026-09-28 05:49:42.078546
45d068,VKG288  ,Denmark,1790574574.0,1790574574,12.6909,52.7121,10660.38,False,230.71,149.15,-0.33,,11049.0,6043,False,0,2026-09-28 05:49:42.078546
48436e,KLM192  ,Kingdom of the Netherlands,1790574574.0,1790574574,4.7101,52.3429,,True,27.78,182.81,,,,6250,False,0,2026-09-28 05:49:42.078546
7c4a22,OXG     ,Australia,1790574574.0,1790574574,144.348,-38.0029,563.88,False,55.22,116.57,-4.55,,701.04,3745,False,0,2026-09-28 05:49:42.078546
a2766f,ENY3615 ,United States,1790574574.0,1790574574,-68.8939,44.8528,327.66,False,64.02,135.0,-3.9,,342.9,6550,False,0,2026-09-28 05:49:42.078546
7c4a09,FD613   ,Australia,1790574574.0,1790574574,116.9057,-30.861,5181.6,False,129.7,23.62,0.0,,5273.04,6765,False,0,2026-09-28 05:49:42.078546
484368,KLM646  ,Kingdom of the Netherlands,1790574574.0,1790574575,-0.6403,53.136,11277.6,False,259.01,98.45,0.0,,11490.96,6313,False,0,2026-09-28 05:49:42.078546
c1e4ce,,Canada,1790574426.0,1790574426,-73.7435,45.4587,,True,8.75,25.31,,,,,False,0,2026-09-28 05:49:42.078546
a3965c,FFT4402 ,United States,1790574574.0,1790574575,-121.6339,37.27,8945.88,False,227.34,104.41,5.53,,9136.38,3276,False,0,2026-09-28 05:49:42.078546
aabb53,SCX3099 ,United States,1790574575.0,1790574575,-90.0335,38.1807,12496.8,False,235.3,72.83,0.0,,12954.0,2265,False,0,2026-09-28 05:49:42.078546
4a068b,ROT261N ,Romania,1790574574.0,1790574574,28.5749,41.6516,4572.0,False,141.8,234.0,-0.33,,4693.92,4445,False,0,2026-09-28 05:49:42.078546
4a068a,ROT231B ,Romania,1790574574.0,1790574574,21.8879,46.4952,5486.4,False,134.02,300.7,0.0,,5699.76,,False,0,2026-09-28 05:49:42.078546
484370,KLM596  ,Kingdom of the Netherlands,1790574574.0,1790574574,18.4833,-33.7139,4259.58,False,208.14,356.88,8.13,,4472.94,,False,0,2026-09-28 05:49:42.078546
4ca947,EIN892  ,Ireland,1790574574.0,1790574574,-8.9994,45.8066,10965.18,False,214.01,179.86,0.0,,11193.78,3601,False,0,2026-09-28 05:49:42.078546
88809c,HVN650  ,Viet Nam,1790574557.0,1790574562,104.0555,3.1085,8816.34,False,238.7,38.52,1.95,,9418.32,0103,False,0,2026-09-28 05:49:42.078546
758827,CEB909  ,Philippines,1790574574.0,1790574574,120.945,14.5811,1303.02,False,113.86,314.82,15.61,,1402.08,,False,0,2026-09-28 05:49:42.078546
4ca891,RYR851V ,Ireland,1790574575.0,1790574575,6.2294,42.7984,7315.2,False,240.6,46.99,0.0,,7711.44,1000,False,0,2026-09-28 05:49:42.078546
484344,P4RLA   ,Kingdom of the Netherlands,1790574574.0,1790574574,7.2433,43.4191,853.44,False,117.8,289.38,0.0,,1005.84,2063,False,0,2026-09-28 05:49:42.078546
ac7686,SWA192  ,United States,1790574574.0,1790574574,-76.6615,42.7099,9197.34,False,229.56,88.2,-4.88,,9509.76,1477,False,0,2026-09-28 05:49:42.078546
7c5bfc,SGE     ,Australia,1790574575.0,1790574575,145.3552,-38.1778,914.4,False,60.88,149.53,-0.98,,1051.56,1200,False,0,2026-09-28 05:49:42.078546
781284,CSZ865  ,China,1790572843.0,1790574574,13.6508,51.0706,11887.2,False,237.29,232.31,0.0,,11993.88,1000,False,0,2026-09-28 05:49:42.078546
ac501e,SWA3674 ,United States,1790574574.0,1790574574,-111.7004,33.5314,10363.2,False,200.69,246.59,0.0,,10957.56,,False,0,2026-09-28 05:49:42.078546
770591,ALK89L  ,Sri Lanka,1790574574.0,1790574574,90.3999,23.8492,,True,12.86,143.44,,,,7327,False,0,2026-09-28 05:49:42.078546
770592,ALK102  ,Sri Lanka,1790574417.0,1790574417,78.3234,6.1612,11887.2,False,226.06,50.08,0.0,,12557.76,,False,0,2026-09-28 05:49:42.078546
4ca84d,RYR20LQ ,Ireland,1790574574.0,1790574575,-0.9871,51.7458,6720.84,False,199.38,245.62,11.05,,6903.72,1256,False,0,2026-09-28 05:49:42.078546
4ca84e,RYR76QZ ,Ireland,1790574574.0,1790574574,4.567,50.9091,182.88,False,79.42,249.92,-4.23,,281.94,1000,False,0,2026-09-28 05:49:42.078546
4ca84a,RYR584E ,Ireland,1790574574.0,1790574574,9.6514,49.357,11582.4,False,222.24,217.0,0.0,,12001.5,1000,False,0,2026-09-28 05:49:42.078546
4ca853,RYR40TF ,Ireland,1790574574.0,1790574575,-3.3503,48.3629,11277.6,False,215.16,141.21,0.0,,11551.92,5203,False,0,2026-09-28 05:49:42.078546
4ca855,RYR8GM  ,Ireland,1790574497.0,1790574497,12.2582,41.8536,-7.62,False,77.61,162.65,-4.23,,137.16,1444,False,0,2026-09-28 05:49:42.078546
4ca850,RYR19HB ,Ireland,1790574574.0,1790574574,2.8841,39.6906,2446.02,False,129.91,293.82,8.45,,2613.66,,False,0,2026-09-28 05:49:42.078546
a8d635,FFT2632 ,United States,1790574574.0,1790574574,-97.8908,33.5326,4389.12,False,191.85,125.39,-9.1,,4617.72,3531,False,0,2026-09-28 05:49:42.078546
46f002,FM11    ,Greece,1790574561.0,1790574561,23.9508,37.944,,True,28.29,132.19,,,,,False,0,2026-09-28 05:49:42.078546
ac5041,SWA4347 ,United States,1790574574.0,1790574574,-105.1984,39.3429,5783.58,False,199.1,36.28,0.0,,6073.14,0716,False,0,2026-09-28 05:49:42.078546
a89953,QXE2461 ,United States,1790574545.0,1790574545,-122.3081,47.4317,,True,3.34,345.94,,,,,False,0,2026-09-28 05:49:42.078546
a022c4,DAL764  ,United States,1790574574.0,1790574574,-117.1914,32.7328,,True,9.77,106.88,,,,,False,0,2026-09-28 05:49:42.078546
ac5066,SWA1598 ,United States,1790574573.0,1790574573,-104.6722,39.8635,,True,0.0,199.69,,,,,False,0,2026-09-28 05:49:42.078546
71e282,HLC282  ,Republic of Korea,1790574563.0,1790574570,126.5275,37.1175,320.04,False,36.83,282.09,0.33,,335.28,1272,False,0,2026-09-28 05:49:42.078546
486954,KLM90C  ,Kingdom of the Netherlands,1790574575.0,1790574575,15.2711,48.8211,9144.0,False,235.41,307.1,0.33,,9517.38,5153,False,0,2026-09-28 05:49:42.078546
486953,KLM20U  ,Kingdom of the Netherlands,1790574575.0,1790574575,13.1059,48.1193,11582.4,False,222.37,331.54,0.0,,12016.74,1000,False,0,2026-09-28 05:49:42.078546
a75334,,United States,1790574520.0,1790574556,77.9235,10.8414,4564.38,False,168.71,300.0,0.33,,4739.64,,False,0,2026-09-28 05:49:42.078546
4005ba,BAW23T  ,United Kingdom,1790574574.0,1790574574,-58.2432,45.3914,11887.2,False,275.25,73.5,0.0,,12382.5,2554,False,0,2026-09-28 05:49:42.078546
409041,,United Kingdom,,1790574268,,,,False,180.99,155.84,12.35,,,,False,0,2026-09-28 05:49:42.078546
4b37a8,LUC2M   ,Switzerland,1790574574.0,1790574574,6.1276,46.0451,4137.66,False,114.53,143.95,13.33,,4404.36,1000,False,0,2026-09-28 05:49:42.078546
4bbd09,TKJ1TP  ,Turkey,1790574574.0,1790574574,27.4974,37.1867,2400.3,False,121.12,286.28,-6.18,,2491.74,7223,False,0,2026-09-28 05:49:42.078546
a645a8,LXJ503  ,United States,1790574575.0,1790574575,-82.2774,42.2904,13716.0,False,240.49,95.89,0.33,,14112.24,4124,False,0,2026-09-28 05:49:42.078546
a3e5cd,N350LF  ,United States,1790574562.0,1790574562,-106.4545,35.3123,2103.12,False,62.56,53.7,-0.98,,2171.7,,False,0,2026-09-28 05:49:42.078546
a8609f,QXE2262 ,United States,1790574574.0,1790574574,-120.2149,45.805,10668.0,False,250.05,126.04,-0.33,,10835.64,1602,False,0,2026-09-28 05:49:42.078546
a9f67d,CKS533  ,United States,1790574412.0,1790574413,-118.3845,33.9372,68.58,False,82.44,262.83,-4.55,,15.24,0006,False,0,2026-09-28 05:49:42.078546
a67b07,SCX3089 ,United States,1790574574.0,1790574574,-89.8381,43.2551,10972.8,False,229.19,304.76,0.0,,11376.66,6602,False,0,2026-09-28 05:49:42.078546
ac893a,AAL1054 ,United States,1790574574.0,1790574574,-73.8984,39.3062,11277.6,False,249.62,37.3,-0.33,,11628.12,1416,False,0,2026-09-28 05:49:42.078546
a3d2c0,UAL1912 ,United States,1790574575.0,1790574575,-72.653,42.6872,7894.32,False,213.05,99.03,-10.08,,8138.16,1451,False,0,2026-09-28 05:49:42.078546
7587f6,RPC8694 ,Philippines,1790574574.0,1790574574,120.8452,14.911,259.08,False,41.16,270.0,1.95,,274.32,,False,0,2026-09-28 05:49:42.078546
ac761e,SWA3576 ,United States,1790574574.0,1790574574,-121.927,37.3666,,True,0.0,50.62,,,,,False,0,2026-09-28 05:49:42.078546
4a04e4,AWG4104 ,Romania,1790574574.0,1790574574,30.5268,36.9532,11277.6,False,240.09,165.1,0.0,,11605.26,4147,False,0,2026-09-28 05:49:42.078546
78121e,CQH8555 ,China,1790574554.0,1790574554,117.1586,36.9561,6888.48,False,221.88,159.51,0.0,,7193.28,,False,0,2026-09-28 05:49:42.078546
501db3,9ADWA   ,Croatia,1790574574.0,1790574574,16.1331,45.7897,1371.6,False,114.46,20.8,13.98,,1516.38,1000,False,0,2026-09-28 05:49:42.078546
4baa10,THY1FE  ,Turkey,1790574574.0,1790574574,27.6071,37.7977,5760.72,False,203.15,350.08,8.13,,5958.84,,False,0,2026-09-28 05:49:42.078546
ac0cab,AAL126  ,United States,1790574575.0,1790574575,-66.5939,44.9384,12489.18,False,257.1,85.18,-0.33,,12946.38,3122,False,0,2026-09-28 05:49:42.078546
7c2883,IAD     ,Australia,1790574574.0,1790574575,153.1319,-26.9071,228.6,False,40.59,239.53,0.33,,381.0,,False,0,2026-09-28 05:49:42.078546
3c0c99,TUI45C  ,Germany,1790574574.0,1790574574,24.2406,39.588,11277.6,False,245.91,135.34,0.33,,11628.12,5440,False,0,2026-09-28 05:49:42.078546
0d09be,VOI431  ,Mexico,1790574574.0,1790574574,-99.1149,19.2705,3680.46,False,131.39,307.36,-8.45,,3893.82,,False,0,2026-09-28 05:49:42.078546
488a63,JDI7MP  ,Poland,1790574574.0,1790574574,27.6234,37.76,13716.0,False,237.67,318.69,-0.33,,14104.62,6033,False,0,2026-09-28 05:49:42.078546
4601fc,FIN5TB  ,Finland,1790574575.0,1790574575,25.2042,60.4225,784.86,False,98.32,304.77,-3.25,,937.26,2577,False,0,2026-09-28 05:49:42.078546
aa1056,AVA023  ,United States,1790574574.0,1790574575,-97.7087,19.1201,7627.62,False,221.82,115.55,2.28,,8161.02,,False,0,2026-09-28 05:49:42.078546
152a55,GLX9832 ,Russian Federation,1790574573.0,1790574573,68.8546,30.8788,8816.34,False,188.95,47.32,0.33,,9250.68,,False,0,2026-09-28 05:49:42.078546
4bbd16,TKJ584  ,Turkey,1790574564.0,1790574567,39.4271,39.9541,11582.4,False,218.47,266.76,0.0,,12009.12,2040,False,0,2026-09-28 05:49:42.078546
3c0c9e,TUI9AG  ,Germany,1790574574.0,1790574574,7.1403,51.1242,4145.28,False,206.5,113.18,10.4,,4366.26,2573,False,0,2026-09-28 05:49:42.078546
a658a1,GTI856  ,United States,1790574574.0,1790574574,-158.5758,58.16,11277.6,False,253.96,38.75,0.33,,10927.08,,False,0,2026-09-28 05:49:42.078546
4ca7b9,RYR5ZZ  ,Ireland,1790574575.0,1790574575,8.4725,49.3882,10828.02,False,226.46,330.46,-4.88,,11254.74,0606,False,0,2026-09-28 05:49:42.078546
4ca7b7,RYR83RW ,Ireland,1790574574.0,1790574574,8.233,44.2102,11582.4,False,234.65,44.2,0.0,,12039.6,1000,False,0,2026-09-28 05:49:42.078546
7587b9,RPC7458 ,Philippines,1790574574.0,1790574575,120.6887,14.4766,259.08,False,53.53,256.1,-0.98,,289.56,,False,0,2026-09-28 05:49:42.078546
4bbd0c,TKJ85G  ,Turkey,1790574574.0,1790574574,27.2003,42.5072,10972.8,False,228.43,303.8,0.0,,11254.74,5303,False,0,2026-09-28 05:49:42.078546
4bbd0a,TKJ5UH  ,Turkey,1790574574.0,1790574574,28.5143,40.6787,6309.36,False,203.78,261.73,11.05,,6492.24,1010,False,0,2026-09-28 05:49:42.078546
a2fb32,SWA3046 ,United States,1790574575.0,1790574575,-118.4664,34.199,716.28,False,73.58,91.2,-3.9,,693.42,3216,False,0,2026-09-28 05:49:42.078546
48fe51,SPSKTS  ,Poland,1790574574.0,1790574574,18.3964,50.6904,876.3,False,42.75,87.24,,,,,False,0,2026-09-28 05:49:42.078546
abb5bf,SWA2409 ,United States,1790574574.0,1790574574,-117.5221,34.0569,586.74,False,69.45,270.42,-3.25,,563.88,3266,False,0,2026-09-28 05:49:42.078546
c08634,CGYVJ   ,Canada,1790574270.0,1790574272,-114.3787,51.0949,1226.82,False,32.41,359.09,-1.63,,1219.2,,False,0,2026-09-28 05:49:42.078546
abb5c9,SKW5290 ,United States,1790574574.0,1790574574,-113.1898,43.2139,10858.5,False,200.64,265.88,-5.2,,11117.58,,False,0,2026-09-28 05:49:42.078546
3c1cba,3462R10C,Germany,1790574571.0,1790574571,9.8335,53.5314,,True,0.0,205.31,,,,,False,0,2026-09-28 05:49:42.078546
a45d69,N380XT  ,United States,1790574574.0,1790574574,-108.0742,32.9734,10363.2,False,198.6,295.3,0.0,,10995.66,,False,0,2026-09-28 05:49:42.078546
a0a903,UAL353  ,United States,1790574562.0,1790574562,-100.2369,39.2509,11582.4,False,218.49,252.03,0.0,,12100.56,1171,False,0,2026-09-28 05:49:42.078546
4ca6c4,EIN2XC  ,Ireland,1790574575.0,1790574575,-5.4058,53.2772,6705.6,False,208.58,92.69,13.66,,6812.28,7732,False,0,2026-09-28 05:49:42.078546
4ca6aa,RYR76PX ,Ireland,1790574575.0,1790574575,16.1905,48.5716,10363.2,False,228.81,54.7,0.0,,10767.06,1000,False,0,2026-09-28 05:49:42.078546
49d5d6,TVS4344 ,Czech Republic,1790574574.0,1790574575,3.4004,49.7657,8869.68,False,212.47,214.34,7.15,,9212.58,6703,False,0,2026-09-28 05:49:42.078546
86eaea,ANA224  ,Japan,1790574575.0,1790574575,128.462,37.657,12489.18,False,299.75,79.02,0.0,,12984.48,1171,False,0,2026-09-28 05:49:42.078546
abb5ec,SKW5724 ,United States,1790574574.0,1790574574,-122.1855,39.3831,6096.0,False,179.29,356.87,0.0,,6195.06,4271,False,0,2026-09-28 05:49:42.078546
a4ad27,N400FJ  ,United States,1790574574.0,1790574574,-110.3807,34.9405,13106.4,False,190.43,268.3,-0.33,,13761.72,,False,0,2026-09-28 05:49:42.078546
88812b,HVN384  ,Viet Nam,1790574574.0,1790574574,140.2098,35.444,2019.3,False,121.53,350.5,-5.85,,2125.98,4430,False,0,2026-09-28 05:49:42.078546
ac72d2,SWA974  ,United States,1790574570.0,1790574573,-112.0034,33.431,373.38,False,66.88,270.0,0.0,,320.04,,False,0,2026-09-28 05:49:42.078546
ac0b74,SWA488  ,United States,1790574574.0,1790574574,-96.8031,32.9689,914.4,False,113.55,251.24,0.0,,937.26,5656,False,0,2026-09-28 05:49:42.078546
888136,,Viet Nam,1790574502.0,1790574502,100.6402,14.7385,5935.98,False,156.07,182.83,-3.25,,6271.26,,False,0,2026-09-28 05:49:42.078546
44d2b6,JAF43J  ,Belgium,1790574574.0,1790574574,-2.4856,42.3616,11582.4,False,250.55,26.99,0.0,,12001.5,6450,False,0,2026-09-28 05:49:42.078546
44d2ab,TFL8VL  ,Belgium,1790574284.0,1790574284,19.6807,40.283,8023.86,False,230.36,161.65,-11.05,,8435.34,3130,False,0,2026-09-28 05:49:42.078546
44d2aa,JAF87A  ,Belgium,1790574574.0,1790574575,-0.3683,44.5909,12496.8,False,209.41,207.82,0.0,,12877.8,7101,False,0,2026-09-28 05:49:42.078546
5084e3,NPG5561 ,Ukraine,1790574575.0,1790574575,-4.892,37.1473,11582.4,False,250.42,22.72,0.33,,12092.94,6413,False,0,2026-09-28 05:49:42.078546
a56a18,UAL3933 ,United States,1790574574.0,1790574574,-123.2221,41.7272,10050.78,False,251.14,178.47,-0.33,,10264.14,1657,False,0,2026-09-28 05:49:42.078546
ac0b96,SWA250  ,United States,1790574574.0,1790574574,-112.238,35.1548,11277.6,False,258.48,122.24,-0.33,,11879.58,,False,0,2026-09-28 05:49:42.078546
a0a91e,UAL1558 ,United States,1790574574.0,1790574574,-120.0828,37.7396,9372.6,False,212.89,261.24,-12.03,,9601.2,1762,False,0,2026-09-28 05:49:42.078546
a0eff4,N16GJ   ,United States,1790574575.0,1790574575,-98.2896,40.7475,13716.0,False,262.7,83.14,-0.33,,14203.68,5730,False,0,2026-09-28 05:49:42.078546
7cae0c,NWK1620 ,Australia,1790574574.0,1790574574,115.9015,-31.4937,6362.7,False,212.61,7.23,11.05,,6431.28,4330,False,0,2026-09-28 05:49:42.078546
7cf09e,        ,Australia,1790574558.0,1790574558,144.848,-37.666,,True,1.54,196.88,,,,,False,0,2026-09-28 05:49:42.078546
3e167c,CHX13   ,Germany,1790574574.0,1790574574,8.1744,51.654,487.68,False,61.07,214.36,0.33,,594.36,,False,0,2026-09-28 05:49:42.078546
4ca809,RYR61VB ,Ireland,1790574574.0,1790574574,-2.0961,52.5987,10668.0,False,217.04,132.31,0.0,,10850.88,4645,False,0,2026-09-28 05:49:42.078546
4ca802,RYR885R ,Ireland,1790574574.0,1790574574,-5.8168,49.6308,11277.6,False,199.13,161.0,0.0,,11460.48,7705,False,0,2026-09-28 05:49:42.078546
4002d3,VPCDI   ,United Kingdom,1790574574.0,1790574574,101.9226,13.2025,13106.4,False,262.89,209.68,0.33,,,,False,0,2026-09-28 05:49:42.078546
7cae08,NWK1673 ,Australia,1790574565.0,1790574565,143.4592,-41.8923,10370.82,False,209.96,280.73,0.33,,10561.32,,False,0,2026-09-28 05:49:42.078546
7cae06,NWK1644 ,Australia,1790574565.0,1790574574,115.9672,-31.9285,,True,0.0,104.06,,,,4207,False,0,2026-09-28 05:49:42.078546
a8e4e9,UAL54   ,United States,1790574574.0,1790574574,-63.7779,45.5177,10972.8,False,260.14,65.46,0.0,,11430.0,3076,False,0,2026-09-28 05:49:42.078546
a0464a,AER99   ,United States,1790574575.0,1790574575,-154.6455,59.0919,5791.2,False,105.27,42.03,-0.33,,5539.74,,False,0,2026-09-28 05:49:42.078546
4002aa,VPCJJ   ,United Kingdom,1790574575.0,1790574575,103.7801,2.2431,7117.08,False,221.04,339.71,14.31,,7574.28,,False,0,2026-09-28 05:49:42.078546
7811a7,CCA1541 ,China,1790574572.0,1790574573,116.4001,39.4521,8061.96,False,238.22,160.31,5.85,,8290.56,,False,0,2026-09-28 05:49:42.078546
a4bfc1,FFT1326 ,United States,1790574574.0,1790574574,-115.1507,36.0748,,True,13.38,300.94,,,,4740,False,0,2026-09-28 05:49:42.078546
4ca82e,EJU91GR ,Ireland,1790574574.0,1790574574,9.2285,49.8424,3147.06,False,171.01,348.72,-7.48,,3390.9,1000,False,0,2026-09-28 05:49:42.078546
a03387,VYR19   ,United States,1790574574.0,1790574575,-121.2174,37.1489,5654.04,False,219.25,103.16,10.73,,5745.48,3303,False,0,2026-09-28 05:49:42.078546
7cae60,JTE352  ,Australia,1790574574.0,1790574574,152.0372,-25.2232,7315.2,False,179.0,315.93,0.0,,7711.44,3226,False,0,2026-09-28 05:49:42.078546
a774ef,,United States,,1790574506,,,,False,152.11,104.69,-4.55,,,,False,0,2026-09-28 05:49:42.078546
44c06e,PGC28F  ,Belgium,1790574575.0,1790574575,4.8273,50.1678,6652.26,False,99.07,129.31,5.53,,6957.06,7164,False,0,2026-09-28 05:49:42.078546
a6ed61,MX1201  ,United States,1790574574.0,1790574574,-104.6626,39.871,,True,6.43,90.0,,,,,False,0,2026-09-28 05:49:42.078546
76d1c9,TGW476  ,Singapore,1790574572.0,1790574572,103.9961,1.3649,,True,4.89,112.5,,,,,False,0,2026-09-28 05:49:42.078546
7cae4a,8PO     ,Australia,1790574574.0,1790574575,150.7013,-34.2789,3817.62,False,82.33,236.21,11.7,,4015.74,6763,False,0,2026-09-28 05:49:42.078546
4ca847,RUK19RU ,Ireland,1790574574.0,1790574574,-1.3844,51.0573,9296.4,False,202.78,209.82,8.78,,9532.62,5421,False,0,2026-09-28 05:49:42.078546
4ca845,RUK19RU ,Ireland,,1790574386,,,,False,205.48,201.75,6.83,,,,False,0,2026-09-28 05:49:42.078546
7c5e84,SYE     ,Australia,1790574574.0,1790574574,145.3192,-38.3992,845.82,False,35.21,168.2,-1.95,,1005.84,1200,False,0,2026-09-28 05:49:42.078546
4ca80f,RYR2BD  ,Ireland,1790574575.0,1790574575,23.7661,37.4237,3131.82,False,133.93,308.76,-1.95,,3276.6,,False,0,2026-09-28 05:49:42.078546
4ca80b,RYR8UF  ,Ireland,1790574574.0,1790574574,11.6233,45.8716,6522.72,False,207.75,316.1,11.38,,6858.0,0264,False,0,2026-09-28 05:49:42.078546
4ca80c,RYR1193 ,Ireland,1790574574.0,1790574574,-6.099,37.4653,1181.1,False,93.72,197.24,-0.65,,1310.64,2305,False,0,2026-09-28 05:49:42.078546
4ca80d,RYR994L ,Ireland,1790574574.0,1790574574,0.4757,38.6058,10972.8,False,245.13,68.06,0.0,,11490.96,1000,False,0,2026-09-28 05:49:42.078546
4ca80e,RYR2JC  ,Ireland,1790574574.0,1790574574,0.2348,39.3402,6705.6,False,216.39,93.13,2.28,,7071.36,6335,False,0,2026-09-28 05:49:42.078546
706064,KAC332  ,Kuwait,1790574573.0,1790574574,50.7711,26.7624,10347.96,False,216.73,289.55,0.0,,10949.94,4707,False,0,2026-09-28 05:49:42.078546
76d1ca,TGW829  ,Singapore,1790574574.0,1790574574,104.1069,1.6561,1424.94,False,98.89,202.96,-5.53,,1516.38,,False,0,2026-09-28 05:49:42.078546
485343,KLM866  ,Kingdom of the Netherlands,1790574574.0,1790574574,-167.6462,65.3649,11277.6,False,256.01,23.32,0.0,,10904.22,,False,0,2026-09-28 05:49:42.078546
76d1cd,TGW297  ,Singapore,1790574573.0,1790574573,103.9841,1.3601,,True,12.35,22.5,,,,,False,0,2026-09-28 05:49:42.078546
a6ed7f,UAL2106 ,United States,1790574574.0,1790574574,-111.6167,39.1343,10965.18,False,189.68,259.06,0.0,,11437.62,7276,False,0,2026-09-28 05:49:42.078546
4ca810,RYR492F ,Ireland,1790574575.0,1790574575,8.3453,50.0934,10668.0,False,238.33,96.82,0.0,,11071.86,1000,False,0,2026-09-28 05:49:42.078546
4ca811,RYR89EQ ,Ireland,1790574566.0,1790574566,9.4782,39.6752,5364.48,False,196.48,33.36,13.0,,5676.9,,False,0,2026-09-28 05:49:42.078546
4ca812,RYR32ED ,Ireland,1790574539.0,1790574546,-8.6807,41.2549,,True,6.94,348.75,,,,5432,False,0,2026-09-28 05:49:42.078546
7c5e4f,SWX     ,Australia,1790574573.0,1790574574,153.4213,-27.9605,-30.48,False,22.41,121.87,-3.25,,99.06,1200,False,0,2026-09-28 05:49:42.078546
706075,KAC113  ,Kuwait,1790574568.0,1790574568,38.8555,32.3229,9753.6,False,226.85,333.32,0.0,,10287.0,,False,0,2026-09-28 05:49:42.078546
ad08bd,SKW517K ,United States,1790574574.0,1790574575,-97.9247,37.9608,10058.4,False,260.12,105.6,0.0,,10561.32,3215,False,0,2026-09-28 05:49:42.078546
a1fcc5,UAL194  ,United States,1790574574.0,1790574574,-11.3127,55.4618,10668.0,False,268.67,106.01,0.0,,10553.7,,False,0,2026-09-28 05:49:42.078546
ac1e2d,DAL2998 ,United States,1790574574.0,1790574574,-116.268,43.9482,10972.8,False,230.33,313.64,-0.33,,11193.78,6012,False,0,2026-09-28 05:49:42.078546
70605e,KAC412  ,Kuwait,1790574574.0,1790574574,97.2546,14.1567,9753.6,False,256.54,303.88,0.0,,10241.28,,False,0,2026-09-28 05:49:42.078546
780058,CUA5398 ,China,1790574409.0,1790574410,116.4863,38.769,2865.12,False,148.39,26.57,-9.43,,2956.56,,False,0,2026-09-28 05:49:42.078546
4ca760,RYR22FR ,Ireland,1790574574.0,1790574574,-6.9657,43.6355,10972.8,False,258.4,37.97,0.0,,11300.46,5455,False,0,2026-09-28 05:49:42.078546
4a0483,ISR361  ,Romania,1790574574.0,1790574575,28.0269,35.2577,10957.56,False,208.75,303.34,0.0,,11330.94,4142,False,0,2026-09-28 05:49:42.078546
486651,KLM43G  ,Kingdom of the Netherlands,1790574574.0,1790574575,9.2973,50.811,11894.82,False,240.44,117.39,-0.33,,12313.92,1000,False,0,2026-09-28 05:49:42.078546
e494b3,AZU4054 ,Brazil,1790574571.0,1790574572,-47.9162,-8.5346,11277.6,False,234.28,177.61,-0.33,,11978.64,,False,0,2026-09-28 05:49:42.078546
4bcde9,SXS8UH  ,Turkey,1790574281.0,1790574357,30.8291,37.3176,4587.24,False,167.38,348.66,6.18,,3528.06,5356,False,0,2026-09-28 05:49:42.078546
4bcdf6,SXS8CB  ,Turkey,1790574574.0,1790574574,20.8764,44.3497,10972.8,False,219.02,303.5,0.0,,11308.08,3214,False,0,2026-09-28 05:49:42.078546
7335b4,IRM093  ,Islamic Republic of Iran,1790574574.0,1790574574,94.5452,23.3436,11887.2,False,229.29,96.31,0.0,,12649.2,2323,False,0,2026-09-28 05:49:42.078546
4bcdf0,SXS3DQ  ,Turkey,1790574574.0,1790574574,27.6933,42.6115,10972.8,False,229.98,322.36,0.0,,11254.74,5360,False,0,2026-09-28 05:49:42.078546
a2c35a,UAL1394 ,United States,1790574575.0,1790574575,-94.7584,32.4952,11582.4,False,237.54,228.16,0.0,,12161.52,6246,False,0,2026-09-28 05:49:42.078546
4b111d,,Switzerland,1790574477.0,1790574522,12.0878,36.3021,1836.42,False,70.17,343.82,1.3,,1996.44,0072,False,0,2026-09-28 05:49:42.078546
781392,CES5112 ,China,1790574483.0,1790574500,117.3485,36.3904,11308.08,False,250.18,166.56,0.0,,11910.06,,False,0,2026-09-28 05:49:42.078546
4bcdee,SXS51C  ,Turkey,1790574574.0,1790574574,11.2368,49.8148,11582.4,False,220.81,306.28,0.0,,12001.5,3215,False,0,2026-09-28 05:49:42.078546
4bcded,SXS5HC  ,Turkey,1790574574.0,1790574574,31.786,36.9671,7048.5,False,221.23,90.67,11.7,,7223.76,5172,False,0,2026-09-28 05:49:42.078546
4ca770,EIN40G  ,Ireland,1790574574.0,1790574574,-5.7635,52.4095,8206.74,False,210.02,159.35,6.18,,8336.28,7571,False,0,2026-09-28 05:49:42.078546
486649,CND2H   ,Kingdom of the Netherlands,1790574574.0,1790574574,8.1935,50.6216,11239.5,False,232.84,138.31,2.6,,11658.6,3163,False,0,2026-09-28 05:49:42.078546
ac2fea,SWA2223 ,United States,1790574574.0,1790574574,-120.7861,35.4565,10858.5,False,217.54,315.57,-4.88,,11269.98,7363,False,0,2026-09-28 05:49:42.078546
4bcdea,SXS9PG  ,Turkey,1790574574.0,1790574574,18.0233,44.7204,11277.6,False,248.9,131.56,0.0,,11689.08,6422,False,0,2026-09-28 05:49:42.078546
4ca769,RYR7BB  ,Ireland,1790574574.0,1790574574,-5.9484,36.2504,9776.46,False,258.41,49.68,-18.21,,10264.14,6476,False,0,2026-09-28 05:49:42.078546
4ca766,RYR7685 ,Ireland,1790568909.0,1790574574,15.4821,57.0534,12496.8,False,225.59,182.74,0.0,,12793.98,1000,False,0,2026-09-28 05:49:42.078546
4ca762,RYR8NZ  ,Ireland,1790574574.0,1790574574,-4.5092,53.7302,7231.38,False,201.15,274.11,-13.0,,7353.3,1350,False,0,2026-09-28 05:49:42.078546
4ca763,RYR58DF ,Ireland,1790574574.0,1790574574,12.0105,42.1045,4419.6,False,152.87,344.98,5.53,,4686.3,,False,0,2026-09-28 05:49:42.078546
4bcdef,SXS4MB  ,Turkey,1790574573.0,1790574574,21.4987,44.5656,10972.8,False,211.35,315.3,0.0,,11300.46,3230,False,0,2026-09-28 05:49:42.078546
394c18,AFR52QU ,France,1790574575.0,1790574575,0.3486,47.5063,8526.78,False,230.04,350.47,-3.9,,8862.06,1000,False,0,2026-09-28 05:49:42.078546
4bcdba,SXS4EC  ,Turkey,1790574575.0,1790574575,13.2982,48.205,10058.4,False,248.92,139.69,0.0,,10492.74,7704,False,0,2026-09-28 05:49:42.078546
a6a665,N5278F  ,United States,1790574574.0,1790574574,-95.5178,29.7195,304.8,False,39.26,264.74,0.0,,266.7,,False,0,2026-09-28 05:49:42.078546
4bcdd2,SXS9ZT  ,Turkey,1790574574.0,1790574575,7.8046,50.8809,7741.92,False,222.44,146.6,13.98,,8084.82,7655,False,0,2026-09-28 05:49:42.078546
a3d03f,DAL2354 ,United States,1790574542.0,1790574551,-122.3024,47.4405,,True,1.54,50.62,,,,,False,0,2026-09-28 05:49:42.078546
4ca738,RYR75ZG ,Ireland,1790574574.0,1790574574,8.598,41.3644,4503.42,False,159.1,194.8,-8.45,,4808.22,2511,False,0,2026-09-28 05:49:42.078546
4ca739,RYR38HP ,Ireland,1790574574.0,1790574574,-1.1395,38.0992,11887.2,False,208.59,239.96,0.0,,12405.36,4026,False,0,2026-09-28 05:49:42.078546
a7c62c,N60PA   ,United States,1790574574.0,1790574574,-96.3374,31.9998,13098.78,False,207.6,289.24,-0.33,,13723.62,3702,False,0,2026-09-28 05:49:42.078546
7c0363,AYD     ,Australia,1790574573.0,1790574575,146.9699,-36.065,121.92,False,36.82,74.6,0.0,,281.94,5674,True,0,2026-09-28 05:49:42.078546
4ca73d,RYR31VW ,Ireland,1790574575.0,1790574575,1.1572,39.0424,3992.88,False,189.7,287.85,13.33,,4221.48,,False,0,2026-09-28 05:49:42.078546
4ca73e,RYR3701 ,Ireland,1790574574.0,1790574574,-3.5668,48.0841,10668.0,False,208.55,202.33,0.0,,10949.94,5217,False,0,2026-09-28 05:49:42.078546
7c1697,EQX     ,Australia,1790574574.0,1790574574,138.5874,-34.7807,205.74,False,57.95,253.5,0.0,,312.42,,False,0,2026-09-28 05:49:42.078546
4bcdd5,SXS8LW  ,Turkey,1790574574.0,1790574574,9.5526,48.7464,2667.0,False,150.32,92.16,14.96,,2865.12,7716,False,0,2026-09-28 05:49:42.078546
4bcde4,SXS3KB  ,Turkey,1790574572.0,1790574572,30.8108,36.9066,167.64,False,81.87,6.86,9.1,,152.4,,False,0,2026-09-28 05:49:42.078546
4bcde3,SXS3RT  ,Turkey,1790574575.0,1790574575,27.5671,41.9696,10972.8,False,221.71,298.71,0.0,,11239.5,3243,False,0,2026-09-28 05:49:42.078546
4bcde2,SXS46A  ,Turkey,1790574572.0,1790574572,9.1997,48.6907,,True,0.0,343.12,,,,6423,False,0,2026-09-28 05:49:42.078546
4bcde1,SXS9HN  ,Turkey,1790574574.0,1790574574,26.742,42.3503,11582.4,False,226.88,297.55,0.33,,11864.34,2357,False,0,2026-09-28 05:49:42.078546
78007f,CAO1189 ,China,1790574574.0,1790574574,-150.0715,61.1697,434.34,False,83.85,90.0,-4.23,,251.46,4723,False,0,2026-09-28 05:49:42.078546
c00a0d,ACA327  ,Canada,1790574574.0,1790574574,-114.0088,51.1282,,True,0.0,14.06,,,,6557,False,0,2026-09-28 05:49:42.078546
ab5365,DAL192  ,United States,1790574574.0,1790574575,6.5286,47.9788,11277.6,False,240.94,108.94,0.0,,11711.94,2242,False,0,2026-09-28 05:49:42.078546
4ca741,RYR1HF  ,Ireland,1790574574.0,1790574574,2.1117,51.7243,11247.12,False,229.05,306.05,4.88,,11529.06,4414,False,0,2026-09-28 05:49:42.078546
a6ffea,N550FB  ,United States,1790574574.0,1790574574,22.6864,38.6081,13114.02,False,223.4,296.98,0.0,,13502.64,,False,0,2026-09-28 05:49:42.078546
7c168b,EQL     ,Australia,1790574573.0,1790574574,138.2469,-34.154,1874.52,False,58.1,343.01,2.6,,2042.16,,False,0,2026-09-28 05:49:42.078546
86eb72,ANA881  ,Japan,1790574573.0,1790574573,135.7911,8.3797,10972.8,False,264.05,201.37,-0.33,,11780.52,,False,0,2026-09-28 05:49:42.078546
acd64b,AAL1984 ,United States,1790574574.0,1790574574,-106.8242,35.3687,9144.0,False,213.99,258.77,0.0,,9662.16,2652,False,0,2026-09-28 05:49:42.078546
78009b,CCA740  ,China,1790574574.0,1790574574,126.7331,36.3859,8808.72,False,227.63,164.8,7.15,,9235.44,7105,False,0,2026-09-28 05:49:42.078546
a64305,SKW4908 ,United States,1790574574.0,1790574574,-119.2304,34.3195,6743.7,False,208.56,350.63,7.15,,6995.16,3026,False,0,2026-09-28 05:49:42.078546
86eb94,ANA855  ,Japan,1790574574.0,1790574574,120.3912,16.465,10972.8,False,260.5,174.45,-0.33,,11780.52,,False,0,2026-09-28 05:49:42.078546
a6ffc3,DAL784  ,United States,1790574575.0,1790574575,-93.3683,38.6063,9151.62,False,236.22,256.78,0.0,,9570.72,2747,False,0,2026-09-28 05:49:42.078546
3b9b20,RESCUEBY,France,1790574572.0,1790574572,-2.2338,49.7063,-22.86,False,1.03,270.0,0.0,,83.82,,False,0,2026-09-28 05:49:42.078546
adf64f,TWY501  ,United States,1790574572.0,1790574572,-26.4912,61.4098,13426.44,False,272.28,111.04,2.28,,13106.4,,False,0,2026-09-28 05:49:42.078546
449682,JAF9CY  ,Belgium,1790574574.0,1790574574,2.5673,48.9007,11277.6,False,207.61,200.91,0.33,,11635.74,2351,False,0,2026-09-28 05:49:42.078546
a178ae,SKW3002 ,United States,1790574574.0,1790574574,-117.8425,44.4354,10668.0,False,246.12,2.4,-0.33,,10835.64,,False,0,2026-09-28 05:49:42.078546
449683,JAF6VK  ,Belgium,1790574574.0,1790574574,17.5535,42.9045,12169.14,False,230.02,131.28,-4.88,,12573.0,0105,False,0,2026-09-28 05:49:42.078546
405e24,TOM40C  ,United Kingdom,1790574574.0,1790574575,5.485,46.3202,11887.2,False,236.77,128.74,0.0,,12313.92,2251,False,0,2026-09-28 05:49:42.078546
405e23,TOM22B  ,United Kingdom,1790574575.0,1790574575,-2.8835,49.111,10873.74,False,203.93,169.68,2.28,,11132.82,0566,False,0,2026-09-28 05:49:42.078546
4aaf0b,,Sweden,,1790574363,,,,False,210.95,359.02,0.0,,,,False,0,2026-09-28 05:49:42.078546
49c47f,OKEUI21 ,Czech Republic,1790574575.0,1790574575,13.0367,49.7929,586.74,False,39.0,98.34,-0.33,,723.9,,False,0,2026-09-28 05:49:42.078546
78130b,CSN8923 ,China,1790574574.0,1790574574,112.1379,23.1434,6682.74,False,184.2,102.91,-6.83,,7162.8,,False,0,2026-09-28 05:49:42.078546
a9067b,UAL260  ,United States,1790574574.0,1790574574,-3.871,40.3606,3101.34,False,152.37,121.33,-1.63,,3299.46,3132,False,0,2026-09-28 05:49:42.078546
781325,CCD1840 ,China,1790574574.0,1790574574,117.1427,39.0347,5394.96,False,173.25,27.02,0.0,,5547.36,,False,0,2026-09-28 05:49:42.078546
a87078,ATN3350 ,United States,1790574574.0,1790574574,-77.2154,37.3811,640.08,False,76.23,328.24,0.33,,586.74,,False,0,2026-09-28 05:49:42.078546
4b7f44,SUI751  ,Switzerland,1790574575.0,1790574575,8.6494,47.2862,2735.58,False,148.72,258.22,2.6,,2948.94,1414,False,0,2026-09-28 05:49:42.078546
ab0fa7,UAL930  ,United States,1790574574.0,1790574575,-96.2918,50.3123,11887.2,False,278.81,56.9,0.0,,12092.94,,False,0,2026-09-28 05:49:42.078546
4851f6,KLM835  ,Kingdom of the Netherlands,1790574574.0,1790574574,95.3106,11.0697,10668.0,False,253.45,130.97,0.0,,,,False,0,2026-09-28 05:49:42.078546
ac990b,N9100H  ,United States,1790574574.0,1790574575,-149.7616,61.6863,1531.62,False,45.8,284.97,0.0,,1333.5,1200,False,0,2026-09-28 05:49:42.078546
846f00,JAL906  ,Japan,1790574344.0,1790574344,139.7821,35.5504,,True,0.0,59.06,,,,2325,False,0,2026-09-28 05:49:42.078546
781345,CCA572  ,China,1790574540.0,1790574540,116.1342,40.428,3596.64,False,183.14,90.0,-0.33,,3589.02,,False,0,2026-09-28 05:49:42.078546
781346,CCA845  ,China,1790574574.0,1790574575,3.4445,41.9583,5935.98,False,189.92,226.1,-12.03,,6111.24,3552,False,0,2026-09-28 05:49:42.078546
781343,,China,1790574562.0,1790574562,116.5562,40.3295,2232.66,False,144.28,352.42,4.23,,2286.0,,False,0,2026-09-28 05:49:42.078546
781342,OKA2842 ,China,1790574574.0,1790574574,118.388,38.4787,7802.88,False,191.35,291.94,0.0,,8077.2,,False,0,2026-09-28 05:49:42.078546
4864ee,KLM48X  ,Kingdom of the Netherlands,1790574574.0,1790574574,5.238,52.5342,2049.78,False,128.28,275.98,-6.18,,2164.08,1000,False,0,2026-09-28 05:49:42.078546
4864ec,KLM35J  ,Kingdom of the Netherlands,1790574574.0,1790574574,6.7655,55.3936,12496.8,False,257.53,18.76,0.33,,12748.26,0163,False,0,2026-09-28 05:49:42.078546
4ca6a4,RYR643J ,Ireland,1790574574.0,1790574574,0.2601,51.9014,434.34,False,74.95,43.89,6.5,,518.16,,False,0,2026-09-28 05:49:42.078546
a5237f,DAL10   ,United States,1790574574.0,1790574574,-88.1504,49.2031,11277.6,False,266.94,42.27,0.0,,11574.78,,False,0,2026-09-28 05:49:42.078546
4b7f3f,SUI007  ,Switzerland,1790574562.0,1790574567,4.4646,50.8968,,True,0.0,202.5,,,,1000,False,0,2026-09-28 05:49:42.078546
a07b8f,DAL2130 ,United States,1790574508.0,1790574508,-93.2277,44.8654,,True,0.0,0.0,,,,,False,0,2026-09-28 05:49:42.078546
c812b5,ZKTYS   ,New Zealand,1790574574.0,1790574574,175.1125,-37.6448,1089.66,False,74.95,133.89,-4.23,,1143.0,,False,0,2026-09-28 05:49:42.078546
4864eb,KLM36T  ,Kingdom of the Netherlands,1790574574.0,1790574574,4.5815,52.5276,708.66,False,123.15,67.4,-7.48,,792.48,1000,False,0,2026-09-28 05:49:42.078546
02a260,TAR714  ,Tunisia,1790574575.0,1790574575,18.1504,35.567,10363.2,False,220.97,282.09,0.0,,10797.54,,False,0,2026-09-28 05:49:42.078546
aaa954,SWA1226 ,United States,1790574573.0,1790574573,-122.2133,37.7116,,True,0.0,39.38,,,,,False,0,2026-09-28 05:49:42.078546
abc948,FDX5015 ,United States,1790574574.0,1790574574,139.2689,35.3361,9761.22,False,230.35,266.67,-0.98,,10370.82,3124,False,0,2026-09-28 05:49:42.078546
4851b0,KLM809  ,Kingdom of the Netherlands,1790574573.0,1790574573,96.4284,10.1057,11887.2,False,251.22,131.1,0.0,,,,False,0,2026-09-28 05:49:42.078546
781364,CSN341  ,China,1790574398.0,1790574428,116.5421,41.0453,9151.62,False,214.56,355.88,5.53,,8823.96,,False,0,2026-09-28 05:49:42.078546
780033,CSS279  ,China,1790574574.0,1790574574,125.2473,37.1844,5387.34,False,228.78,84.97,-4.88,,5593.08,4752,False,0,2026-09-28 05:49:42.078546
ac8612,N906GF  ,United States,1790574574.0,1790574574,-88.0772,44.54,381.0,False,46.07,203.7,-3.25,,411.48,,False,0,2026-09-28 05:49:42.078546
78135d,CSN6080 ,China,1790574573.0,1790574574,126.7147,35.2443,10927.08,False,236.56,185.12,5.53,,11529.06,4144,False,0,2026-09-28 05:49:42.078546
78136b,CSZ9944 ,China,1790574574.0,1790574574,113.2144,23.1505,3291.84,False,139.03,136.8,0.0,,3474.72,,False,0,2026-09-28 05:49:42.078546
78003f,,China,1790574572.0,1790574574,113.3377,23.4104,4511.04,False,144.65,199.53,-0.33,,4777.74,,False,0,2026-09-28 05:49:42.078546
78136c,UEA2713 ,China,1790574574.0,1790574574,113.64,22.7885,9913.62,False,235.31,195.86,4.88,,10629.9,,False,0,2026-09-28 05:49:42.078546
78136d,CSS271  ,China,1790574573.0,1790574573,134.8255,34.2401,2468.88,False,136.1,38.86,0.0,,2590.8,4422,False,0,2026-09-28 05:49:42.078546
a1a2a2,UAL102  ,United States,1790574574.0,1790574574,-6.3505,53.5582,11277.6,False,266.21,98.33,0.0,,11315.7,2024,False,0,2026-09-28 05:49:42.078546
780052,CUA2338 ,China,1790574574.0,1790574574,116.7415,37.3553,8328.66,False,208.48,343.22,-11.38,,8694.42,,False,0,2026-09-28 05:49:42.078546
71f73e,UN31    ,Republic of Korea,1790574556.0,1790574572,128.9607,34.8941,1021.08,False,107.15,3.03,0.33,,1074.42,1007,False,0,2026-09-28 05:49:42.078546
4853d0,TRA32J  ,Kingdom of the Netherlands,1790574574.0,1790574575,1.5583,48.8506,11277.6,False,204.23,231.34,0.0,,11628.12,2126,False,0,2026-09-28 05:49:42.078546
4853d1,TRA33W  ,Kingdom of the Netherlands,1790574574.0,1790574574,2.5683,48.6384,12496.8,False,208.64,189.51,0.0,,12839.7,2143,False,0,2026-09-28 05:49:42.078546
4866ed,TRA5011 ,Kingdom of the Netherlands,1790574574.0,1790574574,14.204,47.199,10683.24,False,247.47,129.35,-0.33,,11140.44,1353,False,0,2026-09-28 05:49:42.078546
85cd04,ANA1894 ,Japan,1790574574.0,1790574574,140.4983,35.1068,2796.54,False,125.46,300.56,0.65,,2941.32,2040,False,0,2026-09-28 05:49:42.078546
4866ee,TRA1E   ,Kingdom of the Netherlands,1790574575.0,1790574575,6.2093,51.7668,8039.1,False,219.16,132.72,6.83,,8374.38,3165,False,0,2026-09-28 05:49:42.078546
71f741,BMO1    ,Republic of Korea,1790574570.0,1790574570,127.186,35.854,2446.02,False,156.24,229.81,-1.3,,2545.08,3111,False,0,2026-09-28 05:49:42.078546
4853d4,TRA23U  ,Kingdom of the Netherlands,1790574574.0,1790574574,2.7285,41.1353,10774.68,False,225.94,181.7,-4.55,,11262.36,1000,False,0,2026-09-28 05:49:42.078546
4853d2,TRA66K  ,Kingdom of the Netherlands,1790574574.0,1790574574,4.3481,50.8221,7764.78,False,212.63,211.34,9.43,,8069.58,2103,False,0,2026-09-28 05:49:42.078546
a5bb1b,ASA489  ,United States,1790574574.0,1790574575,-118.7373,35.3661,9448.8,False,213.34,164.19,0.0,,9806.94,4740,False,0,2026-09-28 05:49:42.078546
4aae7a,SEKSZ   ,Sweden,1790574574.0,1790574574,13.5871,53.599,2286.0,False,58.67,178.49,0.0,,2461.26,2167,False,0,2026-09-28 05:49:42.078546
706137,JZR121  ,Kuwait,1790574574.0,1790574574,51.8478,26.6706,10668.0,False,260.29,108.43,0.0,,11277.6,1433,False,0,2026-09-28 05:49:42.078546
501c13,SDR20QC ,Croatia,1790574574.0,1790574574,2.8231,42.8135,11277.6,False,226.91,178.96,0.0,,11734.8,1000,False,0,2026-09-28 05:49:42.078546
c01dcb,FLE637  ,Canada,1790574574.0,1790574574,-103.1453,51.4252,11582.4,False,201.83,290.28,0.0,,11681.46,,False,0,2026-09-28 05:49:42.078546
501c15,CFG5TX  ,Croatia,1790574574.0,1790574574,4.0295,42.3926,10050.78,False,230.66,228.35,0.0,,10530.84,0614,False,0,2026-09-28 05:49:42.078546
501c16,CFG4308 ,Croatia,1790574574.0,1790574574,26.2478,36.3249,10965.18,False,205.32,303.97,0.0,,11338.56,5237,False,0,2026-09-28 05:49:42.078546
4866e0,TRA2K   ,Kingdom of the Netherlands,1790574574.0,1790574574,-3.7195,57.9321,10363.2,False,233.54,315.18,0.0,,10294.62,2112,False,0,2026-09-28 05:49:42.078546
383fff,SECUAV1 ,France,1790574570.0,1790574570,7.5218,47.5942,,True,1.29,334.69,,,,,False,0,2026-09-28 05:49:42.078546
a70e7a,SKW3967 ,United States,1790574575.0,1790574575,-95.4999,44.7567,9403.08,False,240.14,84.96,-14.63,,9753.6,,False,0,2026-09-28 05:49:42.078546
48c9e5,SPTPF   ,Poland,1790574522.0,1790574523,20.8815,52.565,38.1,False,37.36,321.71,-3.58,,198.12,,False,0,2026-09-28 05:49:42.078546
48c9e4,SPTPE   ,Poland,1790574574.0,1790574574,20.8284,52.6011,274.32,False,35.7,126.21,-1.95,,434.34,,False,0,2026-09-28 05:49:42.078546
4bce49,SXS9SR  ,Turkey,1790574575.0,1790574575,18.3416,48.5476,11582.4,False,216.05,311.81,0.0,,11963.4,3201,False,0,2026-09-28 05:49:42.078546
c07445,SLG3    ,Canada,1790574574.0,1790574574,-107.565,52.4329,3931.92,False,156.18,121.81,-8.13,,3924.3,,False,0,2026-09-28 05:49:42.078546
c07444,CNK91   ,Canada,1790574574.0,1790574574,138.1486,38.145,11582.4,False,179.78,236.08,0.0,,12123.42,,False,0,2026-09-28 05:49:42.078546
4bce59,TCSRY   ,Turkey,1790574575.0,1790574575,26.8705,39.5481,1348.74,False,77.99,280.64,-0.65,,1447.8,,False,0,2026-09-28 05:49:42.078546
501c65,CAI4H   ,Croatia,1790574575.0,1790574575,20.8494,51.4292,5471.16,False,164.28,8.28,-8.45,,5753.1,5741,False,0,2026-09-28 05:49:42.078546
845d04,JAL46   ,Japan,1790574574.0,1790574574,128.267,37.6271,11887.2,False,308.63,79.05,0.0,,12374.88,0666,False,0,2026-09-28 05:49:42.078546
48ea3b,ENT4018 ,Poland,1790574574.0,1790574574,16.2922,48.9416,11277.6,False,214.94,12.44,0.0,,11689.08,6154,False,0,2026-09-28 05:49:42.078546
abec6c,SWA4153 ,United States,1790574574.0,1790574574,-97.8814,30.5758,1927.86,False,145.73,98.73,-4.88,,2011.68,2023,False,0,2026-09-28 05:49:42.078546
7c1832,VOZ9391 ,Australia,1790574572.0,1790574572,115.9684,-31.9441,,True,0.0,194.06,,,,3644,False,0,2026-09-28 05:49:42.078546
501c4a,CTN456  ,Croatia,1790574574.0,1790574574,12.2452,48.6691,10972.8,False,218.51,310.7,0.0,,11391.9,1000,False,0,2026-09-28 05:49:42.078546
405ee1,BAW859  ,United Kingdom,1790574575.0,1790574575,10.1402,50.6596,10972.8,False,225.97,287.9,0.0,,11399.52,0602,False,0,2026-09-28 05:49:42.078546
a5ce40,,United States,1790574529.0,1790574529,-104.67,39.8635,,True,0.0,180.0,,,,,False,0,2026-09-28 05:49:42.078546
48ea4d,RYR5TR  ,Poland,1790574128.0,1790574574,24.2476,54.9418,7094.22,False,134.64,186.58,12.68,,1333.5,1000,False,0,2026-09-28 05:49:42.078546
48ea4e,RYR8177 ,Poland,1790574574.0,1790574574,1.0829,43.7283,10668.0,False,211.71,230.82,0.0,,11094.72,7547,False,0,2026-09-28 05:49:42.078546
781411,,China,1790574521.0,1790574521,113.3615,24.1064,5417.82,False,194.93,348.27,7.15,,,,False,0,2026-09-28 05:49:42.078546
a788d3,DAL910  ,United States,1790574569.0,1790574574,-118.3997,33.9504,,True,0.0,261.56,,,,,False,0,2026-09-28 05:49:42.078546
781416,CSH895  ,China,1790574574.0,1790574574,135.4837,34.2244,12496.8,False,280.49,75.56,-0.33,,13197.84,6012,False,0,2026-09-28 05:49:42.078546
a7a08a,UAL51   ,United States,1790574575.0,1790574575,-5.6973,40.4945,11582.4,False,241.15,115.53,-0.33,,12001.5,3157,False,0,2026-09-28 05:49:42.078546
48418b,KLM31A  ,Kingdom of the Netherlands,1790574573.0,1790574573,4.7761,52.309,,True,6.43,5.62,,,,,False,0,2026-09-28 05:49:42.078546
48418a,KLM462  ,Kingdom of the Netherlands,1790574574.0,1790574574,17.1925,46.9014,12192.0,False,221.91,308.41,0.0,,12603.48,2704,False,0,2026-09-28 05:49:42.078546
48418c,KLM66G  ,Kingdom of the Netherlands,1790574574.0,1790574575,4.7155,52.4007,205.74,False,76.31,183.87,-4.23,,297.18,7622,False,0,2026-09-28 05:49:42.078546
49d4fa,OKRPR   ,Czech Republic,1790574574.0,1790574574,15.8591,49.7966,2438.4,False,78.12,83.95,0.0,,2621.28,1401,False,0,2026-09-28 05:49:42.078546
7c03a2,PHA72   ,Australia,1790574574.0,1790574574,174.637,-38.7815,11163.3,False,210.62,8.43,-12.03,,11056.62,,False,0,2026-09-28 05:49:42.078546
a7fb70,REH80   ,United States,1790574574.0,1790574574,-122.2362,39.1201,1104.9,False,58.68,242.31,-0.33,,1059.18,1200,False,0,2026-09-28 05:49:42.078546
478f0e,,Norway,1790574574.0,1790574574,5.9596,60.8987,5631.18,False,163.7,36.44,7.48,,5699.76,,False,0,2026-09-28 05:49:42.078546
7caf1a,VOZ851  ,Australia,1790574574.0,1790574574,151.1776,-33.944,,True,7.46,345.94,,,,4022,False,0,2026-09-28 05:49:42.078546
a2d728,YEL82   ,United States,1790574322.0,1790574322,-89.7446,40.6062,510.54,False,55.28,38.58,-2.6,,533.4,0524,False,0,2026-09-28 05:49:42.078546
7caf1d,VOZ958  ,Australia,1790574575.0,1790574575,153.1105,-27.4168,259.08,False,83.75,206.25,10.73,,403.86,,False,0,2026-09-28 05:49:42.078546
3a3280,THT8    ,France,1790574575.0,1790574575,-10.0471,53.9525,11887.2,False,262.9,111.95,0.0,,11849.1,6314,False,0,2026-09-28 05:49:42.078546
48548d,KLC20Q  ,Kingdom of the Netherlands,1790574565.0,1790574565,4.7343,52.2992,,True,8.23,101.25,,,,1000,False,0,2026-09-28 05:49:42.078546
8881ac,VJC887  ,Viet Nam,1790574573.0,1790574573,104.1037,2.4724,4846.32,False,188.29,180.16,-3.9,,6057.9,,False,0,2026-09-28 05:49:42.078546
484165,KLM64F  ,Kingdom of the Netherlands,1790574544.0,1790574544,4.7388,52.3186,-45.72,False,74.17,182.78,-2.93,,60.96,1000,False,0,2026-09-28 05:49:42.078546
50848a,SEU405  ,Ukraine,1790574574.0,1790574574,14.3069,45.7234,11277.6,False,227.49,254.93,-0.33,,11719.56,1000,False,0,2026-09-28 05:49:42.078546
a9f2c6,CKS893  ,United States,1790574574.0,1790574574,-140.3964,61.3411,9448.8,False,257.74,89.54,-0.33,,9060.18,5766,False,0,2026-09-28 05:49:42.078546
7c29da,VOZ1282 ,Australia,1790574380.0,1790574380,149.3108,-22.0039,7620.0,False,218.63,172.16,0.0,,7970.52,,False,0,2026-09-28 05:49:42.078546
48415e,KLM24B  ,Kingdom of the Netherlands,1790574574.0,1790574574,11.862,50.5437,11582.4,False,220.39,307.03,0.0,,12001.5,1000,False,0,2026-09-28 05:49:42.078546
7c03f9,UTY4807 ,Australia,1790574376.0,1790574376,130.6773,-12.6434,5562.6,False,165.9,264.48,7.8,,5966.46,,False,0,2026-09-28 05:49:42.078546
4bcda9,SXS77Z  ,Turkey,1790574574.0,1790574574,29.9447,39.6092,11582.4,False,228.15,325.84,0.0,,11887.2,3233,False,0,2026-09-28 05:49:42.078546
4bcda6,SXS4WY  ,Turkey,1790574575.0,1790574575,29.2154,41.0594,10972.8,False,239.26,321.11,-0.33,,11247.12,3253,False,0,2026-09-28 05:49:42.078546
4bcda5,SXS6VQ  ,Turkey,1790574573.0,1790574573,17.4122,44.5279,12192.0,False,222.23,284.62,0.0,,12603.48,3213,False,0,2026-09-28 05:49:42.078546
4bcda2,SXS93H  ,Turkey,1790574574.0,1790574575,13.6759,48.7014,11582.4,False,222.55,306.45,0.0,,12024.36,3253,False,0,2026-09-28 05:49:42.078546
4ca719,ITY075  ,Ireland,1790574574.0,1790574575,12.207,41.9757,693.42,False,120.87,161.64,-3.25,,853.44,1000,False,0,2026-09-28 05:49:42.078546
a2b112,UAL1827 ,United States,1790574574.0,1790574574,-115.7948,33.7903,8823.96,False,253.14,47.88,4.55,,9250.68,7345,False,0,2026-09-28 05:49:42.078546
484161,KLM1771 ,Kingdom of the Netherlands,1790574575.0,1790574575,10.5935,52.6019,10431.78,False,240.83,88.65,-14.31,,10843.26,1000,False,0,2026-09-28 05:49:42.078546
48414c,TRA53N  ,Kingdom of the Netherlands,1790574260.0,1790574260,19.2556,40.7033,8694.42,False,254.99,150.64,-18.53,,9182.1,3167,False,0,2026-09-28 05:49:42.078546
4bcdb5,SXS58U  ,Turkey,1790574574.0,1790574574,13.7983,45.1354,12192.0,False,232.58,282.13,0.0,,12641.58,3207,False,0,2026-09-28 05:49:42.078546
4bcdb3,SXS6MX  ,Turkey,1790574574.0,1790574574,11.0535,46.0721,11582.4,False,237.07,300.52,0.0,,12047.22,5344,False,0,2026-09-28 05:49:42.078546
c01e93,CJT627  ,Canada,1790574574.0,1790574574,-67.5989,45.4853,12192.0,False,229.79,279.15,0.0,,12611.1,3177,False,0,2026-09-28 05:49:42.078546
7812e7,CSZ9502 ,China,1790574571.0,1790574571,113.7241,22.9203,1211.58,False,98.07,256.04,-1.95,,1264.92,,False,0,2026-09-28 05:49:42.078546
4bcdae,SXS5CX  ,Turkey,1790574490.0,1790574570,30.8287,37.3203,,True,168.99,348.59,7.48,,,7051,False,0,2026-09-28 05:49:42.078546
a2878e,N262MR  ,United States,1790574575.0,1790574575,-116.04,43.4314,2583.18,False,83.47,123.69,0.65,,2644.14,,False,0,2026-09-28 05:49:42.078546
4bcdac,SXS2SB  ,Turkey,1790574574.0,1790574574,23.9822,41.7117,11887.2,False,245.34,147.68,0.33,,12222.48,7636,False,0,2026-09-28 05:49:42.078546
4bcdab,SXS4DQ  ,Turkey,1790574574.0,1790574574,14.6539,46.968,11582.4,False,220.86,319.82,0.0,,12031.98,5326,False,0,2026-09-28 05:49:42.078546
484132,KLM1628 ,Kingdom of the Netherlands,1790574278.0,1790574278,4.7481,52.3005,,True,13.38,132.19,,,,1000,False,0,2026-09-28 05:49:42.078546
7812eb,CHH448  ,China,1790574572.0,1790574574,118.2025,42.1714,10698.48,False,244.56,26.89,0.0,,10911.84,,False,0,2026-09-28 05:49:42.078546
7812ec,CHH7119 ,China,1790574573.0,1790574574,114.0008,23.5478,9479.28,False,230.68,71.4,0.0,,10165.08,,False,0,2026-09-28 05:49:42.078546
4ca708,RYR83TK ,Ireland,1790574574.0,1790574575,0.8077,50.5314,8366.76,False,224.46,318.34,-10.4,,8648.7,5717,False,0,2026-09-28 05:49:42.078546
4ca703,RUK15SU ,Ireland,1790574574.0,1790574575,-3.9001,49.0789,10668.0,False,200.02,194.75,0.0,,10911.84,2066,False,0,2026-09-28 05:49:42.078546
4ca702,RYR3PE  ,Ireland,1790574574.0,1790574574,-3.3703,40.6861,10668.0,False,204.38,212.25,0.0,,11102.34,3465,False,0,2026-09-28 05:49:42.078546
4243c4,AZG1785 ,United Kingdom,1790574575.0,1790574575,-86.1343,34.5453,9448.8,False,265.07,62.49,0.0,,9845.04,2443,False,0,2026-09-28 05:49:42.078546
4bccba,SXS2MD  ,Turkey,1790574575.0,1790574575,14.9637,46.436,12192.0,False,221.42,299.66,0.0,,12626.34,3217,False,0,2026-09-28 05:49:42.078546
841538,JAL321  ,Japan,1790574574.0,1790574575,139.5528,35.6484,4114.8,False,166.4,273.01,11.7,,4328.16,2240,False,0,2026-09-28 05:49:42.078546
a7b40e,DAL1697 ,United States,1790574574.0,1790574574,-110.3962,35.2183,8923.02,False,266.65,45.39,3.25,,9403.08,,False,0,2026-09-28 05:49:42.078546
3b77ec,FAF9175 ,France,1790574574.0,1790574574,4.5242,48.1435,3360.42,False,148.87,27.36,-3.9,,3566.16,4333,False,0,2026-09-28 05:49:42.078546
405f32,TMN024  ,United Kingdom,1790574575.0,1790574575,151.1447,-33.8256,495.3,False,89.9,168.11,-4.55,,678.18,5366,False,0,2026-09-28 05:49:42.078546
c87efe,TXP2HAWK,New Zealand,1790574569.0,1790574571,179.6911,-41.61,,True,0.0,165.94,,,,,False,0,2026-09-28 05:49:42.078546
c87efd,TXP1HAWK,New Zealand,1790574565.0,1790574574,179.0247,-41.5844,,True,0.0,165.94,,,,,False,0,2026-09-28 05:49:42.078546
a2b151,UAL624  ,United States,1790574574.0,1790574575,-114.3037,36.3482,4610.1,False,154.9,231.61,-8.45,,4792.98,3540,False,0,2026-09-28 05:49:42.078546
8880f8,HVN56   ,Viet Nam,1790574574.0,1790574574,99.5436,21.0306,11277.6,False,246.55,105.86,0.33,,12001.5,2272,False,0,2026-09-28 05:49:42.078546
abfdd1,AAL298  ,United States,1790574575.0,1790574575,-12.0573,52.2313,12184.38,False,264.31,114.37,0.33,,12207.24,2217,False,0,2026-09-28 05:49:42.078546
780195,CPA777  ,China,1790574573.0,1790574573,106.6233,-6.1507,152.4,False,69.85,67.02,-3.58,,198.12,,False,0,2026-09-28 05:49:42.078546
4ca646,RYR28XE ,Ireland,1790574574.0,1790574575,8.0254,48.725,922.02,False,117.57,213.76,17.56,,1036.32,,False,0,2026-09-28 05:49:42.078546
4ca643,RYR34FU ,Ireland,1790574574.0,1790574574,11.1002,43.4086,10363.2,False,235.94,345.99,0.0,,10789.92,1000,False,0,2026-09-28 05:49:42.078546
3c71a4,BCS694  ,Germany,1790574574.0,1790574575,17.6782,48.7756,10668.0,False,253.18,131.95,0.0,,11071.86,6414,False,0,2026-09-28 05:49:42.078546
a2b133,UAL2321 ,United States,1790574562.0,1790574562,-112.0185,33.4408,,True,19.03,270.0,,,,,False,0,2026-09-28 05:49:42.078546
4bccb0,,Turkey,1790574558.0,1790574558,7.1197,50.8819,,True,0.77,151.88,,,,7705,False,0,2026-09-28 05:49:42.078546
405f12,EZY47VX ,United Kingdom,1790574575.0,1790574575,0.6927,49.8916,11887.2,False,212.2,147.27,-0.33,,12199.62,6362,False,0,2026-09-28 05:49:42.078546
405f13,EZY94NJ ,United Kingdom,1790574574.0,1790574574,1.7301,54.7386,11277.6,False,230.23,107.42,0.0,,11498.58,4642,False,0,2026-09-28 05:49:42.078546
aacacb,NCR8827 ,United States,1790574575.0,1790574575,144.8424,-37.6917,289.56,False,90.51,171.5,14.96,,426.72,1533,False,0,2026-09-28 05:49:42.078546
405f11,,United Kingdom,1790574568.0,1790574568,-0.1837,51.1628,,True,0.0,255.94,,,,,False,0,2026-09-28 05:49:42.078546
4ca61e,RYR59JH ,Ireland,1790574574.0,1790574574,-7.9404,39.4134,10995.66,False,243.05,348.52,2.28,,11391.9,2005,False,0,2026-09-28 05:49:42.078546
4ca61b,RYR6YZ  ,Ireland,1790574574.0,1790574575,15.876,43.6577,10972.8,False,219.24,5.79,0.0,,11422.38,6560,False,0,2026-09-28 05:49:42.078546
486742,KLM51L  ,Kingdom of the Netherlands,1790574573.0,1790574574,2.8786,48.8486,10668.0,False,210.15,203.36,0.0,,11049.0,1000,False,0,2026-09-28 05:49:42.078546
a6ede5,UAL308  ,United States,1790574480.0,1790574498,-117.8699,33.6741,,True,39.1,208.12,,,,1423,False,0,2026-09-28 05:49:42.078546
78019c,CPA780  ,China,1790574564.0,1790574564,113.9225,22.306,,True,11.83,70.31,,,,7007,False,0,2026-09-28 05:49:42.078546
4ca61c,RYR724W ,Ireland,1790574574.0,1790574575,0.6996,51.8311,2964.18,False,159.57,85.01,10.08,,3078.48,4650,False,0,2026-09-28 05:49:42.078546
4ca61d,RYR6505 ,Ireland,1790574574.0,1790574574,11.875,48.166,11582.4,False,231.34,184.98,0.0,,12009.12,7546,False,0,2026-09-28 05:49:42.078546
4bccb5,SXS75G  ,Turkey,1790574574.0,1790574574,13.6049,52.3104,1249.68,False,102.89,118.36,15.28,,1386.84,,False,0,2026-09-28 05:49:42.078546
a08f11,N135PH  ,United States,1790574575.0,1790574575,-115.1661,36.1439,914.4,False,38.92,209.28,-1.3,,891.54,,False,0,2026-09-28 05:49:42.078546
4ca623,RYR17MN ,Ireland,1790574574.0,1790574574,2.4949,39.2818,10972.8,False,242.06,64.31,0.0,,11468.1,5304,False,0,2026-09-28 05:49:42.078546
4ca625,RYR9AH  ,Ireland,1790574574.0,1790574574,10.5936,51.8167,11277.6,False,235.27,96.91,0.0,,11666.22,2007,False,0,2026-09-28 05:49:42.078546
4bccae,SXS73E  ,Turkey,1790574574.0,1790574574,16.5957,46.1307,11887.2,False,238.14,123.28,0.0,,12298.68,4563,False,0,2026-09-28 05:49:42.078546
4bccad,SXS3PU  ,Turkey,1790574567.0,1790574574,30.8591,37.3347,4899.66,False,189.46,6.39,15.61,,5013.96,7757,False,0,2026-09-28 05:49:42.078546
4ca621,,Ireland,1790574514.0,1790574574,7.124,50.8806,,True,1.29,227.81,,,,4125,False,0,2026-09-28 05:49:42.078546
47340e,TVS34N  ,Hungary,1790574574.0,1790574574,26.0467,36.8265,11285.22,False,244.82,159.58,-0.33,,11635.74,7432,False,0,2026-09-28 05:49:42.078546
7c29d8,VOZ393  ,Australia,1790574573.0,1790574574,149.8679,-21.9714,11582.4,False,208.82,314.2,0.0,,12138.66,,False,0,2026-09-28 05:49:42.078546
7c29d4,VOZ1498 ,Australia,1790574574.0,1790574574,153.1289,-27.3449,-22.86,False,76.61,206.74,-4.88,,99.06,,False,0,2026-09-28 05:49:42.078546
8880c5,HVN502  ,Viet Nam,1790574335.0,1790574341,113.9206,23.1214,3558.54,False,151.99,352.61,-4.23,,3756.66,5533,False,0,2026-09-28 05:49:42.078546
8880ac,HVN660  ,Viet Nam,1790574573.0,1790574573,104.0273,3.4162,8999.22,False,235.07,8.43,4.23,,9616.44,0133,False,0,2026-09-28 05:49:42.078546
a2b196,UAL280  ,United States,1790574574.0,1790574574,-137.3583,58.6306,10972.8,False,225.98,295.34,0.0,,10713.72,,False,0,2026-09-28 05:49:42.078546
a53774,UAL1097 ,United States,1790574575.0,1790574575,-122.321,47.205,1501.14,False,116.67,4.81,-6.83,,1546.86,3254,False,0,2026-09-28 05:49:42.078546
a046f2,RPA4787 ,United States,1790574574.0,1790574575,-82.3013,34.6923,1219.2,False,115.03,312.83,0.33,,1219.2,0601,False,0,2026-09-28 05:49:42.078546
49d66c,JBC126F ,Czech Republic,1790574569.0,1790574574,21.0701,43.3722,12504.42,False,244.9,107.1,0.0,,12854.94,7220,False,0,2026-09-28 05:49:42.078546
4ca64e,RYR68QK ,Ireland,1790574574.0,1790574575,7.7059,44.2137,8839.2,False,219.72,234.34,0.0,,9243.06,1000,False,0,2026-09-28 05:49:42.078546
394d49,TJT71JD ,France,1790574573.0,1790574573,1.2215,43.8806,7010.4,False,121.96,231.68,0.0,,7391.4,1000,False,0,2026-09-28 05:49:42.078546
8880e1,HVN55   ,Viet Nam,1790574574.0,1790574574,90.5083,22.4154,10363.2,False,270.74,277.31,0.33,,11010.9,7063,False,0,2026-09-28 05:49:42.078546
49c352,OKBUD52 ,Czech Republic,1790574574.0,1790574574,14.8615,50.7162,754.38,False,42.98,227.91,,,,2000,False,0,2026-09-28 05:49:42.078546
8880ca,HVN605  ,Viet Nam,1790574574.0,1790574574,101.0067,13.5646,3810.0,False,136.03,289.67,-3.25,,3992.88,,False,0,2026-09-28 05:49:42.078546
ad2aed,AAL1722 ,United States,1790574573.0,1790574573,-104.6625,39.8415,,True,8.23,2.81,,,,1701,False,0,2026-09-28 05:49:42.078546
a1c9a0,N214NX  ,United States,1790574574.0,1790574574,-120.7358,46.1612,5791.2,False,130.44,57.56,0.0,,5897.88,4654,False,0,2026-09-28 05:49:42.078546
c01e1a,FLE813  ,Canada,1790574574.0,1790574574,-116.226,50.7955,10203.18,False,224.85,256.5,10.08,,10302.24,,False,0,2026-09-28 05:49:42.078546
49d69a,BOH811  ,Czech Republic,1790574574.0,1790574574,2.5104,48.5076,11887.2,False,208.67,188.65,-0.33,,12245.34,1000,False,0,2026-09-28 05:49:42.078546
888219,VJC863  ,Viet Nam,1790574404.0,1790574404,117.9312,19.1641,10668.0,False,246.27,224.75,0.0,,11445.24,,False,0,2026-09-28 05:49:42.078546
888213,VJC934  ,Viet Nam,1790574574.0,1790574575,139.4545,32.976,9928.86,False,249.68,121.0,-7.48,,10614.66,4414,False,0,2026-09-28 05:49:42.078546
888211,SPQ451  ,Viet Nam,1790574567.0,1790574568,119.1163,20.2879,10957.56,False,246.63,225.17,0.0,,11742.42,,False,0,2026-09-28 05:49:42.078546
781431,CSZ9512 ,China,1790574402.0,1790574402,113.7092,22.8239,937.26,False,99.95,193.39,-3.58,,1082.04,5070,False,0,2026-09-28 05:49:42.078546
a56c19,,United States,1790574572.0,1790574572,-117.1795,32.7311,,True,37.04,286.88,,,,,False,0,2026-09-28 05:49:42.078546
a7a17b,,United States,1790574534.0,1790574534,-111.9946,40.7858,,True,7.2,357.19,,,,,False,0,2026-09-28 05:49:42.078546
a08f6b,SKW5646 ,United States,1790574574.0,1790574574,-109.8354,40.1407,10454.64,False,187.42,272.36,-9.43,,10881.36,3001,False,0,2026-09-28 05:49:42.078546
abeb9f,SWA151  ,United States,1790574574.0,1790574574,-86.638,39.4207,2194.56,False,140.38,30.14,-6.5,,2270.76,0775,False,0,2026-09-28 05:49:42.078546
a56c24,ATN3378 ,United States,1790574574.0,1790574574,-87.472,36.97,10363.2,False,247.87,226.93,0.33,,10759.44,6627,False,0,2026-09-28 05:49:42.078546
c06080,ACA510  ,Canada,1790574574.0,1790574574,-87.8584,41.9677,647.7,False,84.68,94.88,6.83,,662.94,,False,0,2026-09-28 05:49:42.078546
88821a,VAG137  ,Viet Nam,1790574574.0,1790574574,100.8307,13.9779,1188.72,False,78.75,197.49,-1.95,,1211.58,,False,0,2026-09-28 05:49:42.078546
78144b,RLH6544 ,China,1790574573.0,1790574573,117.3496,39.1229,,True,12.86,334.69,,,,,False,0,2026-09-28 05:49:42.078546
7c0402,UTY3136 ,Australia,1790574574.0,1790574574,138.4806,-34.1388,6515.1,False,184.75,336.36,7.48,,6835.14,,False,0,2026-09-28 05:49:42.078546
ac870e,N906SH  ,United States,1790574575.0,1790574575,-97.6059,47.3732,723.9,False,72.06,316.74,0.0,,754.38,,False,0,2026-09-28 05:49:42.078546
781462,CES591  ,China,1790574574.0,1790574574,116.8308,39.9174,9174.48,False,228.56,353.02,0.0,,9448.8,,False,0,2026-09-28 05:49:42.078546
4bce0e,SXS9LQ  ,Turkey,1790574575.0,1790574575,23.2548,46.2973,10972.8,False,223.72,315.47,0.0,,11254.74,3242,False,0,2026-09-28 05:49:42.078546
4bce0a,SXS2HG  ,Turkey,1790574574.0,1790574574,35.3548,38.3481,11330.94,False,220.01,278.47,5.2,,11658.6,,False,0,2026-09-28 05:49:42.078546
85dee8,ANA4930 ,Japan,1790574391.0,1790574395,141.691,42.7925,152.4,False,68.98,172.72,-3.9,,83.82,,False,0,2026-09-28 05:49:42.078546
4852f5,KLC54R  ,Kingdom of the Netherlands,1790574575.0,1790574575,2.671,52.7851,6751.32,False,211.18,107.73,-10.73,,6957.06,7627,False,0,2026-09-28 05:49:42.078546
7c1795,TMN1    ,Australia,1790574574.0,1790574574,174.822,-37.8665,5875.02,False,214.61,14.44,-8.45,,5890.26,,False,0,2026-09-28 05:49:42.078546
7cadce,8L8     ,Australia,1790574572.0,1790574573,150.9947,-33.9171,,True,0.06,191.25,,,,,False,0,2026-09-28 05:49:42.078546
7c0461,JST190  ,Australia,1790574574.0,1790574574,155.7895,-30.5588,10355.58,False,210.6,326.15,-0.33,,10607.04,0222,False,0,2026-09-28 05:49:42.078546
781482,AIB28AA ,China,1790574571.0,1790574571,117.3755,39.1167,,True,13.38,334.69,,,,,False,0,2026-09-28 05:49:42.078546
7c045c,JST415  ,Australia,1790574574.0,1790574574,151.6391,-30.8036,11582.4,False,199.72,205.64,0.0,,11879.58,1111,False,0,2026-09-28 05:49:42.078546
e4949f,AZU2933 ,Brazil,1790574569.0,1790574569,-38.5447,-3.7731,,True,4.12,50.62,,,,,False,0,2026-09-28 05:49:42.078546
4bce09,SXS1MG  ,Turkey,1790574574.0,1790574574,28.3879,42.5683,10972.8,False,228.47,304.73,0.0,,11247.12,1000,False,0,2026-09-28 05:49:42.078546
4bce06,SXS3TB  ,Turkey,1790573746.0,1790574574,18.2078,51.7278,11582.4,False,213.51,328.8,0.0,,11963.4,3264,False,0,2026-09-28 05:49:42.078546
4bce04,SXS2JG  ,Turkey,1790574574.0,1790574575,15.0539,46.8458,12192.0,False,217.84,318.06,0.0,,12618.72,5621,False,0,2026-09-28 05:49:42.078546
4bce03,SXS16Y  ,Turkey,1790574574.0,1790574574,13.9185,48.4426,11582.4,False,218.9,301.45,0.0,,12016.74,3203,False,0,2026-09-28 05:49:42.078546
4bce01,SXS9RW  ,Turkey,1790574574.0,1790574574,22.3634,46.9112,10972.8,False,213.53,314.71,0.0,,11277.6,3211,False,0,2026-09-28 05:49:42.078546
02a126,,Tunisia,1790574565.0,1790574565,21.9543,49.9971,2712.72,False,100.7,161.84,4.23,,,,False,0,2026-09-28 05:49:42.078546
780173,CPA543  ,China,1790574575.0,1790574575,114.1369,22.4035,1242.06,False,98.28,250.43,-2.93,,1310.64,6031,False,0,2026-09-28 05:49:42.078546
780171,CPA504  ,China,1790574574.0,1790574575,140.7665,33.9008,7315.2,False,224.36,27.74,0.0,,7726.68,3572,False,0,2026-09-28 05:49:42.078546
4bce14,SXS5DK  ,Turkey,1790574573.0,1790574573,35.0696,38.3352,6865.62,False,194.49,56.98,-9.1,,7078.98,4732,False,0,2026-09-28 05:49:42.078546
4bce13,SXS87M  ,Turkey,1790574574.0,1790574574,11.0312,50.6813,11887.2,False,236.56,138.61,0.0,,12298.68,7646,False,0,2026-09-28 05:49:42.078546
71cb18,HL9318  ,Republic of Korea,1790574218.0,1790574308,126.6375,36.8035,396.24,False,29.1,135.0,-5.85,,381.0,,False,0,2026-09-28 05:49:42.078546
ac4bfe,SWA2492 ,United States,1790574574.0,1790574574,-111.818,33.4188,1333.5,False,95.54,286.58,-5.2,,1348.74,0021,True,0,2026-09-28 05:49:42.078546
46866b,AEZ2226 ,Greece,1790574575.0,1790574575,11.523,43.7701,9753.6,False,233.03,304.57,-0.33,,10210.8,5164,False,0,2026-09-28 05:49:42.078546
4d0109,CLX498  ,Luxembourg,1790574416.0,1790574416,6.8438,37.6398,10058.4,False,267.59,188.07,0.0,,10500.36,3501,False,0,2026-09-28 05:49:42.078546
4d0107,CLX6697 ,Luxembourg,1790574574.0,1790574574,-81.9163,35.0345,11269.98,False,262.3,66.9,0.0,,11719.56,1670,False,0,2026-09-28 05:49:42.078546
ad6bdc,JBU1400 ,United States,1790574575.0,1790574575,-111.2351,34.1352,10058.4,False,278.13,85.54,0.0,,10614.66,0404,False,0,2026-09-28 05:49:42.078546
a1d18b,YEL16   ,United States,1790574560.0,1790574572,-111.9194,33.6175,,True,0.0,312.19,,,,,False,0,2026-09-28 05:49:42.078546
479301,WIF2TK  ,Norway,1790574574.0,1790574574,5.7872,60.2115,5349.24,False,174.85,116.57,16.91,,5425.44,,False,0,2026-09-28 05:49:42.078546
a7e151,ASA80   ,United States,1790574575.0,1790574575,-148.5167,64.3368,6964.68,False,200.1,197.97,15.61,,6690.36,,False,0,2026-09-28 05:49:42.078546
869210,ANA212  ,Japan,1790574574.0,1790574574,128.951,37.6649,8831.58,False,313.13,120.4,0.33,,9189.72,3470,False,0,2026-09-28 05:49:42.078546
3b27ff,,France,1790574534.0,1790574534,2.348,48.7221,,True,3.86,298.12,,,,,False,0,2026-09-28 05:49:42.078546
780e09,CSN8423 ,China,1790574574.0,1790574574,113.7588,22.9129,4610.1,False,198.72,331.05,9.75,,4884.42,3136,False,0,2026-09-28 05:49:42.078546
780e05,CSN312  ,China,1790574574.0,1790574574,-79.4995,43.9913,3177.54,False,138.87,9.81,8.13,,3238.5,6301,False,0,2026-09-28 05:49:42.078546
780e02,OKA2937 ,China,,1790574572,,,,False,235.26,182.13,0.0,,,,False,0,2026-09-28 05:49:42.078546
8940d6,GFA046  ,Bahrain,1790574573.0,1790574573,39.0383,31.4463,10652.76,False,255.0,130.66,0.0,,11247.12,6121,False,0,2026-09-28 05:49:42.078546
8940d5,DHX173  ,Bahrain,1790574565.0,1790574575,50.7826,26.4126,1287.78,False,140.15,147.59,-7.8,,1363.98,1457,False,0,2026-09-28 05:49:42.078546
8940ca,GFA027  ,Bahrain,1790574574.0,1790574574,31.8274,36.6122,9761.22,False,198.94,290.59,0.0,,10050.78,7355,False,0,2026-09-28 05:49:42.078546
4075b3,VIR46K  ,United Kingdom,1790574572.0,1790574572,-0.465,51.4695,,True,1.03,53.44,,,,5145,False,0,2026-09-28 05:49:42.078546
846516,ANA573  ,Japan,1790574548.0,1790574548,140.7353,39.3948,11269.98,False,257.48,11.76,-0.33,,11795.76,2274,False,0,2026-09-28 05:49:42.078546
a5a11a,ASA280  ,United States,1790574575.0,1790574575,-118.0083,47.4054,10668.0,False,248.24,92.73,0.0,,10805.16,,False,0,2026-09-28 05:49:42.078546
4d0110,CLX69B  ,Luxembourg,1790574574.0,1790574574,-84.7734,42.2735,10668.0,False,251.98,86.72,0.0,,11041.38,3106,False,0,2026-09-28 05:49:42.078546
ac17b0,SWA113  ,United States,1790574572.0,1790574575,-87.1381,35.9047,2484.12,False,144.11,76.16,-7.48,,2567.94,0705,False,0,2026-09-28 05:49:42.078546
4d0114,CLX209  ,Luxembourg,1790574557.0,1790574559,-62.7941,46.6795,10668.0,False,273.96,87.42,0.0,,11109.96,1306,False,0,2026-09-28 05:49:42.078546
4d0119,CLX4787 ,Luxembourg,1790574574.0,1790574574,88.2741,24.5822,12496.8,False,235.96,114.61,0.0,,13220.7,3501,False,0,2026-09-28 05:49:42.078546
469934,SEH2VS  ,Greece,1790574569.0,1790574573,26.1243,38.9926,3284.22,False,111.64,232.87,2.6,,3398.52,,False,0,2026-09-28 05:49:42.078546
a7912a,DAL575  ,United States,1790574575.0,1790574575,-107.3322,35.0606,8618.22,False,232.43,266.57,-7.48,,9090.66,7114,False,0,2026-09-28 05:49:42.078546
a37f2a,NJZ324  ,United States,1790574574.0,1790574575,-124.1743,44.5024,11582.4,False,215.41,342.34,0.0,,11811.0,3343,False,0,2026-09-28 05:49:42.078546
780e3c,CES5337 ,China,1790574559.0,1790574575,115.5218,22.8625,8061.96,False,228.15,263.92,-5.2,,8648.7,5010,False,0,2026-09-28 05:49:42.078546
400e14,EZY75DM ,United Kingdom,1790574575.0,1790574575,12.473,50.0654,11894.82,False,234.08,89.5,-0.33,,12306.3,4611,False,0,2026-09-28 05:49:42.078546
846538,,Japan,,1790574571,,,,False,235.06,228.46,-0.33,,,,False,0,2026-09-28 05:49:42.078546
8940c3,GFA023  ,Bahrain,1790574574.0,1790574574,8.9903,45.4047,2324.1,False,137.95,246.02,-3.58,,2514.6,2331,False,0,2026-09-28 05:49:42.078546
4d010a,ICV81L  ,Luxembourg,1790574574.0,1790574574,-64.6045,42.6903,10058.4,False,266.66,72.37,0.0,,10492.74,4023,False,0,2026-09-28 05:49:42.078546
a203a9,ENY3854 ,United States,1790574575.0,1790574575,-123.0106,43.6942,2682.24,False,146.24,315.57,-6.5,,2727.96,,False,0,2026-09-28 05:49:42.078546
8940bb,DHX516  ,Bahrain,1790574572.0,1790574574,55.8263,25.1326,10363.2,False,223.21,277.68,0.0,,10934.7,3557,False,0,2026-09-28 05:49:42.078546
00804c,ZSMDK   ,South Africa,1790574334.0,1790574338,28.1653,-25.6529,1379.22,False,40.26,63.43,-0.98,,1470.66,,False,0,2026-09-28 05:49:42.078546
781ff0,CQH6523 ,China,,1790574489,,,,False,246.68,211.0,2.28,,,,False,0,2026-09-28 05:49:42.078546
5140b3,TGZ651  ,Georgia,1790574574.0,1790574574,16.6271,47.9562,10972.8,False,215.63,293.63,0.0,,11376.66,3263,False,0,2026-09-28 05:49:42.078546
48ad87,LOT6CE  ,Poland,1790574574.0,1790574575,15.8321,50.1381,10492.74,False,222.07,59.51,4.88,,10911.84,1000,False,0,2026-09-28 05:49:42.078546
48ad86,LOT46K  ,Poland,1790574575.0,1790574575,14.2099,54.879,8770.62,False,223.39,121.05,6.18,,9128.76,4301,False,0,2026-09-28 05:49:42.078546
48ad84,LOT640  ,Poland,1790574574.0,1790574574,24.1048,46.5135,10363.2,False,223.3,322.21,0.0,,10660.38,,False,0,2026-09-28 05:49:42.078546
48ad82,LOT3YG  ,Poland,1790574448.0,1790574570,16.3843,52.9615,10668.0,False,236.19,100.8,0.0,,11071.86,7613,False,0,2026-09-28 05:49:42.078546
407666,EZY86YE ,United Kingdom,1790574574.0,1790574574,-2.2773,53.359,,True,5.66,180.0,,,,,False,0,2026-09-28 05:49:42.078546
407667,EZY41MV ,United Kingdom,1790574574.0,1790574574,-1.6357,51.9641,5509.26,False,181.44,138.22,-5.85,,5669.28,7660,False,0,2026-09-28 05:49:42.078546
346186,IBE04MM ,Spain,1790574301.0,1790574301,2.0696,41.2902,,True,3.86,157.5,,,,1000,False,0,2026-09-28 05:49:42.078546
76cce4,SIA33   ,Singapore,1790574574.0,1790574575,-122.5034,37.6742,975.36,False,126.32,290.5,11.05,,960.12,3225,False,0,2026-09-28 05:49:42.078546
76cce5,SIA22   ,Singapore,1790574574.0,1790574574,-119.1915,48.7396,12496.8,False,269.09,89.12,0.0,,12649.2,1411,False,0,2026-09-28 05:49:42.078546
3006f2,IGBMP   ,Italy,1790574574.0,1790574574,8.4926,45.9679,6469.38,False,208.57,289.15,18.21,,6835.14,3744,False,0,2026-09-28 05:49:42.078546
76cce3,SIA21   ,Singapore,1790574574.0,1790574574,91.9521,14.2953,12496.8,False,238.27,135.09,0.0,,,,False,0,2026-09-28 05:49:42.078546
40631a,EZY36PZ ,United Kingdom,1790574574.0,1790574574,-3.4065,46.3315,11894.82,False,201.65,200.15,0.33,,12207.24,2243,False,0,2026-09-28 05:49:42.078546
780ccc,CSN8960 ,China,1790574570.0,1790574570,117.2991,36.8535,8869.68,False,244.16,168.45,0.0,,9288.78,,False,0,2026-09-28 05:49:42.078546
781ffa,CSH842  ,China,,1790574268,,,,False,235.62,90.5,0.0,,,,False,0,2026-09-28 05:49:42.078546
a7e198,DAL1373 ,United States,1790574574.0,1790574574,-117.8074,43.9399,10972.8,False,226.45,303.04,0.0,,11186.16,6023,False,0,2026-09-28 05:49:42.078546
00939f,ZSSBI   ,South Africa,1790574424.0,1790574427,27.8898,-25.9811,1668.78,False,76.07,353.79,-5.53,,1767.84,,False,0,2026-09-28 05:49:42.078546
7c6750,UOY     ,Australia,1790574471.0,1790574471,130.7834,-12.3822,563.88,False,60.19,112.62,-1.3,,693.42,,False,0,2026-09-28 05:49:42.078546
780cdc,CXA851  ,China,1790574574.0,1790574574,104.0309,1.4758,617.22,False,79.98,203.1,-3.9,,670.56,,False,0,2026-09-28 05:49:42.078546
5140d1,IGT1189 ,Georgia,1790574575.0,1790574575,40.7078,40.9153,10370.82,False,224.69,250.61,-0.33,,10751.82,6776,False,0,2026-09-28 05:49:42.078546
7502ad,AXM5596 ,Malaysia,1790574574.0,1790574574,115.7225,4.7139,10675.62,False,222.09,76.06,0.33,,11414.76,,False,0,2026-09-28 05:49:42.078546
407642,TOM5AC  ,United Kingdom,1790574574.0,1790574574,-3.1496,53.5114,11277.6,False,192.4,166.08,0.33,,11407.14,5230,False,0,2026-09-28 05:49:42.078546
7c6741,UOJ     ,Australia,1790574349.0,1790574349,130.7847,-12.3817,594.36,False,67.86,109.95,-4.88,,685.8,,False,0,2026-09-28 05:49:42.078546
ac4bb8,SWA4916 ,United States,1790574575.0,1790574575,-117.1478,32.7234,236.22,False,83.18,286.53,-5.2,,198.12,2361,False,0,2026-09-28 05:49:42.078546
ac053f,AAL160  ,United States,1790574574.0,1790574574,-5.1377,52.4879,12496.8,False,260.9,112.37,0.0,,12611.1,2271,False,0,2026-09-28 05:49:42.078546
507c8e,MFX7592 ,Uzbekistan,1790574278.0,1790574537,67.6009,29.8674,10066.02,False,243.88,47.05,0.0,,10500.36,,False,0,2026-09-28 05:49:42.078546
347481,AEA51CJ ,Spain,1790574574.0,1790574574,-3.237,40.8061,3909.06,False,166.31,72.91,9.75,,4137.66,1000,False,0,2026-09-28 05:49:42.078546
4791c9,LED4    ,Norway,1790574574.0,1790574574,22.5845,61.2884,2964.18,False,71.61,245.83,2.93,,3124.2,,False,0,2026-09-28 05:49:42.078546
40769a,TOM5PE  ,United Kingdom,1790574574.0,1790574574,-3.1326,51.0605,3817.62,False,181.24,192.46,10.73,,3939.54,7704,False,0,2026-09-28 05:49:42.078546
a8aaff,FFT2711 ,United States,1790574574.0,1790574574,-111.7391,35.9365,9761.22,False,204.9,228.87,-0.33,,10256.52,,False,0,2026-09-28 05:49:42.078546
7502b8,AXM6305 ,Malaysia,1790574557.0,1790574557,100.3447,3.9305,8206.74,False,208.7,154.45,-5.53,,8976.36,,False,0,2026-09-28 05:49:42.078546
7502b0,MAS2609 ,Malaysia,1790574483.0,1790574483,101.6661,2.8318,396.24,False,74.91,146.2,-3.25,,419.1,,False,0,2026-09-28 05:49:42.078546
40768c,EZY87JQ ,United Kingdom,1790574574.0,1790574575,7.1549,50.9298,10668.0,False,234.35,118.59,0.0,,11071.86,5202,False,0,2026-09-28 05:49:42.078546
40768d,EZY328E ,United Kingdom,1790574573.0,1790574573,-2.7146,51.3848,,True,0.0,87.19,,,,,False,0,2026-09-28 05:49:42.078546
c05f0a,,Canada,1790574406.0,1790574406,-123.1845,49.1938,,True,1.54,81.56,,,,,False,0,2026-09-28 05:49:42.078546
459a62,FRO672  ,Denmark,1790574575.0,1790574575,14.4572,56.398,7345.68,False,164.2,31.55,5.53,,7658.1,0234,False,0,2026-09-28 05:49:42.078546
459a67,FRO670  ,Denmark,1790574297.0,1790574371,17.9445,59.356,,True,1.29,146.25,,,,2561,False,0,2026-09-28 05:49:42.078546
48ad29,,Poland,1790574540.0,1790574540,19.1493,51.7738,7924.8,False,211.49,255.49,6.5,,7155.18,,False,0,2026-09-28 05:49:42.078546
a97af6,N71NX   ,United States,1790574574.0,1790574574,-97.1165,37.6858,2186.94,False,76.12,104.88,9.1,,2278.38,,False,0,2026-09-28 05:49:42.078546
34744d,VLG6246 ,Spain,1790574574.0,1790574574,6.5562,44.8955,9753.6,False,223.52,15.35,0.0,,10210.8,1000,False,0,2026-09-28 05:49:42.078546
a310cb,RFS708  ,United States,1790574575.0,1790574575,-122.4866,47.5006,563.88,False,49.12,46.27,-0.65,,563.88,6506,False,0,2026-09-28 05:49:42.078546
c05f0c,JZA282  ,Canada,1790574573.0,1790574574,-123.1241,49.1809,548.64,False,96.92,99.16,11.05,,563.88,,False,0,2026-09-28 05:49:42.078546
851bfe,JAL263  ,Japan,1790574575.0,1790574575,139.7933,35.5528,,True,11.83,329.06,,,,,False,0,2026-09-28 05:49:42.078546
347454,IBE08CV ,Spain,1790574574.0,1790574574,-0.5764,41.2411,10972.8,False,243.11,87.21,0.0,,11460.48,1455,False,0,2026-09-28 05:49:42.078546
407687,EZY21UT ,United Kingdom,1790574574.0,1790574574,-1.2823,51.437,8679.18,False,226.73,96.38,7.48,,8907.78,4730,False,0,2026-09-28 05:49:42.078546
347453,IBE04FT ,Spain,1790574574.0,1790574574,-1.8671,40.5482,7292.34,False,187.55,253.75,-7.15,,7680.96,1000,False,0,2026-09-28 05:49:42.078546
48ad0d,LOT9MA  ,Poland,1790574574.0,1790574574,15.3742,53.3706,2125.98,False,139.11,299.22,-13.98,,2286.0,,False,0,2026-09-28 05:49:42.078546
3950cf,AFR14WZ ,France,1790574575.0,1790574575,5.5655,47.1641,10972.8,False,230.8,318.89,-0.33,,11399.52,1000,False,0,2026-09-28 05:49:42.078546
48ad0b,LOT5TZ  ,Poland,1790574574.0,1790574574,18.0208,51.1236,10668.0,False,223.16,68.64,-0.33,,11026.14,1000,False,0,2026-09-28 05:49:42.078546
872885,APJ64   ,Japan,1790574574.0,1790574574,119.3212,23.0268,10058.4,False,226.66,58.84,0.0,,10805.16,,False,0,2026-09-28 05:49:42.078546
45a1d2,SHW18A  ,Denmark,1790574573.0,1790574574,8.2631,55.5379,426.72,False,58.24,237.99,0.33,,502.92,,False,0,2026-09-28 05:49:42.078546
48ad19,LOT4PJ  ,Poland,1790574574.0,1790574574,10.7664,52.4388,10668.0,False,235.1,90.0,-0.33,,11071.86,1000,False,0,2026-09-28 05:49:42.078546
a6f9b3,DAL1719 ,United States,1790574574.0,1790574574,-116.7439,47.6105,9753.6,False,224.57,276.18,0.0,,9906.0,,False,0,2026-09-28 05:49:42.078546
a49f89,UAL2186 ,United States,1790574574.0,1790574574,-103.8837,37.4783,11277.6,False,269.38,78.99,0.0,,11841.48,0740,False,0,2026-09-28 05:49:42.078546
8463b5,APJ108  ,Japan,1790574574.0,1790574574,139.9437,40.5288,10965.18,False,192.14,187.85,-0.33,,11353.8,,False,0,2026-09-28 05:49:42.078546
48ad09,LOT3KU  ,Poland,1790574574.0,1790574575,19.0408,51.7561,7924.8,False,230.97,255.16,0.0,,8229.6,,False,0,2026-09-28 05:49:42.078546
8463b4,IBX36   ,Japan,1790574561.0,1790574561,136.4135,34.444,2552.7,False,156.4,29.35,-8.13,,2758.44,,False,0,2026-09-28 05:49:42.078546
a8bf91,NCR864  ,United States,1790574574.0,1790574574,-3.837,42.8226,12192.0,False,262.61,92.47,0.0,,12527.28,7103,False,0,2026-09-28 05:49:42.078546
851c20,JAL630  ,Japan,1790574574.0,1790574575,131.5566,33.0262,8305.8,False,222.03,34.43,7.48,,8823.96,,False,0,2026-09-28 05:49:42.078546
ac03ff,SWA3125 ,United States,1790574462.0,1790574462,-104.669,39.8623,,True,2.31,0.0,,,,1266,False,0,2026-09-28 05:49:42.078546
45a1b0,BBX603  ,Denmark,1790574572.0,1790574574,8.4935,55.5197,350.52,False,47.03,259.92,5.2,,441.96,,False,0,2026-09-28 05:49:42.078546
34620c,IBE08NY ,Spain,1790574574.0,1790574575,14.0618,39.2295,10363.2,False,242.93,277.67,-0.33,,10797.54,,False,0,2026-09-28 05:49:42.078546
06e02b,RWD710  ,Rwanda,1790574572.0,1790574573,6.0572,39.1231,12192.0,False,218.62,350.38,0.0,,12694.92,,False,0,2026-09-28 05:49:42.078546
34620b,IBE09CW ,Spain,1790574574.0,1790574574,-3.5596,40.5276,701.04,False,81.3,358.91,7.8,,769.62,,False,0,2026-09-28 05:49:42.078546
ad7f99,N969WR  ,United States,1790574574.0,1790574574,-115.3667,35.9946,3787.14,False,165.25,42.98,-6.83,,3909.06,5200,False,0,2026-09-28 05:49:42.078546
750405,,Malaysia,1790574481.0,1790574482,112.1376,4.9095,10058.4,False,221.6,75.48,0.0,,10736.58,,False,0,2026-09-28 05:49:42.078546
7c52fc,,Australia,1790574398.0,1790574398,151.1823,-33.9312,,True,0.0,137.81,,,,,False,0,2026-09-28 05:49:42.078546
7c52fd,QLK164D ,Australia,1790574574.0,1790574574,151.679,-33.1636,6240.78,False,179.46,19.42,5.85,,6461.76,1276,False,0,2026-09-28 05:49:42.078546
7c52fa,QLK207D ,Australia,1790574574.0,1790574575,150.7039,-34.3803,4846.32,False,129.3,235.05,8.78,,5059.68,4362,False,0,2026-09-28 05:49:42.078546
7c52fb,QLK335D ,Australia,1790574575.0,1790574575,152.1562,-26.125,6408.42,False,153.43,149.14,-0.33,,6751.32,,False,0,2026-09-28 05:49:42.078546
ad6c92,N964S   ,United States,1790574522.0,1790574523,-91.152,36.458,3017.52,False,80.36,272.94,0.0,,3108.96,,False,0,2026-09-28 05:49:42.078546
a97c49,CKS996  ,United States,1790574574.0,1790574574,-149.9902,61.1713,,True,4.63,281.25,,,,,False,0,2026-09-28 05:49:42.078546
3c496d,TUI86A  ,Germany,1790574574.0,1790574574,28.3367,37.6751,6926.58,False,197.24,144.98,-9.1,,7155.18,6632,False,0,2026-09-28 05:49:42.078546
3c496a,TUI7KT  ,Germany,1790574574.0,1790574574,20.3736,43.1994,11277.6,False,247.06,136.27,0.0,,11643.36,7654,False,0,2026-09-28 05:49:42.078546
45fd25,,Denmark,1790574574.0,1790574574,12.6486,55.6111,,True,1.54,354.38,,,,,False,0,2026-09-28 05:49:42.078546
3c496e,TUI55L  ,Germany,1790574575.0,1790574575,16.9557,45.7527,11277.6,False,245.8,137.63,0.0,,11689.08,7654,False,0,2026-09-28 05:49:42.078546
346204,IBE07DE ,Spain,1790574574.0,1790574574,4.1263,51.0948,9532.62,False,209.22,202.4,5.2,,9898.38,1000,False,0,2026-09-28 05:49:42.078546
4684b5,SXAEU   ,Greece,1790574574.0,1790574574,25.0526,40.7404,2750.82,False,56.82,264.81,-0.33,,2887.98,,False,0,2026-09-28 05:49:42.078546
851c42,JAL3515 ,Japan,1790574575.0,1790574575,130.8747,33.3166,4602.48,False,198.66,74.99,13.66,,4846.32,,False,0,2026-09-28 05:49:42.078546
a21839,ENY3648 ,United States,1790574574.0,1790574574,-80.9359,36.8456,6621.78,False,214.83,132.48,-11.7,,6842.76,3172,False,0,2026-09-28 05:49:42.078546
ad10e9,ASA306  ,United States,1790574337.0,1790574337,-99.8377,46.1051,10972.8,False,214.84,280.21,0.0,,11315.7,3520,False,0,2026-09-28 05:49:42.078546
76cda3,SIA304  ,Singapore,1790574574.0,1790574574,4.6815,50.943,586.74,False,85.44,249.93,-4.55,,891.54,3202,False,0,2026-09-28 05:49:42.078546
76cda1,SIA184  ,Singapore,1790574574.0,1790574574,103.9751,1.5495,4008.12,False,186.16,342.97,4.23,,4267.2,2247,False,0,2026-09-28 05:49:42.078546
76cda2,SIA957  ,Singapore,1790574574.0,1790574574,103.9947,1.3675,,True,10.29,112.5,,,,2412,False,0,2026-09-28 05:49:42.078546
76cda8,SIA306  ,Singapore,1790574574.0,1790574574,5.9091,50.8441,12192.0,False,238.44,290.19,0.0,,12542.52,3220,False,0,2026-09-28 05:49:42.078546
76cda5,SIA312  ,Singapore,1790574365.0,1790574557,-0.1434,51.1633,0.0,False,69.64,257.2,-0.98,,60.96,0604,False,0,2026-09-28 05:49:42.078546
780da2,QDA6009 ,China,1790574575.0,1790574575,113.543,22.4702,9784.08,False,241.95,196.05,0.0,,10500.36,,False,0,2026-09-28 05:49:42.078546
a44521,UAL2190 ,United States,1790574573.0,1790574573,-115.1429,36.0829,,True,0.0,112.5,,,,,False,0,2026-09-28 05:49:42.078546
780da9,CSN427  ,China,1790574574.0,1790574574,-143.9468,61.4009,9448.8,False,252.66,91.28,0.0,,9105.9,4104,False,0,2026-09-28 05:49:42.078546
76cdb0,SIA302  ,Singapore,1790574575.0,1790574575,17.4101,48.8642,12192.0,False,242.55,292.05,0.0,,12573.0,6620,False,0,2026-09-28 05:49:42.078546
34750b,AEA78VW ,Spain,1790574574.0,1790574574,-1.4,39.1715,5821.68,False,173.49,144.05,-5.2,,6164.58,1000,False,0,2026-09-28 05:49:42.078546
76cdb7,SIA35   ,Singapore,1790574575.0,1790574575,-123.0817,36.2142,10363.2,False,240.35,298.65,0.0,,10675.62,6722,False,0,2026-09-28 05:49:42.078546
a6d3c2,VOI3918 ,United States,1790574573.0,1790574573,-88.9279,12.1151,9448.8,False,245.66,133.22,-0.33,,10104.12,3225,False,0,2026-09-28 05:49:42.078546
76cdac,,Singapore,1790574574.0,1790574574,106.8955,-5.4928,6286.5,False,178.71,185.12,-9.43,,6766.56,,False,0,2026-09-28 05:49:42.078546
76cdab,SIA207  ,Singapore,1790574574.0,1790574574,139.6216,-35.285,11887.2,False,270.7,114.71,0.0,,12192.0,,False,0,2026-09-28 05:49:42.078546
76cdc1,SIA12   ,Singapore,1790574089.0,1790574266,122.3517,25.4089,10668.0,False,251.49,49.73,0.0,,11468.1,,False,0,2026-09-28 05:49:42.078546
4b82e3,TURNA47 ,Turkey,1790574479.0,1790574525,29.3186,35.418,11460.48,True,101.53,160.46,0.0,,,3100,False,0,2026-09-28 05:49:42.078546
c0174f,ACA890  ,Canada,1790574572.0,1790574575,-9.9124,49.3929,10972.8,False,261.2,102.86,0.0,,11094.72,,False,0,2026-09-28 05:49:42.078546
a8ac35,UAL272  ,United States,1790574574.0,1790574574,-5.9016,48.2709,11894.82,False,240.76,122.43,-0.33,,12108.18,6327,False,0,2026-09-28 05:49:42.078546
461d31,FIN5AH  ,Finland,,1790574387,,,,False,206.93,208.35,-18.21,,,,False,0,2026-09-28 05:49:42.078546
a24ba7,SKW4098 ,United States,1790574574.0,1790574574,-108.0359,34.6962,8343.9,False,252.16,76.19,-13.33,,8831.58,5012,False,0,2026-09-28 05:49:42.078546
780dbe,CHH7385 ,China,1790574442.0,1790574443,117.8665,24.1863,10698.48,False,230.58,14.47,0.33,,11475.72,,False,0,2026-09-28 05:49:42.078546
4b1b97,HBKLR   ,Switzerland,1790574520.0,1790574520,9.0003,47.5239,,True,2.06,233.44,,,,,False,0,2026-09-28 05:49:42.078546
a07579,DAL896  ,United States,1790574574.0,1790574574,-116.9703,32.6803,1120.14,False,103.46,285.28,-1.3,,1127.76,0614,False,0,2026-09-28 05:49:42.078546
8966f1,UAE9989 ,United Arab Emirates,1790574571.0,1790574575,54.4698,24.202,6423.66,False,228.85,241.25,10.08,,6781.8,0535,False,0,2026-09-28 05:49:42.078546
8966f2,UAE9836 ,United Arab Emirates,1790574516.0,1790574519,72.7797,22.9959,12496.8,False,255.36,85.73,0.0,,13197.84,,False,0,2026-09-28 05:49:42.078546
8966f3,UAE9850 ,United Arab Emirates,1790574574.0,1790574574,113.2488,22.8542,6888.48,False,216.42,162.86,0.0,,7345.68,,False,0,2026-09-28 05:49:42.078546
750484,AXM113  ,Malaysia,1790574574.0,1790574574,101.6118,3.3662,3611.88,False,190.77,213.56,-5.2,,3863.34,,False,0,2026-09-28 05:49:42.078546
780e4b,CXA865  ,China,1790574574.0,1790574574,104.1177,1.7695,2004.06,False,124.1,191.96,-2.6,,2141.22,,False,0,2026-09-28 05:49:42.078546
750485,AXM1521 ,Malaysia,1790574574.0,1790574574,113.6786,22.4758,3048.0,False,137.4,264.84,5.2,,3230.88,,False,0,2026-09-28 05:49:42.078546
ab2c0c,DAL150  ,United States,1790574574.0,1790574574,-78.1758,-10.6624,6522.72,False,231.24,332.58,2.93,,6972.3,,False,0,2026-09-28 05:49:42.078546
8966f0,UAE9849 ,United Arab Emirates,1790574574.0,1790574574,90.1247,22.4609,9753.6,False,273.23,277.14,0.0,,10355.58,5331,False,0,2026-09-28 05:49:42.078546
389dff,COBRA02 ,France,1790574527.0,1790574527,7.5239,47.6074,,True,8.23,61.88,,,,,False,0,2026-09-28 05:49:42.078546
400d5b,BAW722  ,United Kingdom,1790574575.0,1790574575,-0.4608,51.4738,,True,0.0,323.44,,,,4651,False,0,2026-09-28 05:49:42.078546
8966df,FVS103  ,United Arab Emirates,1790574566.0,1790574571,54.004,24.5183,3718.56,False,142.48,274.76,0.65,,3931.92,1124,False,0,2026-09-28 05:49:42.078546
8966eb,ETD77D  ,United Arab Emirates,1790574555.0,1790574573,54.7161,24.387,769.62,False,94.98,127.74,5.85,,746.76,1707,False,0,2026-09-28 05:49:42.078546
30086f,IMIAW   ,Italy,1790574441.0,1790574441,7.6087,45.9655,3688.08,False,28.78,208.86,-8.45,,3977.64,,False,0,2026-09-28 05:49:42.078546
ac5f42,SWA3550 ,United States,1790574574.0,1790574574,-105.4454,38.4647,9997.44,False,216.96,196.67,6.18,,10507.98,2143,False,0,2026-09-28 05:49:42.078546
8940a0,GFA090  ,Bahrain,1790574418.0,1790574565,35.6522,34.3473,12496.8,False,254.0,139.6,-6.18,,12976.86,2210,False,0,2026-09-28 05:49:42.078546
750492,AXM10   ,Malaysia,1790574565.0,1790574565,100.4072,3.6355,6804.66,False,226.27,134.63,-7.48,,8671.56,,False,0,2026-09-28 05:49:42.078546
a5521c,ASA316  ,United States,1790574574.0,1790574574,-122.105,38.4179,7231.38,False,207.42,4.41,9.75,,7330.44,3226,False,0,2026-09-28 05:49:42.078546
8966ed,UAE9620 ,United Arab Emirates,1790574574.0,1790574574,132.3327,-28.966,10668.0,False,305.48,114.58,0.0,,11148.06,,False,0,2026-09-28 05:49:42.078546
8966ee,UAE9935 ,United Arab Emirates,1790574574.0,1790574574,-90.797,29.7017,10454.64,False,253.75,217.75,9.1,,10980.42,0711,False,0,2026-09-28 05:49:42.078546
c01729,ACA880  ,Canada,1790574574.0,1790574574,-12.1894,51.4823,11277.6,False,267.15,107.6,0.0,,11315.7,2031,False,0,2026-09-28 05:49:42.078546
75047c,AXM6267 ,Malaysia,1790574452.0,1790574454,116.0497,5.9243,,True,0.0,81.56,,,,,False,0,2026-09-28 05:49:42.078546
8966fc,UAE8LT  ,United Arab Emirates,1790574574.0,1790574575,51.8995,26.242,12192.0,False,227.87,277.65,0.0,,12862.56,0512,False,0,2026-09-28 05:49:42.078546
8966fd,UAE8X   ,United Arab Emirates,1790574574.0,1790574574,12.1061,50.2229,10248.9,False,245.2,280.27,-4.88,,10637.52,0501,False,0,2026-09-28 05:49:42.078546
7c65d2,UEC     ,Australia,1790574574.0,1790574574,150.6039,-33.8616,30.48,False,41.16,288.21,2.28,,228.6,1200,False,0,2026-09-28 05:49:42.078546
c01723,ACA820  ,Canada,1790574575.0,1790574575,-10.0927,43.2813,11574.78,False,268.15,96.39,2.93,,11894.82,5732,False,0,2026-09-28 05:49:42.078546
ac4c21,SWA4445 ,United States,1790574574.0,1790574574,-78.8625,42.8387,967.74,False,90.6,43.85,-4.23,,952.5,6724,False,0,2026-09-28 05:49:42.078546
c0173a,ACA896  ,Canada,1790574574.0,1790574574,7.6155,47.8583,10668.0,False,255.78,104.2,0.0,,11125.2,2240,False,0,2026-09-28 05:49:42.078546
a44540,UAL1609 ,United States,1790574572.0,1790574574,-112.3033,37.8833,10972.8,False,195.69,282.76,0.0,,11445.24,,False,0,2026-09-28 05:49:42.078546
75044d,MAS1    ,Malaysia,1790574574.0,1790574574,83.0176,19.2713,12496.8,False,249.6,133.83,0.0,,13182.6,,False,0,2026-09-28 05:49:42.078546
c0173e,ACA1    ,Canada,1790574572.0,1790574573,142.8794,36.3319,10972.8,False,214.66,248.05,0.33,,11605.26,,False,0,2026-09-28 05:49:42.078546
8966bd,ETD3JK  ,United Arab Emirates,1790574574.0,1790574574,8.1977,51.1941,4991.1,False,185.83,298.98,-12.68,,5265.42,1000,False,0,2026-09-28 05:49:42.078546
4074b8,EZY32JH ,United Kingdom,1790574574.0,1790574574,-0.0325,50.6728,11277.6,False,210.22,143.86,0.0,,11567.16,0553,False,0,2026-09-28 05:49:42.078546
c01755,ACA894  ,Canada,1790574559.0,1790574559,-14.6375,51.8747,10675.62,False,263.09,119.52,0.0,,10675.62,,False,0,2026-09-28 05:49:42.078546
8966d3,ETD1    ,United Arab Emirates,1790574574.0,1790574575,5.2752,58.7558,10972.8,False,247.6,312.47,0.0,,11117.58,3560,False,0,2026-09-28 05:49:42.078546
8966d5,ETD2    ,United Arab Emirates,1790574574.0,1790574574,31.6584,37.3882,11277.6,False,271.11,126.98,-0.33,,11574.78,2267,False,0,2026-09-28 05:49:42.078546
a74ecc,DAL167  ,United States,1790574566.0,1790574571,139.7683,35.549,,True,0.0,151.88,,,,3720,False,0,2026-09-28 05:49:42.078546
750474,AXM867  ,Malaysia,1790574479.0,1790574480,101.3047,2.6412,1851.66,False,125.94,155.63,-7.8,,1973.58,,False,0,2026-09-28 05:49:42.078546
396446,AFR832  ,France,1790574574.0,1790574574,2.439,49.0201,396.24,False,73.82,85.2,-3.9,,518.16,5575,False,0,2026-09-28 05:49:42.078546
780e92,,China,1790574512.0,1790574519,117.4294,23.8655,7101.84,False,225.15,232.24,7.48,,7597.14,,False,0,2026-09-28 05:49:42.078546
396448,AFR191  ,France,1790574574.0,1790574575,7.8885,46.2305,12192.0,False,232.81,292.2,0.0,,12656.82,3257,False,0,2026-09-28 05:49:42.078546
c0172e,ACA126  ,Canada,1790574575.0,1790574575,-117.2017,49.3688,11277.6,False,259.54,85.57,0.0,,11414.76,7053,False,0,2026-09-28 05:49:42.078546
a44533,,United States,1790574284.0,1790574284,-84.4354,33.643,,True,0.0,270.0,,,,,False,0,2026-09-28 05:49:42.078546
780e8a,RLH6595 ,China,1790574569.0,1790574570,120.0348,37.8379,7802.88,False,204.23,229.09,0.0,,8107.68,,False,0,2026-09-28 05:49:42.078546
750464,AXM6264 ,Malaysia,1790574574.0,1790574574,116.0576,5.9479,,True,9.26,22.5,,,,,False,0,2026-09-28 05:49:42.078546
750467,AXM6418 ,Malaysia,1790574573.0,1790574574,102.4236,2.4163,8945.88,False,245.29,295.6,3.58,,9563.1,,False,0,2026-09-28 05:49:42.078546
750441,AXM5199 ,Malaysia,1790574558.0,1790574561,104.4484,3.4349,11582.4,False,248.27,267.15,0.0,,12344.4,,False,0,2026-09-28 05:49:42.078546
ab80a2,N840JA  ,United States,1790574574.0,1790574574,-117.9461,47.3395,2560.32,False,74.1,178.81,0.0,,2606.04,,False,0,2026-09-28 05:49:42.078546
780e9b,CHB6449 ,China,1790574574.0,1790574574,114.3658,22.6185,8869.68,False,231.89,107.03,0.0,,9525.0,6445,False,0,2026-09-28 05:49:42.078546
7c52f9,QLK87D  ,Australia,1790574575.0,1790574575,144.7744,-37.9656,4274.82,False,124.16,166.83,11.38,,4480.56,4343,False,0,2026-09-28 05:49:42.078546
750451,AXM451  ,Malaysia,1790574574.0,1790574574,104.7083,1.121,11590.02,False,239.02,315.78,0.0,,12359.64,,False,0,2026-09-28 05:49:42.078546
75043c,AXM5873 ,Malaysia,1790574467.0,1790574470,101.5943,2.8625,784.86,False,92.03,146.4,0.33,,822.96,,False,0,2026-09-28 05:49:42.078546
863c44,ANA2178 ,Japan,1790574574.0,1790574574,139.4916,33.2777,7612.38,False,227.2,85.06,2.28,,8107.68,0414,False,0,2026-09-28 05:49:42.078546
8966c7,ETD16   ,United Arab Emirates,1790574574.0,1790574574,34.3395,35.6135,11879.58,False,261.87,139.14,0.33,,12329.16,3742,False,0,2026-09-28 05:49:42.078546
8966c3,ETD47B  ,United Arab Emirates,1790574574.0,1790574574,11.9754,55.3221,10972.8,False,244.96,316.96,-0.33,,11338.56,1741,False,0,2026-09-28 05:49:42.078546
8966c4,ETD76T  ,United Arab Emirates,1790574574.0,1790574574,38.0069,32.937,11887.2,False,259.99,153.94,-0.33,,12466.32,,False,0,2026-09-28 05:49:42.078546
ac4c67,SWA1652 ,United States,1790574574.0,1790574574,-120.8922,43.738,11292.84,False,225.94,271.7,-4.88,,11521.44,0650,False,0,2026-09-28 05:49:42.078546
485bb5,PHIIX   ,Kingdom of the Netherlands,1790574574.0,1790574575,12.0235,48.9963,1996.44,False,57.03,285.16,0.0,,2164.08,4454,False,0,2026-09-28 05:49:42.078546
750413,AXM583  ,Malaysia,1790574575.0,1790574575,120.5071,14.0643,3718.56,False,176.44,224.41,10.08,,3985.26,,False,0,2026-09-28 05:49:42.078546
ac03e2,SWA2369 ,United States,1790574574.0,1790574574,-122.9615,45.0068,6591.3,False,214.07,178.62,10.08,,6705.6,6672,False,0,2026-09-28 05:49:42.078546
06e028,RWD700  ,Rwanda,1790574574.0,1790574574,6.6758,37.9988,11582.4,False,218.76,1.89,0.0,,12100.56,,False,0,2026-09-28 05:49:42.078546
84b3eb,APJ6103 ,Japan,1790574574.0,1790574574,135.2394,34.4509,,True,5.92,230.62,,,,,False,0,2026-09-28 05:49:42.078546
8966a7,ETD2G7  ,United Arab Emirates,1790574507.0,1790574542,49.7271,22.8241,9753.6,False,230.5,269.1,0.0,,10393.68,1733,False,0,2026-09-28 05:49:42.078546
4074e2,BAW220  ,United Kingdom,1790574572.0,1790574573,-61.5153,47.3366,12496.8,False,267.49,85.04,0.0,,12946.38,3554,False,0,2026-09-28 05:49:42.078546
479227,NOZ1870 ,Norway,1790574574.0,1790574574,10.937,55.4305,11277.6,False,220.17,176.11,0.0,,11605.26,0760,False,0,2026-09-28 05:49:42.078546
750420,MXD523  ,Malaysia,1790574574.0,1790574574,100.4146,11.6958,10058.4,False,238.0,191.09,0.0,,10721.34,,False,0,2026-09-28 05:49:42.078546
39b44e,DJT301  ,France,1790574573.0,1790574574,-13.8414,50.0034,11277.6,False,248.99,90.12,-0.33,,11361.42,,False,0,2026-09-28 05:49:42.078546
3474da,IBS16HZ ,Spain,1790574573.0,1790574574,-14.8395,28.3681,5646.42,False,200.23,55.04,10.73,,5996.94,,False,0,2026-09-28 05:49:42.078546
aab38f,SKW5244 ,United States,1790574569.0,1790574573,-104.6879,38.7918,,True,6.94,2.81,,,,5140,False,0,2026-09-28 05:49:42.078546
4cafc3,RYR8603 ,Ireland,1790574575.0,1790574575,15.3846,48.9013,11277.6,False,218.83,348.61,0.0,,11696.7,1231,False,0,2026-09-28 05:49:42.078546
4cafc4,RYR422B ,Ireland,1790574575.0,1790574575,-2.498,53.619,10668.0,False,201.86,155.13,0.0,,10805.16,0543,False,0,2026-09-28 05:49:42.078546
4cafc0,RYR49XN ,Ireland,1790574574.0,1790574574,-3.766,38.3754,10363.2,False,247.89,15.65,0.0,,10835.64,5063,False,0,2026-09-28 05:49:42.078546
4cafc1,RYR22UT ,Ireland,1790574574.0,1790574574,-9.0414,39.0859,2964.18,False,153.46,7.13,13.66,,3124.2,4411,False,0,2026-09-28 05:49:42.078546
4cafc2,RYR57HT ,Ireland,1790574574.0,1790574574,-5.5505,41.8883,10972.8,False,245.62,24.63,0.0,,11361.42,5447,False,0,2026-09-28 05:49:42.078546
48ada9,LOT7TX  ,Poland,1790574574.0,1790574574,24.9816,54.5243,2293.62,False,144.62,251.76,13.33,,2491.74,1000,False,0,2026-09-28 05:49:42.078546
48ada6,LOT4WE  ,Poland,1790574575.0,1790574575,9.6272,52.2509,9601.2,False,229.08,85.62,1.3,,9989.82,1000,False,0,2026-09-28 05:49:42.078546
48ada2,LOT2MB  ,Poland,1790574574.0,1790574575,18.4818,49.8379,10363.2,False,241.67,229.84,-0.33,,10713.72,1000,False,0,2026-09-28 05:49:42.078546
4cafcc,SAS94B  ,Ireland,1790574574.0,1790574575,15.449,59.1913,10355.58,False,206.03,236.51,7.48,,10637.52,6205,False,0,2026-09-28 05:49:42.078546
48ada1,LOT7MW  ,Poland,1790574574.0,1790574574,21.8375,48.8051,10972.8,False,204.88,357.99,0.0,,11315.7,5325,False,0,2026-09-28 05:49:42.078546
4cafd8,SAS683  ,Ireland,1790574574.0,1790574575,8.6997,46.9112,8328.66,False,217.87,190.06,-10.08,,8709.66,0746,False,0,2026-09-28 05:49:42.078546
0c21b5,CMP769  ,Panama,1790574575.0,1790574575,-69.9771,-2.1043,10668.0,False,236.53,128.47,0.0,,11391.9,,False,0,2026-09-28 05:49:42.078546
0c21b9,CMP820  ,Panama,1790574569.0,1790574569,-54.2356,-25.9536,10363.2,False,237.0,326.69,0.0,,10995.66,,False,0,2026-09-28 05:49:42.078546
4cafd0,RYR62WX ,Ireland,1790574565.0,1790574574,10.2675,39.8338,7139.94,False,203.8,219.88,-10.73,,7520.94,,False,0,2026-09-28 05:49:42.078546
4cafd2,RYR35PE ,Ireland,1790574514.0,1790574514,12.3002,45.4649,160.02,False,74.68,41.93,-4.55,,289.56,1000,False,0,2026-09-28 05:49:42.078546
780f20,CXA8032 ,China,1790574422.0,1790574574,123.8689,38.4519,9479.28,False,230.0,183.98,0.0,,9829.8,5347,False,0,2026-09-28 05:49:42.078546
0c21a5,CMP836  ,Panama,1790574522.0,1790574522,-61.5161,-29.2771,10363.2,False,221.76,340.77,0.0,,10957.56,,False,0,2026-09-28 05:49:42.078546
4cafb8,,Ireland,1790574552.0,1790574560,-0.9022,51.3905,8229.6,False,182.43,193.37,0.0,,8465.82,,False,0,2026-09-28 05:49:42.078546
4cafb4,RYR47QR ,Ireland,1790574574.0,1790574575,17.2983,47.1702,11277.6,False,209.38,0.0,0.0,,11681.46,1000,False,0,2026-09-28 05:49:42.078546
4cafb5,RYR1XD  ,Ireland,1790574574.0,1790574574,6.9289,49.3022,2087.88,False,128.1,269.54,-2.93,,2270.76,5762,False,0,2026-09-28 05:49:42.078546
4b2ccf,HBQZF   ,Switzerland,1790574574.0,1790574574,9.3865,47.3389,1120.14,False,2.3,296.57,,,,,False,0,2026-09-28 05:49:42.078546
40649f,SHT8B   ,United Kingdom,1790574574.0,1790574574,-2.0309,53.811,9753.6,False,236.14,335.0,0.0,,9913.62,7662,False,0,2026-09-28 05:49:42.078546
c03a90,WEN3739 ,Canada,1790574574.0,1790574574,-114.8733,50.9255,6507.48,False,134.25,255.8,6.18,,6591.3,,False,0,2026-09-28 05:49:42.078546
851cec,JAL572  ,Japan,1790574574.0,1790574574,140.3261,36.6201,4434.84,False,185.57,200.44,-14.31,,4762.5,,False,0,2026-09-28 05:49:42.078546
4076cc,BAW925  ,United Kingdom,1790574574.0,1790574574,1.3287,51.6069,6377.94,False,165.97,273.55,-6.5,,6591.3,4112,False,0,2026-09-28 05:49:42.078546
0c21fd,CMP808  ,Panama,1790574574.0,1790574574,-78.1192,29.5708,11277.6,False,253.7,5.35,0.0,,11826.24,3722,False,0,2026-09-28 05:49:42.078546
a5b55f,UAL1761 ,United States,1790574574.0,1790574574,-89.5333,34.8711,9753.6,False,249.58,189.85,0.0,,10180.32,6251,False,0,2026-09-28 05:49:42.078546
4caffb,ITY651  ,Ireland,1790574574.0,1790574574,11.0447,45.0207,11887.2,False,237.36,155.55,0.0,,12344.4,2273,False,0,2026-09-28 05:49:42.078546
a5fbdc,ASA1215 ,United States,1790574574.0,1790574574,-156.9563,20.9736,3070.86,False,172.3,265.72,-0.33,,3246.12,,False,0,2026-09-28 05:49:42.078546
780f44,CES559  ,China,1790574574.0,1790574574,126.4969,37.3747,495.3,False,72.36,324.84,-3.9,,525.78,3776,False,0,2026-09-28 05:49:42.078546
ad0074,JBU16   ,United States,1790574574.0,1790574574,-98.8571,41.3188,10645.14,False,256.03,81.33,2.28,,11079.48,3365,False,0,2026-09-28 05:49:42.078546
a98edc,CKS911  ,United States,1790574571.0,1790574575,-149.993,61.1748,,True,0.13,340.31,,,,,False,0,2026-09-28 05:49:42.078546
a324b0,SKW3954 ,United States,1790574574.0,1790574574,-123.0531,43.5058,5775.96,False,199.7,178.23,-8.78,,5897.88,4660,False,0,2026-09-28 05:49:42.078546
780f3d,CES586  ,China,1790574574.0,1790574574,144.2758,35.4785,10355.58,False,233.12,295.21,3.9,,10980.42,,False,0,2026-09-28 05:49:42.078546
04c3b4,5YPRC   ,Kenya,1790574574.0,1790574574,36.7218,-1.3322,1866.9,False,68.51,259.62,1.3,,1965.96,,False,0,2026-09-28 05:49:42.078546
7c67d0,USI     ,Australia,1790574574.0,1790574574,137.2212,-34.956,967.74,False,57.52,100.3,0.0,,1074.42,,False,0,2026-09-28 05:49:42.078546
0c21dc,CMP477  ,Panama,1790574574.0,1790574574,-100.1221,36.6325,10668.0,False,258.91,139.03,0.0,,11216.64,3315,False,0,2026-09-28 05:49:42.078546
7c67b7,URT     ,Australia,1790574574.0,1790574574,140.1329,-32.8983,5494.02,False,127.27,202.83,0.0,,5745.48,,False,0,2026-09-28 05:49:42.078546
4076b0,TOM12V  ,United Kingdom,1790574574.0,1790574574,5.7465,50.2946,12496.8,False,224.35,109.14,0.0,,12839.7,2151,False,0,2026-09-28 05:49:42.078546
851ca8,JAL611  ,Japan,1790574574.0,1790574574,134.0524,34.6672,7924.8,False,223.54,260.06,0.33,,8397.24,2154,False,0,2026-09-28 05:49:42.078546
400f2b,REV2140 ,United Kingdom,1790574574.0,1790574574,-1.4632,52.8567,1645.92,False,79.06,300.07,12.35,,1722.12,1414,False,0,2026-09-28 05:49:42.078546
4cafe8,RYR43CY ,Ireland,,1790574552,,,,False,182.43,193.37,0.0,,,,False,0,2026-09-28 05:49:42.078546
7000a1,AFG311  ,Afghanistan,1790574572.0,1790574574,75.6894,29.6322,8633.46,False,227.72,142.25,-6.5,,9052.56,,False,0,2026-09-28 05:49:42.078546
a23a02,UAL1770 ,United States,1790574149.0,1790574393,-107.6706,40.5174,10972.8,False,200.69,298.14,0.0,,11430.0,3672,False,0,2026-09-28 05:49:42.078546
4caff7,RYR13QY ,Ireland,1790574575.0,1790574575,1.498,45.4809,11277.6,False,211.61,194.07,0.0,,11696.7,0731,False,0,2026-09-28 05:49:42.078546
4caff8,RYR43CY ,Ireland,1790574574.0,1790574575,-0.9155,51.3556,8252.46,False,183.43,193.3,3.58,,8481.06,0556,False,0,2026-09-28 05:49:42.078546
3964ec,TVF38YC ,France,1790574574.0,1790574574,2.122,48.5614,3048.0,False,154.03,84.44,0.0,,3230.88,1000,False,0,2026-09-28 05:49:42.078546
3964eb,TVF39WB ,France,1790574574.0,1790574574,2.1073,44.9709,10363.2,False,229.68,4.63,0.0,,10789.92,1000,False,0,2026-09-28 05:49:42.078546
3964ea,TVF47ZN ,France,1790574574.0,1790574574,9.5281,43.0192,11582.4,False,226.69,291.85,0.0,,12047.22,1000,False,0,2026-09-28 05:49:42.078546
407796,EZY72FE ,United Kingdom,1790574574.0,1790574574,2.0044,51.0371,11887.2,False,226.24,112.6,0.0,,12199.62,3444,False,0,2026-09-28 05:49:42.078546
3007ee,AUA54B  ,Italy,1790574575.0,1790574575,14.5101,45.9735,10058.4,False,233.32,50.91,0.33,,10462.26,1000,False,0,2026-09-28 05:49:42.078546
3007ef,AUA550J ,Italy,1790574575.0,1790574575,16.3015,47.7346,4213.86,False,182.44,26.28,-6.18,,4465.32,1000,False,0,2026-09-28 05:49:42.078546
86804f,SKY015  ,Japan,1790574574.0,1790574575,137.8959,35.4338,10317.48,False,202.95,244.47,6.5,,10942.32,2277,False,0,2026-09-28 05:49:42.078546
407793,EZY85VK ,United Kingdom,1790574574.0,1790574575,-3.3901,49.7548,11277.6,False,198.15,184.47,0.0,,11536.68,5231,False,0,2026-09-28 05:49:42.078546
407794,EZY32GY ,United Kingdom,1790574574.0,1790574574,-0.3123,53.233,9852.66,False,233.87,101.8,5.2,,10066.02,2023,False,0,2026-09-28 05:49:42.078546
484b90,KLM1970 ,Kingdom of the Netherlands,1790574574.0,1790574574,7.8347,49.2536,12192.0,False,225.61,309.17,0.0,,12595.86,1000,False,0,2026-09-28 05:49:42.078546
aa0e62,AAL1288 ,United States,1790574574.0,1790574574,-80.8165,38.1967,10393.68,False,231.75,101.78,-4.23,,10759.44,,False,0,2026-09-28 05:49:42.078546
aad981,AAL61   ,United States,1790574574.0,1790574575,141.3358,35.7675,3139.44,False,136.38,268.49,-6.83,,3299.46,,False,0,2026-09-28 05:49:42.078546
86803d,SKY557  ,Japan,1790574445.0,1790574445,132.635,32.3774,12192.0,False,225.36,218.88,0.0,,12908.28,,False,0,2026-09-28 05:49:42.078546
86803a,SKY717  ,Japan,1790574574.0,1790574575,139.9825,36.9555,9265.92,False,248.4,11.59,8.45,,9738.36,2013,False,0,2026-09-28 05:49:42.078546
86803e,SKY714  ,Japan,1790574574.0,1790574575,141.7933,41.5593,8465.82,False,198.03,175.98,7.48,,8686.8,,False,0,2026-09-28 05:49:42.078546
48ae8b,,Poland,1790574374.0,1790574374,19.276,50.4849,11689.08,False,243.16,215.88,8.13,,,,False,0,2026-09-28 05:49:42.078546
010250,LMU668  ,Egypt,1790574573.0,1790574574,35.8357,30.4157,9441.18,False,201.97,217.13,-5.2,,9982.2,,False,0,2026-09-28 05:49:42.078546
4d005a,PC050   ,Luxembourg,1790574321.0,1790574321,6.1988,49.6217,,True,12.86,59.06,,,,,False,0,2026-09-28 05:49:42.078546
40643a,EZY53NP ,United Kingdom,1790574573.0,1790574573,-2.2813,53.3476,,True,0.0,199.69,,,,,False,0,2026-09-28 05:49:42.078546
3951e4,TJT81MK ,France,1790574574.0,1790574574,2.925,48.6447,1348.74,False,128.39,338.37,-9.43,,1485.9,1000,False,0,2026-09-28 05:49:42.078546
40643d,EZY21HF ,United Kingdom,1790574574.0,1790574574,-1.1824,51.4938,11239.5,False,195.3,156.07,4.23,,11490.96,7537,False,0,2026-09-28 05:49:42.078546
868056,JAL47   ,Japan,1790574574.0,1790574574,-160.3211,67.5777,10668.0,False,258.75,16.99,0.0,,10279.38,,False,0,2026-09-28 05:49:42.078546
881051,NOK173  ,Thailand,1790574573.0,1790574573,100.5957,14.3375,975.36,False,98.36,156.25,-0.98,,1005.84,,False,0,2026-09-28 05:49:42.078546
406442,EZY43WR ,United Kingdom,1790574574.0,1790574574,-2.8948,48.2379,11277.6,False,198.29,196.27,-0.33,,11574.78,2253,False,0,2026-09-28 05:49:42.078546
406444,EZY856  ,United Kingdom,1790574574.0,1790574574,-2.2824,54.0599,11582.4,False,179.83,185.42,-0.33,,11711.94,1250,False,0,2026-09-28 05:49:42.078546
881055,NOK503  ,Thailand,1790574574.0,1790574574,100.6501,13.9934,464.82,False,64.21,208.21,-2.93,,441.96,,False,0,2026-09-28 05:49:42.078546
881054,NOK543  ,Thailand,1790574570.0,1790574573,100.2247,13.7079,3360.42,False,133.78,91.1,-4.23,,3512.82,,False,0,2026-09-28 05:49:42.078546
33ffc0,IAM3182 ,Italy,1790574519.0,1790574519,9.2645,45.4607,,True,9.26,270.0,,,,5170,False,0,2026-09-28 05:49:42.078546
346291,AEA44EP ,Spain,1790574530.0,1790574530,-3.5626,40.4889,,True,7.72,45.0,,,,,False,0,2026-09-28 05:49:42.078546
484b6e,TRA71U  ,Kingdom of the Netherlands,1790574574.0,1790574574,0.1716,48.1041,11277.6,False,206.08,222.57,0.0,,11612.88,7113,False,0,2026-09-28 05:49:42.078546
406440,EZY91FG ,United Kingdom,1790574574.0,1790574575,-2.6574,49.05,10668.0,False,207.3,153.94,-0.33,,10957.56,0544,False,0,2026-09-28 05:49:42.078546
3964e4,TVF58FP ,France,1790574574.0,1790574574,3.0933,47.5842,9837.42,False,200.22,156.53,8.13,,10210.8,7557,False,0,2026-09-28 05:49:42.078546
3964e1,TVF78UR ,France,1790574574.0,1790574574,1.7602,44.4121,5143.5,False,157.64,201.04,-11.38,,5433.06,1000,False,0,2026-09-28 05:49:42.078546
868089,SKY012  ,Japan,1790574573.0,1790574573,133.3819,33.8675,10058.4,False,259.49,71.03,0.0,,10690.86,,False,0,2026-09-28 05:49:42.078546
48ae86,LOT2163 ,Poland,1790574575.0,1790574575,14.9393,48.1704,11887.2,False,228.22,233.8,0.0,,12306.3,1000,False,0,2026-09-28 05:49:42.078546
3964e9,TVF70DS ,France,1790574274.0,1790574274,13.1617,38.7261,3970.02,False,165.86,164.71,-7.8,,4259.58,1000,False,0,2026-09-28 05:49:42.078546
48ae83,LOT341  ,Poland,1790574574.0,1790574574,18.8929,50.1403,12192.0,False,237.07,215.1,0.0,,12565.38,1000,False,0,2026-09-28 05:49:42.078546
48ae80,LOT35E  ,Poland,1790574575.0,1790574575,20.6322,51.9589,2796.54,False,168.23,244.85,13.98,,2971.8,,False,0,2026-09-28 05:49:42.078546
01025b,MSC303  ,Egypt,1790574573.0,1790574574,30.9469,33.369,11582.4,False,241.47,357.68,0.0,,12077.7,6123,False,0,2026-09-28 05:49:42.078546
01025d,MSR987  ,Egypt,1790574574.0,1790574574,14.7564,43.9435,10972.8,False,244.84,311.76,0.0,,11430.0,2015,False,0,2026-09-28 05:49:42.078546
01025f,RSX318  ,Egypt,,1790574573,,,10797.54,False,1134.49,298.61,0.0,,,7401,False,0,2026-09-28 05:49:42.078546
7c4203,VOZ425  ,Australia,1790574575.0,1790574575,141.1156,-34.9816,11887.2,False,244.88,90.12,0.0,,12207.24,,False,0,2026-09-28 05:49:42.078546
3964f0,TVF8859 ,France,1790574574.0,1790574575,3.8898,47.4667,10363.2,False,227.12,328.15,0.0,,10767.06,1000,False,0,2026-09-28 05:49:42.078546
3964f4,TVF52FQ ,France,1790574574.0,1790574574,-7.7669,37.3368,5067.3,False,165.6,8.94,13.66,,5326.38,5450,False,0,2026-09-28 05:49:42.078546
3951c2,AFR6720 ,France,1790574574.0,1790574574,-87.4862,36.027,10972.8,False,249.3,218.55,0.0,,11391.9,0721,False,0,2026-09-28 05:49:42.078546
7c4209,VOZ1859 ,Australia,1790574574.0,1790574574,115.9645,-31.9424,,True,14.4,194.06,,,,3765,False,0,2026-09-28 05:49:42.078546
01020b,MSR783  ,Egypt,1790574575.0,1790574575,10.2939,46.3504,11574.78,False,233.87,306.59,0.0,,12024.36,2752,False,0,2026-09-28 05:49:42.078546
abe65a,AAL2994 ,United States,1790574574.0,1790574574,-110.0101,34.6334,10972.8,False,197.43,240.5,0.0,,11582.4,6506,False,0,2026-09-28 05:49:42.078546
ab967b,DAL2418 ,United States,1790574574.0,1790574574,-114.7524,47.4349,9555.48,False,210.61,272.52,-5.2,,9723.12,,False,0,2026-09-28 05:49:42.078546
7503c4,AXM5107 ,Malaysia,1790574385.0,1790574385,101.4049,2.6841,2103.12,False,141.91,330.46,0.0,,2286.0,,False,0,2026-09-28 05:49:42.078546
7503d6,BNE5005 ,Malaysia,1790574516.0,1790574516,104.5523,3.0712,10972.8,False,253.35,285.31,0.0,,11704.32,,False,0,2026-09-28 05:49:42.078546
347588,IBS16XP ,Spain,1790574574.0,1790574574,0.5862,39.3388,9319.26,False,241.7,86.58,-13.66,,9829.8,1000,False,0,2026-09-28 05:49:42.078546
a4dd35,SKW3113 ,United States,1790574570.0,1790574570,-117.183,32.7309,,True,2.57,106.88,,,,,False,0,2026-09-28 05:49:42.078546
a4dd1b,REH6    ,United States,1790574574.0,1790574574,-122.2006,38.8881,853.44,False,67.77,120.07,-3.9,,830.58,,False,0,2026-09-28 05:49:42.078546
010237,NMA7141 ,Egypt,1790574573.0,1790574574,29.2292,35.4046,10668.0,False,259.73,135.32,0.0,,11033.76,7412,False,0,2026-09-28 05:49:42.078546
e34e60,,Argentina,,1790574374,,,,False,743.54,315.0,,,,,False,0,2026-09-28 05:49:42.078546
a564ab,AAL2654 ,United States,1790574574.0,1790574574,-106.1759,34.3812,10668.0,False,277.94,91.8,-0.33,,11308.08,,False,0,2026-09-28 05:49:42.078546
3007a9,TJD650  ,Italy,1790574575.0,1790574575,11.8865,42.4511,3909.06,False,184.79,135.23,-6.5,,4168.14,1000,False,0,2026-09-28 05:49:42.078546
868038,SKY185  ,Japan,1790574573.0,1790574574,139.2341,36.1019,8534.4,False,205.51,220.23,0.0,,8991.6,2013,False,0,2026-09-28 05:49:42.078546
484b32,KLM55C  ,Kingdom of the Netherlands,1790574574.0,1790574574,7.9054,54.0431,11277.6,False,254.61,51.07,0.33,,11635.74,3134,False,0,2026-09-28 05:49:42.078546
346355,VLG6YG  ,Spain,1790574575.0,1790574575,1.1565,48.3273,11582.4,False,250.69,18.55,-0.33,,11932.92,1000,False,0,2026-09-28 05:49:42.078546
346350,VOE1409 ,Spain,1790574574.0,1790574574,11.4147,41.9148,10668.0,False,221.5,165.06,0.0,,11125.2,,False,0,2026-09-28 05:49:42.078546
abd1e3,SWA656  ,United States,1790574270.0,1790574270,-115.1485,36.0796,,True,7.72,334.69,,,,3363,False,0,2026-09-28 05:49:42.078546
4b1a23,EJU16BQ ,Switzerland,1790574574.0,1790574574,-0.6361,42.424,11269.98,False,204.55,201.08,0.0,,11727.18,1000,False,0,2026-09-28 05:49:42.078546
4792a6,NOZ1KV  ,Norway,1790574574.0,1790574574,10.9304,61.8338,10203.18,False,186.04,194.57,-10.4,,10386.06,,False,0,2026-09-28 05:49:42.078546
a2061e,UAL285  ,United States,1790574569.0,1790574571,132.9083,35.9341,12184.38,False,197.76,267.32,-0.33,,12809.22,3263,False,0,2026-09-28 05:49:42.078546
7c6813,UUD     ,Australia,1790574574.0,1790574575,145.1049,-37.9965,175.26,False,33.39,146.31,4.55,,304.8,3000,False,0,2026-09-28 05:49:42.078546
a7f4ef,UAL901  ,United States,1790574575.0,1790574575,-0.6088,51.7358,2712.72,False,136.26,104.88,-4.88,,2827.02,7642,False,0,2026-09-28 05:49:42.078546
adaa1c,N98PM   ,United States,1790574427.0,1790574427,-103.2996,35.3761,4823.46,False,115.82,281.01,0.0,,5090.16,,False,0,2026-09-28 05:49:42.078546
485e2e,KLM602  ,Kingdom of the Netherlands,1790574574.0,1790574574,-3.8589,55.1386,11887.2,False,252.24,121.06,0.33,,11932.92,6253,False,0,2026-09-28 05:49:42.078546
485e49,LIFELN3 ,Kingdom of the Netherlands,1790574571.0,1790574573,5.6884,51.6686,114.3,False,41.83,343.57,2.93,,205.74,,False,0,2026-09-28 05:49:42.078546
4d24a1,VJT409  ,Malta,1790574574.0,1790574574,8.8616,45.8524,6637.02,False,186.69,151.53,-3.9,,6995.16,1000,False,0,2026-09-28 05:49:42.078546
a0899e,N13365  ,United States,1790574574.0,1790574574,-158.0857,21.2959,60.96,False,28.41,54.58,-3.58,,114.3,,False,0,2026-09-28 05:49:42.078546
84b4b7,APJ273  ,Japan,1790574474.0,1790574487,127.9138,26.22,2026.92,False,125.43,190.16,-5.2,,2148.84,,False,0,2026-09-28 05:49:42.078546
750526,EXCEL05M,Malaysia,1790574574.0,1790574574,102.2703,2.296,175.26,False,53.67,209.27,-2.28,,182.88,,False,0,2026-09-28 05:49:42.078546
4b1a2d,EZS62TJ ,Switzerland,1790574574.0,1790574574,-1.7206,47.0084,876.3,False,94.57,27.54,-5.53,,990.6,1000,False,0,2026-09-28 05:49:42.078546
4b1a2f,EZS25QK ,Switzerland,1790574574.0,1790574574,-1.109,43.0532,11887.2,False,201.54,234.77,0.33,,12306.3,5756,False,0,2026-09-28 05:49:42.078546
8464f4,ANA646  ,Japan,1790574574.0,1790574574,139.865,35.6697,762.0,False,79.78,215.02,-3.9,,784.86,7362,False,0,2026-09-28 05:49:42.078546
48ae07,LOT3TE  ,Poland,1790574574.0,1790574574,-9.4364,53.3742,12489.18,False,271.3,85.87,0.0,,12504.42,2246,False,0,2026-09-28 05:49:42.078546
48ae02,LOT5T   ,Poland,1790574574.0,1790574574,0.8491,60.7507,12489.18,False,253.48,121.3,0.0,,12466.32,,False,0,2026-09-28 05:49:42.078546
4b1a2a,EZS98FK ,Switzerland,1790574574.0,1790574575,-3.4414,42.3182,11285.22,False,201.45,239.96,0.0,,11696.7,6742,False,0,2026-09-28 05:49:42.078546
48ae00,LOT57V  ,Poland,1790574575.0,1790574575,9.9363,53.8095,12489.18,False,258.71,99.5,0.0,,12847.32,1000,False,0,2026-09-28 05:49:42.078546
4b1a2c,EZS1369 ,Switzerland,1790574574.0,1790574574,-2.6873,42.5199,11894.82,False,197.69,244.9,0.33,,12313.92,1000,False,0,2026-09-28 05:49:42.078546
4b1a37,EZS37UH ,Switzerland,1790574574.0,1790574574,20.7083,40.657,11277.6,False,239.87,133.0,0.0,,11658.6,0227,False,0,2026-09-28 05:49:42.078546
780eb3,        ,China,1790574572.0,1790574572,120.3384,22.5728,,True,3.6,92.81,,,,,False,0,2026-09-28 05:49:42.078546
4b1a1e,EZS12XR ,Switzerland,1790574574.0,1790574574,12.8221,44.2066,10668.0,False,224.61,103.24,0.0,,11125.2,5745,False,0,2026-09-28 05:49:42.078546
780eb9,CSZ8697 ,China,1790574574.0,1790574574,114.9072,22.8001,6096.0,False,200.88,263.53,-11.38,,6507.48,6311,False,0,2026-09-28 05:49:42.078546
4b1a1f,EZS74KY ,Switzerland,1790574574.0,1790574574,19.4239,47.2038,1485.9,False,123.28,75.5,-6.5,,1676.4,1000,False,0,2026-09-28 05:49:42.078546
4b1a1b,EJU53LX ,Switzerland,1790574574.0,1790574574,-0.2464,38.6642,4198.62,False,169.74,254.53,-5.53,,4495.8,1000,False,0,2026-09-28 05:49:42.078546
4b1a24,EZS76MH ,Switzerland,1790574574.0,1790574574,-2.3435,36.9567,11277.6,False,209.33,213.07,0.33,,11826.24,5705,False,0,2026-09-28 05:49:42.078546
4b1a25,EZS79YP ,Switzerland,1790574574.0,1790574574,-4.4907,41.8824,11269.98,False,206.62,242.73,0.0,,11696.7,5755,False,0,2026-09-28 05:49:42.078546
346317,LAV980P ,Spain,1790574574.0,1790574574,8.7209,45.6244,,True,9.77,168.75,,,,,False,0,2026-09-28 05:49:42.078546
4b1a26,EZS57JY ,Switzerland,1790574574.0,1790574574,1.1799,50.9802,2575.56,False,145.31,317.73,-4.88,,2727.96,5747,False,0,2026-09-28 05:49:42.078546
4b1a27,EZS73TU ,Switzerland,1790574574.0,1790574574,11.7427,54.2878,9136.38,False,231.66,18.52,-4.88,,9532.62,6722,False,0,2026-09-28 05:49:42.078546
347645,IBB1    ,Spain,1790574574.0,1790574574,-14.9347,28.6108,6781.8,False,200.29,31.77,9.43,,7178.04,,False,0,2026-09-28 05:49:42.078546
4b1a29,EZS92DC ,Switzerland,1790574575.0,1790574575,11.879,45.3191,11574.78,False,222.24,89.87,0.0,,12039.6,5752,False,0,2026-09-28 05:49:42.078546
346316,IBE04RD ,Spain,1790574574.0,1790574574,-3.4689,41.4003,7315.2,False,202.53,22.4,0.0,,7665.72,3406,False,0,2026-09-28 05:49:42.078546
01028e,NMA7191 ,Egypt,1790574531.0,1790574556,31.1724,31.2627,10050.78,False,218.8,170.94,0.0,,10561.32,3343,False,0,2026-09-28 05:49:42.078546
780ec2,AMU116  ,China,1790574180.0,1790574260,115.2258,21.8043,7475.22,False,215.22,61.6,9.75,,8031.48,,False,0,2026-09-28 05:49:42.078546
4d24ca,RYR623K ,Malta,1790574574.0,1790574574,2.4856,48.716,11582.4,False,236.06,68.52,0.0,,11948.16,5313,False,0,2026-09-28 05:49:42.078546
507c48,UZB271  ,Uzbekistan,1790574390.0,1790574392,44.6968,40.2605,10972.8,False,216.03,259.57,0.0,,11414.76,2057,False,0,2026-09-28 05:49:42.078546
4b1a65,EZS49KC ,Switzerland,1790574570.0,1790574570,17.4397,42.4758,11277.6,False,231.33,120.61,0.0,,11704.32,5725,False,0,2026-09-28 05:49:42.078546
4d24cc,RYR2094 ,Malta,1790574574.0,1790574574,12.5759,46.0042,11582.4,False,229.59,316.18,0.0,,12039.6,0507,False,0,2026-09-28 05:49:42.078546
4b1a67,EZS23QB ,Switzerland,1790574572.0,1790574573,17.9636,43.1714,10668.0,False,239.91,129.08,0.0,,11071.86,0233,False,0,2026-09-28 05:49:42.078546
aa74ff,N773JL  ,United States,1790574574.0,1790574574,132.0637,32.351,14325.6,False,223.65,242.61,0.33,,15049.5,,False,0,2026-09-28 05:49:42.078546
4d24d6,WZZ5654 ,Malta,1790574575.0,1790574575,21.8771,48.6902,10668.0,False,248.16,174.29,0.0,,11010.9,5565,False,0,2026-09-28 05:49:42.078546
4d24d7,WMT3796 ,Malta,1790574574.0,1790574575,2.4015,41.2876,2590.8,False,131.35,338.16,-5.2,,2788.92,1735,False,0,2026-09-28 05:49:42.078546
780ebb,CES719  ,China,1790574574.0,1790574574,132.886,33.8739,8846.82,False,258.87,95.36,0.0,,9403.08,3140,False,0,2026-09-28 05:49:42.078546
39c82b,PEA501  ,France,1790574574.0,1790574574,8.2425,44.9398,6301.74,False,161.29,86.71,-7.8,,6644.64,1000,False,0,2026-09-28 05:49:42.078546
47809f,WIF4CF  ,Norway,1790574574.0,1790574574,20.3677,69.8189,4572.0,False,120.26,78.4,0.0,,4587.24,,False,0,2026-09-28 05:49:42.078546
4d24d4,WMT471  ,Malta,1790574574.0,1790574574,25.035,37.8402,10660.38,False,252.33,131.03,0.0,,11010.9,0243,False,0,2026-09-28 05:49:42.078546
c05efc,JZA349  ,Canada,1790574561.0,1790574561,-122.903,50.0361,5486.4,False,166.94,3.18,0.65,,5570.22,0302,False,0,2026-09-28 05:49:42.078546
346303,IBE05TR ,Spain,1790574574.0,1790574574,-6.3641,39.5551,10066.02,False,208.92,240.66,-0.33,,10492.74,2675,False,0,2026-09-28 05:49:42.078546
4d24de,KMM784  ,Malta,1790574574.0,1790574574,27.684,40.9068,2887.98,False,153.96,92.49,-8.45,,3017.52,6567,False,0,2026-09-28 05:49:42.078546
7c6843,NWK6230 ,Australia,1790574574.0,1790574574,135.3596,-37.0853,11269.98,False,237.11,100.63,0.0,,11605.26,,False,0,2026-09-28 05:49:42.078546
010292,MSC3613 ,Egypt,1790574574.0,1790574574,16.752,52.4355,213.36,False,64.6,107.14,-3.25,,350.52,7322,False,0,2026-09-28 05:49:42.078546
010288,MSR985  ,Egypt,1790574546.0,1790574573,15.2575,43.6082,11582.4,False,243.66,312.18,0.0,,12001.5,2043,False,0,2026-09-28 05:49:42.078546
7c6847,        ,Australia,1790574574.0,1790574574,115.9634,-31.9382,,True,6.43,334.69,,,,1034,False,0,2026-09-28 05:49:42.078546
400db2,EZY36TR ,United Kingdom,1790574567.0,1790574574,-0.1749,51.1585,,True,0.9,348.75,,,,,False,0,2026-09-28 05:49:42.078546
4d24ae,WMT9KE  ,Malta,1790574272.0,1790574273,19.0055,36.4129,11277.6,False,242.8,121.13,0.0,,11719.56,4303,False,0,2026-09-28 05:49:42.078546
4d24af,WZZ4AG  ,Malta,1790574574.0,1790574574,12.6407,42.8557,10972.8,False,232.46,266.45,0.33,,11460.48,7344,False,0,2026-09-28 05:49:42.078546
478097,WIF3LP  ,Norway,1790574573.0,1790574574,11.089,60.2067,,True,0.06,289.69,,,,,False,0,2026-09-28 05:49:42.078546
400db1,EZY394A ,United Kingdom,1790574574.0,1790574574,0.0893,51.3443,4008.12,False,173.61,342.59,22.11,,4130.04,0222,False,0,2026-09-28 05:49:42.078546
478095,WIF4XL  ,Norway,1790574482.0,1790574493,14.2142,67.264,403.86,False,58.66,105.26,-3.9,,388.62,,False,0,2026-09-28 05:49:42.078546
4d24c0,ICL842  ,Malta,1790574574.0,1790574574,9.8743,49.1571,11277.6,False,240.13,123.55,0.0,,11681.46,7134,False,0,2026-09-28 05:49:42.078546
478090,WIF64M  ,Norway,1790574574.0,1790574574,11.0806,60.1969,335.28,False,59.92,195.95,10.4,,396.24,,False,0,2026-09-28 05:49:42.078546
4d24b4,WMT482  ,Malta,1790574545.0,1790574545,12.6612,55.624,,True,8.23,39.38,,,,7367,False,0,2026-09-28 05:49:42.078546
a4460f,UAL2219 ,United States,1790574574.0,1790574574,-65.9667,18.6536,2019.3,False,145.18,357.77,9.75,,2103.12,,False,0,2026-09-28 05:49:42.078546
4d24b5,WMT8DQ  ,Malta,1790574543.0,1790574543,17.8089,42.3649,11285.22,False,241.29,123.08,0.0,,11719.56,0471,False,0,2026-09-28 05:49:42.078546
76cef5,SIA894  ,Singapore,1790574301.0,1790574302,104.5601,3.8596,10972.8,False,238.54,40.8,0.0,,11719.56,0165,False,0,2026-09-28 05:49:42.078546
4d24b0,WMT5QD  ,Malta,1790574574.0,1790574574,4.3109,45.367,11277.6,False,211.62,255.36,0.0,,11742.42,1000,False,0,2026-09-28 05:49:42.078546
76cef9,SIA286  ,Singapore,1790574574.0,1790574575,151.1418,-26.4169,10363.2,False,238.25,298.5,0.0,,10759.44,0211,False,0,2026-09-28 05:49:42.078546
4d24b2,WMT2JA  ,Malta,1790574567.0,1790574572,7.6123,51.5157,,True,0.0,329.06,,,,,False,0,2026-09-28 05:49:42.078546
461e21,FIN5R   ,Finland,1790573799.0,1790574572,21.2318,58.1033,11582.4,False,217.9,224.9,0.0,,11849.1,6507,False,0,2026-09-28 05:49:42.078546
76ceef,,Singapore,1790574565.0,1790574566,115.6024,38.3437,5394.96,False,187.5,26.57,0.0,,5562.6,,False,0,2026-09-28 05:49:42.078546
76ceed,SIA321  ,Singapore,1790574355.0,1790574396,78.7024,26.2853,10058.4,False,260.94,142.61,0.0,,10660.38,,False,0,2026-09-28 05:49:42.078546
abf949,SWA1347 ,United States,1790574574.0,1790574574,-108.2179,36.2857,10972.8,False,190.03,249.06,0.33,,11551.92,1341,False,0,2026-09-28 05:49:42.078546
461e1c,FIN8KF  ,Finland,1790574575.0,1790574575,20.8537,59.0254,12496.8,False,242.14,55.74,-0.33,,12755.88,0212,False,0,2026-09-28 05:49:42.078546
461e1d,FIN9KC  ,Finland,1790574574.0,1790574574,14.1992,50.0937,403.86,False,58.24,65.47,-3.25,,541.02,6020,False,0,2026-09-28 05:49:42.078546
4d24ba,KMM100A ,Malta,1790574574.0,1790574574,13.796,36.4969,7162.8,False,208.59,324.23,10.08,,7536.18,6561,False,0,2026-09-28 05:49:42.078546
461e1b,FIN5AN  ,Finland,1790574574.0,1790574574,4.122,51.1387,11148.06,False,247.67,37.49,2.93,,11490.96,3356,False,0,2026-09-28 05:49:42.078546
a44610,UAL367  ,United States,1790574574.0,1790574575,-95.8057,40.1162,10363.2,False,227.38,270.0,0.0,,10805.16,1767,False,0,2026-09-28 05:49:42.078546
ab962d,ASA1319 ,United States,1790574574.0,1790574574,-108.0077,45.7985,10972.8,False,213.05,271.52,0.0,,11277.6,,False,0,2026-09-28 05:49:42.078546
4b1a5f,EZS51PA ,Switzerland,1790574574.0,1790574574,1.2134,50.3319,7490.46,False,213.56,315.88,-11.7,,7802.88,5764,False,0,2026-09-28 05:49:42.078546
47808b,WIF5E   ,Norway,1790574574.0,1790574575,10.9495,60.4883,2385.06,False,124.11,87.39,-5.2,,2484.12,,False,0,2026-09-28 05:49:42.078546
347604,AEA175  ,Spain,1790574575.0,1790574575,-59.9845,12.7857,11582.4,False,246.59,239.26,-0.33,,12283.44,,False,0,2026-09-28 05:49:42.078546
507c4b,UZB423  ,Uzbekistan,1790574575.0,1790574575,75.561,29.8029,10195.56,False,236.19,133.32,-3.25,,10698.48,,False,0,2026-09-28 05:49:42.078546
75058b,MXD7237 ,Malaysia,1790574537.0,1790574537,101.5202,3.1804,266.7,False,70.14,149.11,-3.25,,533.4,,False,0,2026-09-28 05:49:42.078546
75058c,MAS751  ,Malaysia,1790574281.0,1790574282,101.6651,2.8332,411.48,False,74.7,143.68,-3.25,,434.34,,False,0,2026-09-28 05:49:42.078546
a6863b,N5197R  ,United States,1790574574.0,1790574574,-120.7469,39.2272,2720.34,False,61.27,40.91,-1.3,,2743.2,4552,False,0,2026-09-28 05:49:42.078546
c05eb1,ACA158  ,Canada,1790574557.0,1790574557,-83.6131,46.3056,10066.02,False,246.75,130.26,0.0,,10416.54,,False,0,2026-09-28 05:49:42.078546
4075df,EZY82DN ,United Kingdom,1790574575.0,1790574575,4.7255,50.3156,11292.84,False,233.59,115.15,0.33,,11681.46,4714,False,0,2026-09-28 05:49:42.078546
780f7a,CSN6754 ,China,1790574573.0,1790574574,120.7473,26.2102,9784.08,False,237.77,208.28,0.0,,10507.98,,False,0,2026-09-28 05:49:42.078546
ac17e6,AAL714  ,United States,1790574574.0,1790574574,-5.9146,52.6565,11879.58,False,260.35,112.66,0.0,,11963.4,5264,False,0,2026-09-28 05:49:42.078546
7c66f1,UMB     ,Australia,1790574574.0,1790574574,145.3241,-38.1404,1066.8,False,53.65,104.44,1.95,,1188.72,1200,False,0,2026-09-28 05:49:42.078546
c05eac,ACA159  ,Canada,1790574307.0,1790574420,-100.8727,47.2434,10363.2,False,213.61,291.62,0.33,,10668.0,2261,False,0,2026-09-28 05:49:42.078546
461e15,FIN8AX  ,Finland,1790574574.0,1790574574,14.5033,57.4835,9448.8,False,253.18,48.05,0.0,,9784.08,7121,False,0,2026-09-28 05:49:42.078546
461e16,FIN50C  ,Finland,1790574565.0,1790574565,9.997,53.6327,,True,5.66,95.62,,,,3515,False,0,2026-09-28 05:49:42.078546
4075e0,EZY36MQ ,United Kingdom,1790574574.0,1790574575,7.768,49.3544,11285.22,False,237.91,109.85,0.0,,11711.94,4707,False,0,2026-09-28 05:49:42.078546
c05ee5,ACA226  ,Canada,1790574573.0,1790574573,-24.0093,51.1287,,True,0.0,95.62,,,,,False,0,2026-09-28 05:49:42.078546
ab1a1e,VXP466  ,United States,1790574327.0,1790574327,-82.5337,27.9844,,True,4.63,213.75,,,,2640,False,0,2026-09-28 05:49:42.078546
300979,VND001G ,Italy,1790574558.0,1790574558,17.7103,42.4519,13716.0,False,242.12,127.58,0.0,,14104.62,0266,False,0,2026-09-28 05:49:42.078546
75056a,,Malaysia,1790574574.0,1790574574,104.9856,0.8089,12192.0,False,249.81,281.4,0.0,,12969.24,,False,0,2026-09-28 05:49:42.078546
ac04c5,SKW4712 ,United States,1790574568.0,1790574569,-101.0134,38.554,11277.6,False,265.85,118.3,0.0,,11818.62,3730,False,0,2026-09-28 05:49:42.078546
4d24eb,RYR8KM  ,Malta,1790574574.0,1790574574,4.6687,49.9737,11887.2,False,230.3,125.82,0.0,,12260.58,2711,False,0,2026-09-28 05:49:42.078546
750593,MXD804  ,Malaysia,1790574572.0,1790574574,103.3155,1.8322,7315.2,False,215.16,297.79,0.0,,7795.26,0104,False,0,2026-09-28 05:49:42.078546
4d24fe,ETD159  ,Malta,1790574574.0,1790574574,21.2646,49.2752,11582.4,False,222.98,6.09,0.0,,11940.54,2254,False,0,2026-09-28 05:49:42.078546
c01860,JZA846  ,Canada,1790574575.0,1790574575,-123.3947,46.6744,10530.84,False,263.97,178.77,6.5,,10744.2,7020,False,0,2026-09-28 05:49:42.078546
750591,MAS710  ,Malaysia,1790574574.0,1790574574,103.4607,1.5712,10972.8,False,238.91,327.58,-0.33,,11711.94,2414,False,0,2026-09-28 05:49:42.078546
400e4a,EXS81CG ,United Kingdom,1790574574.0,1790574575,0.6767,48.3663,11887.2,False,208.32,164.39,-0.33,,12214.86,5221,False,0,2026-09-28 05:49:42.078546
4075c3,UBT796  ,United Kingdom,1790574572.0,1790574574,10.2363,2.2618,10972.8,False,247.45,359.76,-0.33,,11719.56,,False,0,2026-09-28 05:49:42.078546
0c20f6,CMP841  ,Panama,1790574574.0,1790574574,-48.4728,-21.2205,10370.82,False,242.08,324.69,0.33,,10980.42,,False,0,2026-09-28 05:49:42.078546
750585,AXM882  ,Malaysia,1790574574.0,1790574574,100.6924,14.0693,815.34,False,81.71,204.95,0.0,,815.34,,False,0,2026-09-28 05:49:42.078546
300956,IXIAN   ,Italy,1790574541.0,1790574543,9.5587,45.9302,1546.86,False,22.78,341.57,-2.93,,1714.5,,False,0,2026-09-28 05:49:42.078546
aab1af,SWA2827 ,United States,1790574574.0,1790574575,-122.0304,47.6446,3025.14,False,148.29,221.77,-2.6,,3063.24,,False,0,2026-09-28 05:49:42.078546
750554,MAS788  ,Malaysia,1790574574.0,1790574574,100.421,10.9801,10363.2,False,205.84,1.43,0.0,,,,False,0,2026-09-28 05:49:42.078546
750555,MAS2621 ,Malaysia,1790574574.0,1790574574,101.8208,2.8267,3695.7,False,132.27,235.94,-2.93,,3924.3,,False,0,2026-09-28 05:49:42.078546
a62fd1,SWA1459 ,United States,1790574575.0,1790574575,-105.7004,39.9761,7993.38,False,206.83,274.14,0.65,,8382.0,3707,False,0,2026-09-28 05:49:42.078546
4a0ca6,YRCEF   ,Romania,1790574575.0,1790574575,25.2756,45.6574,3657.6,False,74.81,322.26,0.0,,3810.0,,False,0,2026-09-28 05:49:42.078546
3461cf,VOE3LL  ,Spain,1790574574.0,1790574574,2.358,48.7248,,True,7.2,84.38,,,,,False,0,2026-09-28 05:49:42.078546
3461ce,VOE1GJ  ,Spain,1790574575.0,1790574575,3.1964,45.4037,11285.22,False,237.84,125.58,0.0,,11711.94,1000,False,0,2026-09-28 05:49:42.078546
750530,AXM8013 ,Malaysia,1790574574.0,1790574574,103.9923,2.8591,11590.02,False,251.3,267.42,0.0,,12352.02,,False,0,2026-09-28 05:49:42.078546
750532,RMY640  ,Malaysia,1790574284.0,1790574284,116.0526,5.9431,,True,2.83,112.5,,,,,False,0,2026-09-28 05:49:42.078546
4075ff,BAW456  ,United Kingdom,1790574574.0,1790574574,-1.9331,50.2023,10500.36,False,201.26,197.55,6.83,,10774.68,5254,False,0,2026-09-28 05:49:42.078546
4075fd,SHT7B   ,United Kingdom,1790574574.0,1790574575,-0.9676,51.8604,4450.08,False,140.37,148.64,-5.85,,4602.48,5165,False,0,2026-09-28 05:49:42.078546
4075fe,BAW591  ,United Kingdom,1790574574.0,1790574574,8.7243,45.6065,,True,8.75,129.38,,,,,False,0,2026-09-28 05:49:42.078546
48aca8,SPLFI   ,Poland,1790574572.0,1790574574,19.7224,51.3615,365.76,False,48.81,32.52,0.65,,548.64,,False,0,2026-09-28 05:49:42.078546
75053f,MAS623  ,Malaysia,1790574575.0,1790574575,102.7805,1.8205,7620.0,False,207.32,126.73,-0.33,,8130.54,,False,0,2026-09-28 05:49:42.078546
750546,AXM8544 ,Malaysia,1790574574.0,1790574574,116.1086,6.0731,701.04,False,82.69,203.85,-0.33,,800.1,,False,0,2026-09-28 05:49:42.078546
750544,MAS125  ,Malaysia,1790574574.0,1790574574,116.4353,-31.0574,5074.92,False,162.84,198.61,-7.48,,5166.36,2120,False,0,2026-09-28 05:49:42.078546
7c68b8,QLK1828 ,Australia,1790574574.0,1790574575,151.6651,-24.463,10363.2,False,229.53,324.67,0.0,,10797.54,4777,False,0,2026-09-28 05:49:42.078546
4d2515,WET11A  ,Malta,1790574255.0,1790574274,10.8919,56.0291,876.3,False,72.43,106.5,0.0,,990.6,5476,False,0,2026-09-28 05:49:42.078546
7c68b6,QLK1885 ,Australia,1790574574.0,1790574574,152.3137,-26.5119,6842.76,False,201.91,141.93,-10.73,,7185.66,,False,0,2026-09-28 05:49:42.078546
4d2518,RYR87MC ,Malta,1790574407.0,1790574409,13.5223,43.7327,845.82,False,111.68,224.81,-5.53,,982.98,0125,False,0,2026-09-28 05:49:42.078546
7504a1,AXM236  ,Malaysia,1790574238.0,1790574264,115.0767,21.0193,9364.98,False,230.75,160.19,3.9,,10058.4,,False,0,2026-09-28 05:49:42.078546
40749a,BAW33   ,United Kingdom,1790574574.0,1790574574,85.9059,19.9617,11887.2,False,249.51,132.08,-0.33,,12595.86,7501,False,0,2026-09-28 05:49:42.078546
4d2526,,Malta,,1790574322,,,,False,179.91,10.38,-9.43,,,,False,0,2026-09-28 05:49:42.078546
4caeaf,NOS35RC ,Ireland,1790574574.0,1790574574,11.2009,38.4113,11887.2,False,238.14,174.79,0.0,,12336.78,0411,False,0,2026-09-28 05:49:42.078546
7c68a5,QLK1992 ,Australia,1790574574.0,1790574574,150.7885,-34.1201,3055.62,False,157.7,61.34,-1.63,,3261.36,7204,False,0,2026-09-28 05:49:42.078546
7504b5,AXM1624 ,Malaysia,1790574571.0,1790574572,116.0793,6.8668,3459.48,False,172.16,172.79,-10.4,,3741.42,,False,0,2026-09-28 05:49:42.078546
4d2527,WZZ2Z   ,Malta,1790572635.0,1790574573,18.7958,51.5626,10972.8,False,212.15,347.11,0.33,,11361.42,5240,False,0,2026-09-28 05:49:42.078546
4d2528,WMT3574 ,Malta,1790574574.0,1790574574,27.9073,40.8256,10668.0,False,225.33,109.06,0.0,,10957.56,3724,False,0,2026-09-28 05:49:42.078546
4d2529,WZZ85PF ,Malta,1790574574.0,1790574574,8.7122,52.0097,7741.92,False,202.61,257.83,-7.48,,8115.3,1000,False,0,2026-09-28 05:49:42.078546
84b772,ANA904  ,Japan,1790574572.0,1790574574,124.9406,37.1287,9448.8,False,282.97,86.46,0.0,,9883.14,4472,False,0,2026-09-28 05:49:42.078546
4caeb3,ITY6MO  ,Ireland,1790574574.0,1790574575,10.2558,42.7471,6819.9,False,218.8,97.16,-7.8,,7178.04,1000,False,0,2026-09-28 05:49:42.078546
84b75d,APJ272  ,Japan,1790574455.0,1790574455,139.0339,38.9404,11277.6,False,267.75,35.06,0.0,,11780.52,2175,False,0,2026-09-28 05:49:42.078546
aa735a,SWA509  ,United States,1790574574.0,1790574574,-104.6838,39.8727,,True,9.77,180.0,,,,2602,False,0,2026-09-28 05:49:42.078546
86e40e,JAL408  ,Japan,1790574574.0,1790574574,138.8421,36.8907,9685.02,False,289.67,80.91,-5.85,,10218.42,3152,False,0,2026-09-28 05:49:42.078546
7c68a2,QLK1984 ,Australia,1790574552.0,1790574552,153.1236,-27.3822,,True,4.63,300.94,,,,4477,False,0,2026-09-28 05:49:42.078546
400aff,EFW9RZ  ,United Kingdom,1790574574.0,1790574575,-0.3446,51.1274,990.6,False,116.45,257.5,8.45,,1089.66,0560,False,0,2026-09-28 05:49:42.078546
400afc,EFW3ZA  ,United Kingdom,1790574574.0,1790574574,-1.3219,50.827,6073.14,False,187.74,206.35,12.35,,6271.26,5403,False,0,2026-09-28 05:49:42.078546
4d2507,EWG3WD  ,Malta,1790574574.0,1790574574,-3.3318,45.6647,10675.62,False,212.44,225.2,0.0,,11018.52,1000,False,0,2026-09-28 05:49:42.078546
a3359b,SHR07   ,United States,1790574178.0,1790574417,51.3177,25.1903,152.4,False,75.11,179.61,-4.88,,731.52,6565,False,0,2026-09-28 05:49:42.078546
84b77f,APJ504  ,Japan,1790574575.0,1790574575,141.3975,35.1627,3474.72,False,142.18,311.19,-1.63,,3657.6,2230,False,0,2026-09-28 05:49:42.078546
4d253b,EWG5LC  ,Malta,1790574574.0,1790574574,2.7484,41.3156,2743.2,False,147.38,226.56,-2.93,,2964.18,1000,False,0,2026-09-28 05:49:42.078546
4caee6,RYR47FK ,Ireland,1790574575.0,1790574575,-1.8675,53.3989,11277.6,False,243.79,102.31,-0.65,,11445.24,0552,False,0,2026-09-28 05:49:42.078546
4caee7,RYR59PZ ,Ireland,1790574574.0,1790574575,-3.0157,49.036,11887.2,False,213.26,149.72,0.0,,12146.28,5220,False,0,2026-09-28 05:49:42.078546
4caee8,RYR8AL  ,Ireland,1790574574.0,1790574575,0.4932,51.8333,4983.48,False,203.26,76.39,9.1,,5151.12,3454,False,0,2026-09-28 05:49:42.078546
4caee5,RYR7HJ  ,Ireland,1790574574.0,1790574574,4.8944,50.5876,1676.4,False,126.15,245.42,-3.25,,1821.18,1000,False,0,2026-09-28 05:49:42.078546
76bd44,TGW625  ,Singapore,1790574573.0,1790574573,103.1953,3.6589,11323.32,False,242.37,149.52,-5.85,,12085.32,,False,0,2026-09-28 05:49:42.078546
76bd46,TGW874  ,Singapore,1790574574.0,1790574574,120.8367,24.9021,4716.78,False,171.1,42.81,-8.45,,5036.82,,False,0,2026-09-28 05:49:42.078546
76bd47,,Singapore,1790574481.0,1790574481,104.5175,2.8926,7993.38,False,224.25,227.23,-4.55,,,,False,0,2026-09-28 05:49:42.078546
4caef8,,Ireland,,1790574530,,,,False,181.81,193.25,1.3,,,,False,0,2026-09-28 05:49:42.078546
71ba13,JJA507  ,Republic of Korea,1790574574.0,1790574574,128.9499,35.1683,,True,0.0,295.31,,,,,False,0,2026-09-28 05:49:42.078546
4d2536,WZZ6ZB  ,Malta,1790574575.0,1790574575,2.9919,51.9539,7917.18,False,188.9,263.75,-4.88,,8206.74,6605,False,0,2026-09-28 05:49:42.078546
71ba11,ABL8028 ,Republic of Korea,1790574574.0,1790574574,127.2045,37.0416,3337.56,False,147.85,352.6,-8.13,,3451.86,5133,False,0,2026-09-28 05:49:42.078546
a82540,N624BP  ,United States,1790574563.0,1790574573,-0.7731,51.2803,,True,0.0,331.88,,,,,False,0,2026-09-28 05:49:42.078546
71ba17,JNA223  ,Republic of Korea,1790574571.0,1790574571,131.7823,35.5096,9448.8,False,282.09,78.85,3.58,,9616.44,,False,0,2026-09-28 05:49:42.078546
71ba16,JNA736  ,Republic of Korea,1790574567.0,1790574572,126.5669,37.1958,800.1,False,105.98,53.69,0.0,,830.58,6240,False,0,2026-09-28 05:49:42.078546
71ba15,JNA358  ,Republic of Korea,1790574574.0,1790574575,126.4797,37.0513,2606.04,False,117.87,314.29,-4.88,,2697.48,6133,False,0,2026-09-28 05:49:42.078546
4d2532,WZZ5ZY  ,Malta,1790574574.0,1790574574,18.5662,48.3703,5715.0,False,177.95,256.97,-10.73,,6004.56,1000,False,0,2026-09-28 05:49:42.078546
4d2533,WMT7SN  ,Malta,1790574574.0,1790574574,-1.7112,40.0204,7863.84,False,190.93,299.19,-9.43,,8282.94,1000,False,0,2026-09-28 05:49:42.078546
4d251b,RYR8VH  ,Malta,1790574574.0,1790574574,0.5646,42.8615,10668.0,False,219.07,192.34,0.0,,11117.58,1000,False,0,2026-09-28 05:49:42.078546
4d251d,RYR19KX ,Malta,1790574574.0,1790574575,0.9364,51.1404,11582.4,False,231.73,315.63,0.0,,11856.72,5723,False,0,2026-09-28 05:49:42.078546
7c68ce,QLK1929 ,Australia,1790574574.0,1790574574,153.1713,-27.2704,464.82,False,79.15,207.06,-4.55,,632.46,,False,0,2026-09-28 05:49:42.078546
ac5e01,SWA898  ,United States,1790574574.0,1790574574,-116.9008,36.9368,10386.06,False,232.41,318.05,-5.2,,10797.54,,False,0,2026-09-28 05:49:42.078546
71ba06,KAL032  ,Republic of Korea,1790574574.0,1790574574,143.4765,36.9733,10972.8,False,217.72,265.66,0.0,,11574.78,,False,0,2026-09-28 05:49:42.078546
71ba05,KAL086  ,Republic of Korea,1790574574.0,1790574574,-76.5338,43.7483,9144.0,False,253.74,337.59,0.0,,9456.42,1741,False,0,2026-09-28 05:49:42.078546
71ba04,KAL034  ,Republic of Korea,1790574574.0,1790574574,137.6485,36.5663,9753.6,False,220.7,270.0,0.65,,10294.62,3165,False,0,2026-09-28 05:49:42.078546
4caeca,RYR5486 ,Ireland,1790574574.0,1790574574,-8.2057,37.9564,5676.9,False,209.47,178.31,-6.18,,5974.08,3343,False,0,2026-09-28 05:49:42.078546
4caecb,RYR36PL ,Ireland,1790574574.0,1790574574,-3.7815,55.3388,6568.44,False,201.71,157.03,8.78,,6621.78,0564,False,0,2026-09-28 05:49:42.078546
4caecc,RYR4ZZ  ,Ireland,1790574574.0,1790574574,-7.5034,51.9456,11247.12,False,197.4,206.63,3.9,,11315.7,2267,False,0,2026-09-28 05:49:42.078546
4d252a,WZZ463H ,Malta,1790574574.0,1790574574,0.2654,53.3448,9966.96,False,195.72,278.77,-3.25,,10203.18,2204,False,0,2026-09-28 05:49:42.078546
4d252b,WMT769  ,Malta,1790574574.0,1790574574,20.862,51.8983,2560.32,False,152.37,328.67,-6.18,,2758.44,1000,False,0,2026-09-28 05:49:42.078546
84b73b,APJ199  ,Japan,1790574570.0,1790574574,134.2123,33.9742,8138.16,False,196.25,227.44,8.45,,8663.94,,False,0,2026-09-28 05:49:42.078546
4ab241,SCT214  ,Sweden,1790574574.0,1790574574,17.8732,62.5701,9448.8,False,192.35,15.67,-0.33,,9677.4,1000,False,0,2026-09-28 05:49:42.078546
347288,IBE05VA ,Spain,1790574575.0,1790574575,-2.5576,41.0598,6812.28,False,201.49,185.27,-4.88,,7147.56,1000,False,0,2026-09-28 05:49:42.078546
a4b7d3,AAL2211 ,United States,1790574572.0,1790574573,-112.0015,33.4369,,True,0.0,267.19,,,,7215,False,0,2026-09-28 05:49:42.078546
8479bc,JAL510  ,Japan,1790574573.0,1790574574,140.4505,36.802,5471.16,False,177.27,210.14,-8.78,,5737.86,,False,0,2026-09-28 05:49:42.078546
a24a0a,ASA228  ,United States,1790574567.0,1790574573,-130.8029,54.0397,10972.8,False,212.76,318.14,0.0,,10911.84,,False,0,2026-09-28 05:49:42.078546
a191a9,N20WL   ,United States,1790574296.0,1790574296,7.5725,50.3177,441.96,False,58.68,328.26,-7.15,,586.74,7000,False,0,2026-09-28 05:49:42.078546
ac2952,DAL2672 ,United States,1790574519.0,1790574555,-117.2051,32.736,10637.52,False,0.0,272.81,,,,6576,False,0,2026-09-28 05:49:42.078546
347259,AVA097  ,Spain,1790574514.0,1790574514,-76.2164,-15.3624,11887.2,False,244.33,165.12,0.0,,12664.44,,False,0,2026-09-28 05:49:42.078546
4932a4,NJE969A ,Portugal,1790574574.0,1790574574,1.5511,40.7066,11551.92,False,198.76,348.81,4.88,,12054.84,5312,False,0,2026-09-28 05:49:42.078546
347258,VOE8MP  ,Spain,1790574411.0,1790574411,1.3775,43.6274,,True,0.9,53.44,,,,1000,False,0,2026-09-28 05:49:42.078546
4932a2,NJE786G ,Portugal,1790574574.0,1790574575,17.3895,50.6001,12496.8,False,218.23,57.81,0.0,,12870.18,1000,False,0,2026-09-28 05:49:42.078546
347257,VOE1CV  ,Spain,1790574574.0,1790574575,2.3702,41.3961,655.32,False,107.48,247.49,0.0,,784.86,1000,False,0,2026-09-28 05:49:42.078546
485b42,,Kingdom of the Netherlands,1790574332.0,1790574332,4.7554,52.3143,,True,8.23,81.56,,,,,False,0,2026-09-28 05:49:42.078546
485b44,KLM872  ,Kingdom of the Netherlands,1790574574.0,1790574574,14.7618,48.5895,11582.4,False,239.44,284.3,-0.33,,12031.98,3232,False,0,2026-09-28 05:49:42.078546
a837a5,UAL1001 ,United States,1790574542.0,1790574545,-97.6725,30.2003,,False,0.0,0.0,0.0,,,,False,0,2026-09-28 05:49:42.078546
7c4394,NMU     ,Australia,1790574574.0,1790574574,143.7493,-38.353,518.16,False,52.79,307.87,0.33,,662.94,1200,False,0,2026-09-28 05:49:42.078546
aa1e03,CSB507  ,United States,1790574574.0,1790574574,-93.8537,31.0379,11582.4,False,240.82,230.46,0.0,,12199.62,6761,False,0,2026-09-28 05:49:42.078546
a37d8a,DAL2068 ,United States,1790574574.0,1790574574,-73.8585,40.7689,,True,0.06,132.19,,,,,False,0,2026-09-28 05:49:42.078546
40745e,TOM243  ,United Kingdom,1790574574.0,1790574574,-8.2664,52.9932,11948.16,False,280.38,79.0,-3.58,,11963.4,7724,False,0,2026-09-28 05:49:42.078546
7504cd,XAX533  ,Malaysia,1790574573.0,1790574573,119.3919,20.5461,12192.0,False,245.55,225.25,0.0,,13007.34,,False,0,2026-09-28 05:49:42.078546
406135,EZY69HM ,United Kingdom,1790574574.0,1790574574,7.0406,49.52,11887.2,False,223.52,122.12,0.33,,12291.06,0541,False,0,2026-09-28 05:49:42.078546
7504eb,AXM5113 ,Malaysia,1790574574.0,1790574574,115.9001,5.8544,2057.4,False,129.64,258.56,12.68,,2217.42,,False,0,2026-09-28 05:49:42.078546
4a0d12,AWG724T ,Romania,1790574574.0,1790574574,27.5417,43.9609,7810.5,False,220.6,126.66,6.5,,8031.48,4501,False,0,2026-09-28 05:49:42.078546
a12a80,UAL1779 ,United States,1790574574.0,1790574574,-79.9832,42.5965,10058.4,False,241.32,86.09,0.0,,10408.92,6255,False,0,2026-09-28 05:49:42.078546
a12a82,UAL1459 ,United States,1790574574.0,1790574574,-65.835,17.0154,9753.6,False,233.57,320.63,0.0,,10347.96,,False,0,2026-09-28 05:49:42.078546
33fca3,IAM3143 ,Italy,1790574574.0,1790574574,9.288,47.5177,11582.4,False,261.9,353.68,-0.33,,12009.12,1000,False,0,2026-09-28 05:49:42.078546
7504c3,AXM101  ,Malaysia,1790574299.0,1790574334,100.4272,5.9675,11574.78,False,227.85,346.69,-0.33,,12352.02,,False,0,2026-09-28 05:49:42.078546
7504c4,AXM171  ,Malaysia,1790574501.0,1790574539,133.5608,33.5175,9425.94,False,218.58,234.29,3.9,,10050.78,,False,0,2026-09-28 05:49:42.078546
7504ac,AXM884  ,Malaysia,1790574575.0,1790574575,102.0748,2.6795,5379.72,False,192.58,92.45,7.8,,5715.0,,False,0,2026-09-28 05:49:42.078546
347219,IBE06SF ,Spain,1790574568.0,1790574568,-3.5727,40.4877,,True,12.86,270.0,,,,1000,False,0,2026-09-28 05:49:42.078546
7504aa,AXM1510 ,Malaysia,1790574574.0,1790574574,129.8607,33.6403,3619.5,False,177.37,354.17,-2.93,,3825.24,,False,0,2026-09-28 05:49:42.078546
348544,AEA17AZ ,Spain,1790574574.0,1790574574,-1.6094,43.8172,11582.4,False,255.19,16.75,0.0,,11986.26,1000,False,0,2026-09-28 05:49:42.078546
348541,AEA92LU ,Spain,1790574574.0,1790574574,-1.6291,43.5425,11582.4,False,257.97,33.53,0.0,,11993.88,1000,False,0,2026-09-28 05:49:42.078546
7c4369,NLN     ,Australia,1790574572.0,1790574573,150.0984,-35.8689,281.94,False,56.1,137.97,-3.58,,441.96,,False,0,2026-09-28 05:49:42.078546
86e452,JAL67   ,Japan,1790574574.0,1790574574,143.9929,36.6881,9753.6,False,225.75,248.76,-0.33,,10325.1,,False,0,2026-09-28 05:49:42.078546
4caf27,RYR49JV ,Ireland,1790574574.0,1790574574,7.2894,51.3998,11277.6,False,236.94,114.23,0.0,,11666.22,4614,False,0,2026-09-28 05:49:42.078546
4caf29,RYR6KW  ,Ireland,1790574574.0,1790574574,-4.5074,47.4616,11277.6,False,201.89,194.46,0.0,,11559.54,2014,False,0,2026-09-28 05:49:42.078546
a07304,N128SK  ,United States,1790574574.0,1790574574,-96.2329,37.0827,12161.52,False,281.65,114.04,-15.61,,12687.3,3520,False,0,2026-09-28 05:49:42.078546
4caf1d,ITY2014 ,Ireland,1790574574.0,1790574574,9.2782,45.4564,,True,5.66,0.0,,,,1000,False,0,2026-09-28 05:49:42.078546
735024,TBZ6617 ,Islamic Republic of Iran,1790574573.0,1790574573,31.4146,41.1821,8976.36,False,227.34,275.32,-5.2,,9250.68,,False,0,2026-09-28 05:49:42.078546
461b31,,Finland,,1790574338,,,,False,202.78,208.32,-12.03,,,,False,0,2026-09-28 05:49:42.078546
424b86,SSZ5    ,United Kingdom,1790574573.0,1790574573,-2.613,49.4347,,True,2.57,90.0,,,,,False,0,2026-09-28 05:49:42.078546
8a0a13,UBG217  ,Indonesia,1790574575.0,1790574575,97.8485,16.044,10058.4,False,235.08,128.42,0.0,,11391.9,4777,False,0,2026-09-28 05:49:42.078546
347302,BCS9236 ,Spain,1790574574.0,1790574574,23.9863,39.2971,10363.2,False,203.69,340.83,0.0,,10721.34,,False,0,2026-09-28 05:49:42.078546
a8bd1b,QXE2023 ,United States,1790574574.0,1790574574,-122.748,44.2016,7421.88,False,182.05,4.05,-7.48,,7559.04,1731,False,0,2026-09-28 05:49:42.078546
400b83,SHT3T   ,United Kingdom,1790574574.0,1790574574,-2.2891,53.3689,,True,1.03,225.0,,,,,False,0,2026-09-28 05:49:42.078546
780fd2,CSZ9096 ,China,1790574484.0,1790574491,118.8233,25.0377,9479.28,False,232.76,47.96,0.33,,10172.7,,False,0,2026-09-28 05:49:42.078546
a9a7d0,FFT3999 ,United States,1790574574.0,1790574574,-121.8355,37.4698,2133.6,False,121.24,263.18,0.0,,2148.84,2233,False,0,2026-09-28 05:49:42.078546
780fd5,CSN6915 ,China,1790574574.0,1790574574,115.1853,40.2578,4053.84,False,208.04,100.98,-10.73,,4152.9,,False,0,2026-09-28 05:49:42.078546
a01ca5,SKW5252 ,United States,1790574344.0,1790574344,-97.2235,49.9092,,True,6.17,101.25,,,,,False,0,2026-09-28 05:49:42.078546
4b2c71,HBQVP   ,Switzerland,1790574574.0,1790574574,7.4056,47.0702,1371.6,False,0.73,225.0,,,,7000,False,0,2026-09-28 05:49:42.078546
780fe2,CCA144  ,China,1790574575.0,1790574575,125.4828,37.4008,7642.86,False,188.32,268.9,12.68,,7947.66,4134,False,0,2026-09-28 05:49:42.078546
780fe1,CCA4020 ,China,1790574489.0,1790574489,119.851,37.7031,7193.28,False,184.79,231.22,0.0,,7467.6,,False,0,2026-09-28 05:49:42.078546
780fe0,CCA138  ,China,1790574568.0,1790574574,124.194,37.2683,9174.48,False,190.97,237.77,-0.33,,9578.34,0142,False,0,2026-09-28 05:49:42.078546
adcd6d,JBU413  ,United States,1790574515.0,1790574515,-108.2602,40.6205,10370.82,False,188.56,254.98,0.0,,10797.54,3406,False,0,2026-09-28 05:49:42.078546
76bcc4,TGW180  ,Singapore,1790574574.0,1790574574,114.0666,21.7535,12527.28,False,244.59,4.46,0.0,,13380.72,,False,0,2026-09-28 05:49:42.078546
4d23b6,ANE2383 ,Malta,1790574575.0,1790574575,-1.4858,38.8907,5143.5,False,107.02,232.03,2.6,,5448.3,0252,False,0,2026-09-28 05:49:42.078546
76bcc7,TGW17   ,Singapore,1790574573.0,1790574574,105.7476,-6.3399,11757.66,False,247.79,342.36,-9.1,,12550.14,,False,0,2026-09-28 05:49:42.078546
7c4316,NJC     ,Australia,1790574574.0,1790574574,116.1414,-31.8474,906.78,False,91.32,239.53,0.0,,937.26,7230,False,0,2026-09-28 05:49:42.078546
348609,AEA9156 ,Spain,1790574574.0,1790574574,-5.3892,40.078,9585.96,False,197.39,222.25,7.48,,9989.82,2663,False,0,2026-09-28 05:49:42.078546
ad7d9f,ASA69   ,United States,1790574387.0,1790574389,-134.5821,58.3583,,True,0.51,0.0,,,,,False,0,2026-09-28 05:49:42.078546
348603,ANE14LZ ,Spain,1790574574.0,1790574574,-3.6691,40.7051,2552.7,False,150.61,6.28,8.13,,2743.2,3443,False,0,2026-09-28 05:49:42.078546
a01cec,N106VU  ,United States,1790574574.0,1790574574,-84.5184,37.974,701.04,False,57.25,184.12,3.58,,701.04,,False,0,2026-09-28 05:49:42.078546
780fde,CCA1551 ,China,1790574319.0,1790574319,117.3744,36.6316,9479.28,False,235.88,170.33,-0.33,,9936.48,,False,0,2026-09-28 05:49:42.078546
c05ba9,WJA748  ,Canada,1790574574.0,1790574574,-113.9806,51.0259,1836.42,False,127.44,147.53,9.75,,1828.8,,False,0,2026-09-28 05:49:42.078546
4caf78,,Ireland,1790574563.0,1790574563,-0.9087,51.3734,8229.6,False,182.43,193.37,0.0,,8465.82,,False,0,2026-09-28 05:49:42.078546
a6f7ba,VJA548  ,United States,1790574575.0,1790574575,-118.8852,33.918,5829.3,False,150.37,272.55,21.46,,6027.42,7207,False,0,2026-09-28 05:49:42.078546
ac01fc,FDX5236 ,United States,1790574574.0,1790574574,-150.0067,61.1804,,True,8.75,165.94,,,,,False,0,2026-09-28 05:49:42.078546
4d23c3,CXI7W   ,Malta,1790574574.0,1790574574,17.7278,43.5771,11277.6,False,254.21,141.0,0.0,,11681.46,1343,False,0,2026-09-28 05:49:42.078546
7c4306,NIW     ,Australia,1790574574.0,1790574574,145.8439,-38.605,754.38,False,54.99,296.09,-1.3,,899.16,,False,0,2026-09-28 05:49:42.078546
881058,NOK125  ,Thailand,1790574520.0,1790574520,100.2274,15.4744,9380.22,False,202.23,169.89,-8.45,,12016.74,4566,False,0,2026-09-28 05:49:42.078546
881057,NOK523  ,Thailand,1790574574.0,1790574574,100.2644,13.7079,4686.3,False,148.35,346.16,-6.5,,4922.52,,False,0,2026-09-28 05:49:42.078546
3deb84,DHJLC   ,Germany,1790574400.0,1790574400,8.667,50.5757,,True,0.0,272.81,,,,4444,False,0,2026-09-28 05:49:42.078546
ab4fae,DAL128  ,United States,1790574574.0,1790574574,-11.4177,43.3237,10363.2,False,263.7,99.21,0.33,,10614.66,3471,False,0,2026-09-28 05:49:42.078546
c02876,CJT1808 ,Canada,1790574565.0,1790574569,131.5167,34.4995,10668.0,False,265.78,53.82,0.0,,11300.46,3234,False,0,2026-09-28 05:49:42.078546
a1d018,N216DA  ,United States,1790574574.0,1790574574,-81.6022,30.6665,1539.24,False,66.88,30.51,0.0,,1569.72,,False,0,2026-09-28 05:49:42.078546
3ff732,DMSSF   ,Germany,1790574574.0,1790574574,11.948,51.5886,2301.24,False,64.19,206.15,,,,4404,False,0,2026-09-28 05:49:42.078546
4d23f8,RYR37   ,Malta,1790571540.0,1790574573,22.3926,51.6663,11277.6,False,542.2,356.52,0.0,,,1753,False,0,2026-09-28 05:49:42.078546
4d23ea,CAI46NY ,Malta,1790574574.0,1790574575,19.5268,44.8797,11277.6,False,244.59,127.74,0.0,,11643.36,7713,False,0,2026-09-28 05:49:42.078546
a9a901,DAL556  ,United States,1790574574.0,1790574574,-102.0629,36.8927,11277.6,False,265.5,79.84,0.0,,11833.86,7714,False,0,2026-09-28 05:49:42.078546
a4b96d,SKW3108 ,United States,1790574574.0,1790574574,-117.1784,32.7298,,True,0.77,106.88,,,,,False,0,2026-09-28 05:49:42.078546
4d23fc,RYR76HR ,Malta,1790574574.0,1790574574,13.1673,47.9319,10972.8,False,221.25,341.14,0.0,,11407.14,3711,False,0,2026-09-28 05:49:42.078546
4d23fd,RYR644  ,Malta,1790574574.0,1790574574,-1.0245,39.0794,6515.1,False,204.33,198.34,16.26,,6842.76,0266,False,0,2026-09-28 05:49:42.078546
a1099f,SKW5415 ,United States,1790574575.0,1790574575,-123.055,42.1526,10668.0,False,247.51,178.69,0.0,,10904.22,3553,False,0,2026-09-28 05:49:42.078546
a25cdc,SKW3756 ,United States,1790574574.0,1790574575,-111.9965,40.7835,1363.98,False,81.0,175.63,16.26,,1363.98,,False,0,2026-09-28 05:49:42.078546
8a0a89,PAS142  ,Indonesia,1790574574.0,1790574574,106.7474,-6.0419,838.2,False,136.78,45.0,13.98,,906.78,,False,0,2026-09-28 05:49:42.078546
a1801c,SKW3005 ,United States,1790574492.0,1790574533,-117.2021,32.7338,7688.58,False,0.0,143.44,,,,2601,True,0,2026-09-28 05:49:42.078546
8a0a84,TNU661  ,Indonesia,1790574574.0,1790574574,104.0194,0.4283,10972.8,False,215.6,348.72,0.0,,11704.32,,False,0,2026-09-28 05:49:42.078546
4d23f0,AEZ419P ,Malta,1790574574.0,1790574574,11.8932,40.934,8008.62,False,188.18,350.72,-5.2,,8420.1,1000,False,0,2026-09-28 05:49:42.078546
7c67f7,UTL     ,Australia,1790574307.0,1790574313,153.4213,-27.9661,0.0,False,18.55,160.56,-4.88,,152.4,1200,False,0,2026-09-28 05:49:42.078546
c01505,00000000,Canada,1790574564.0,1790574564,-79.6148,43.6801,,True,0.06,315.0,,,,,False,0,2026-09-28 05:49:42.078546
71ce09,HL9609  ,Republic of Korea,1790574575.0,1790574575,126.88,37.3833,632.46,False,75.22,127.5,-0.65,,662.94,1207,False,0,2026-09-28 05:49:42.078546
ac27f0,SWA4406 ,United States,1790574574.0,1790574574,-119.3591,34.4564,10363.2,False,236.61,317.11,0.0,,10805.16,6070,False,0,2026-09-28 05:49:42.078546
39b22e,CMA840  ,France,1790574571.0,1790574571,24.7551,43.1459,11277.6,False,256.87,108.33,0.0,,11582.4,0662,False,0,2026-09-28 05:49:42.078546
8a0a3e,TNU673  ,Indonesia,1790574575.0,1790574575,101.7019,2.9282,3063.24,False,141.83,325.79,0.0,,3246.12,,False,0,2026-09-28 05:49:42.078546
a49ce2,ATN3330 ,United States,1790574574.0,1790574574,-93.0034,38.6675,10363.2,False,232.63,265.82,0.0,,10789.92,6641,False,0,2026-09-28 05:49:42.078546
a4ffb7,DAL110  ,United States,1790574549.0,1790574562,-74.8316,12.3805,11582.4,False,247.02,342.92,0.0,,12329.16,0625,False,0,2026-09-28 05:49:42.078546
ab3d6f,EJA823  ,United States,1790574574.0,1790574574,-99.112,38.0426,13106.4,False,220.49,265.05,-0.33,,13693.14,5652,False,0,2026-09-28 05:49:42.078546
8a0a44,PAS603  ,Indonesia,1790574569.0,1790574569,106.8506,-5.9453,3291.84,False,141.87,256.37,-5.2,,3512.82,,False,0,2026-09-28 05:49:42.078546
4072a4,TOM7NJ  ,United Kingdom,1790574574.0,1790574574,3.8074,50.5521,12496.8,False,227.65,114.71,0.0,,12824.46,3442,False,0,2026-09-28 05:49:42.078546
4072a5,TOM9GK  ,United Kingdom,1790574574.0,1790574574,0.9826,49.5474,12496.8,False,219.93,140.31,0.0,,12793.98,7313,False,0,2026-09-28 05:49:42.078546
7c41d9,FD227   ,Australia,1790574574.0,1790574575,150.7681,-33.9752,601.98,False,87.3,45.0,-0.33,,777.24,3723,False,0,2026-09-28 05:49:42.078546
ad34aa,N950AC  ,United States,1790574574.0,1790574575,-117.1224,33.7171,1684.02,False,46.94,170.54,0.65,,1691.64,4764,True,0,2026-09-28 05:49:42.078546
abd135,SWA1588 ,United States,1790574570.0,1790574570,-104.6596,39.865,,True,7.72,90.0,,,,,False,0,2026-09-28 05:49:42.078546
84b86d,APJ652  ,Japan,1790574574.0,1790574574,135.6619,36.4882,8839.2,False,273.38,70.2,0.0,,9326.88,,False,0,2026-09-28 05:49:42.078546
4d2402,WZZ9389 ,Malta,1790574574.0,1790574575,2.544,51.9236,7368.54,False,188.95,263.59,-4.88,,7635.24,2213,False,0,2026-09-28 05:49:42.078546
4d2407,EWG6YC  ,Malta,1790574574.0,1790574574,8.0057,49.9238,10058.4,False,202.0,167.95,0.0,,10492.74,1000,False,0,2026-09-28 05:49:42.078546
a1d07c,ASA901  ,United States,1790574562.0,1790574567,-128.3201,44.2822,10363.2,False,245.8,222.37,0.0,,10652.76,6617,False,0,2026-09-28 05:49:42.078546
3485c5,AEA82NJ ,Spain,1790574513.0,1790574513,-3.5762,40.4812,,True,11.83,320.62,,,,,False,0,2026-09-28 05:49:42.078546
c002e4,CRN711  ,Canada,1790574574.0,1790574575,-122.6958,49.4412,4503.42,False,116.78,44.11,8.45,,4556.76,4355,False,0,2026-09-28 05:49:42.078546
45c86c,FLI7158 ,Denmark,1790574574.0,1790574574,13.8484,51.0079,11277.6,False,227.86,150.37,0.0,,11704.32,3510,False,0,2026-09-28 05:49:42.078546
7505bf,MAS170  ,Malaysia,1790574574.0,1790574574,87.0234,24.6074,10972.8,False,249.98,324.38,0.0,,11681.46,2136,False,0,2026-09-28 05:49:42.078546
acf146,SKW410Z ,United States,1790574574.0,1790574574,-122.4756,37.3291,3345.18,False,154.91,151.65,0.0,,3390.9,4561,False,0,2026-09-28 05:49:42.078546
00810a,ZSFFX   ,South Africa,1790574574.0,1790574574,28.1825,-26.2382,1767.84,False,44.54,75.96,1.63,,1927.86,,False,0,2026-09-28 05:49:42.078546
aab187,UAL712  ,United States,1790574574.0,1790574575,-81.9578,41.2628,10363.2,False,248.18,265.6,0.0,,10698.48,2732,False,0,2026-09-28 05:49:42.078546
4a0aae,AWG4296 ,Romania,1790574574.0,1790574574,29.2158,38.4942,11887.2,False,239.0,151.17,0.0,,12199.62,5436,False,0,2026-09-28 05:49:42.078546
a79046,DAL1197 ,United States,1790574574.0,1790574574,-113.8474,36.708,10965.18,False,196.79,209.78,0.0,,11468.1,6024,False,0,2026-09-28 05:49:42.078546
3e7290,DKIOU   ,Germany,1790574574.0,1790574575,9.8751,49.7029,1005.84,False,35.0,214.5,0.5,,1135.38,,False,0,2026-09-28 05:49:42.078546
a12b2d,UAL705  ,United States,1790574574.0,1790574574,-113.11,39.3409,10668.0,False,281.99,78.96,0.33,,11079.48,3764,False,0,2026-09-28 05:49:42.078546
a12b2e,UAL2056 ,United States,1790574574.0,1790574574,-122.2962,37.5856,327.66,False,77.11,298.27,-3.58,,304.8,1373,False,0,2026-09-28 05:49:42.078546
4d2434,WZZ101  ,Malta,1790574574.0,1790574574,7.2184,43.6622,,True,24.69,45.0,,,,1000,False,0,2026-09-28 05:49:42.078546
4cadbf,RYR26TE ,Ireland,1790574574.0,1790574575,-0.6979,51.0198,10668.0,False,214.19,158.74,0.0,,10934.7,1165,False,0,2026-09-28 05:49:42.078546
4cadba,RYR3FF  ,Ireland,1790574571.0,1790574573,-6.2519,53.4232,,True,6.17,154.69,,,,,False,0,2026-09-28 05:49:42.078546
4cadbb,RYR3XA  ,Ireland,1790574574.0,1790574574,-1.8326,50.7805,,True,6.94,64.69,,,,,False,0,2026-09-28 05:49:42.078546
a24b0a,SKW5006 ,United States,1790574574.0,1790574574,-117.6311,44.1015,10363.2,False,243.01,334.68,1.3,,10553.7,,False,0,2026-09-28 05:49:42.078546
4d241c,WZZ628L ,Malta,1790574536.0,1790574536,24.8117,59.4151,,True,13.38,270.0,,,,2006,False,0,2026-09-28 05:49:42.078546
aab18c,SWA138  ,United States,1790574574.0,1790574574,-115.3249,34.9266,7924.8,False,214.61,181.65,0.0,,8275.32,,False,0,2026-09-28 05:49:42.078546
4d241e,WMT2322 ,Malta,,1790574574,,,,False,87.55,250.07,10.4,,,,False,0,2026-09-28 05:49:42.078546
4d241f,WMT1AC  ,Malta,1790574574.0,1790574574,1.2305,41.6043,10187.94,False,222.59,282.14,-15.61,,10690.86,1000,False,0,2026-09-28 05:49:42.078546
4cadc9,ITY615  ,Ireland,1790574574.0,1790574574,8.7556,42.9458,10805.16,False,251.66,98.35,-4.88,,11262.36,2206,False,0,2026-09-28 05:49:42.078546
4d2430,WMT6YP  ,Malta,1790574574.0,1790574574,9.1747,51.0789,5318.76,False,161.25,304.6,-4.88,,5608.32,1000,False,0,2026-09-28 05:49:42.078546
4cadc1,RYR7YT  ,Ireland,1790574574.0,1790574575,6.1847,50.576,7856.22,False,231.73,50.59,-15.28,,8221.98,5515,False,0,2026-09-28 05:49:42.078546
4cadc4,RYR41DZ ,Ireland,1790574574.0,1790574574,5.5052,44.3482,11277.6,False,232.66,197.63,0.0,,11742.42,4137,False,0,2026-09-28 05:49:42.078546
abd17b,SWA1771 ,United States,1790574574.0,1790574574,-80.6014,40.4833,2697.48,False,147.02,115.94,-5.2,,2735.58,1317,False,0,2026-09-28 05:49:42.078546
4d2448,WMT836  ,Malta,1790574574.0,1790574575,23.7284,42.5994,10668.0,False,242.03,164.34,0.0,,10972.8,5407,False,0,2026-09-28 05:49:42.078546
4d2449,RYR82VQ ,Malta,1790574574.0,1790574574,5.1981,47.6915,10972.8,False,229.03,323.31,-0.33,,11399.52,5724,False,0,2026-09-28 05:49:42.078546
4cade2,RYR95QF ,Ireland,1790574574.0,1790574574,-1.3132,52.83,,True,0.9,2.81,,,,,False,0,2026-09-28 05:49:42.078546
a6833b,DAL1114 ,United States,1790574559.0,1790574560,-110.7379,48.4333,10675.62,False,252.24,85.79,-0.33,,10858.5,,False,0,2026-09-28 05:49:42.078546
a12b51,UAL434  ,United States,1790574574.0,1790574575,-116.2777,34.1064,10302.24,False,186.34,263.66,-10.4,,10797.54,2432,False,0,2026-09-28 05:49:42.078546
a2ae0a,N272BG  ,United States,1790574276.0,1790574276,-122.3053,47.5366,,True,6.94,323.44,,,,6342,False,0,2026-09-28 05:49:42.078546
34608f,IBE0684 ,Spain,1790574574.0,1790574574,3.8749,42.3158,11277.6,False,215.76,233.24,0.33,,11765.28,1000,False,0,2026-09-28 05:49:42.078546
34608e,IBE07HF ,Spain,1790574575.0,1790574575,12.1343,46.7311,10744.2,False,220.46,240.5,2.93,,11201.4,1000,False,0,2026-09-28 05:49:42.078546
adbaca,JBU515  ,United States,1790574574.0,1790574574,-118.9605,37.9287,10980.42,False,212.59,259.26,0.65,,11330.94,,False,0,2026-09-28 05:49:42.078546
4d242b,WMT3DH  ,Malta,1790574574.0,1790574574,1.4367,40.8501,11285.22,False,215.97,227.8,0.0,,11795.76,4024,False,0,2026-09-28 05:49:42.078546
4d242c,WMT7SL  ,Malta,1790574141.0,1790574570,18.7739,51.6298,10980.42,False,217.18,326.99,0.0,,11353.8,2224,False,0,2026-09-28 05:49:42.078546
4cadd9,SAS55P  ,Ireland,1790574574.0,1790574574,16.3066,59.6863,9288.78,False,197.55,280.96,7.48,,9563.1,5306,False,0,2026-09-28 05:49:42.078546
4d2413,EWG4284 ,Malta,1790574574.0,1790574575,3.6484,42.0484,11521.44,False,215.47,226.93,-6.83,,12039.6,1000,False,0,2026-09-28 05:49:42.078546
4d2414,EWG8NU  ,Malta,1790574575.0,1790574575,8.2429,46.569,8511.54,False,220.02,158.9,-5.85,,8945.88,1000,False,0,2026-09-28 05:49:42.078546
4d2416,EWG51TM ,Malta,1790574574.0,1790574574,1.8264,47.8873,11887.2,False,206.92,195.28,-0.33,,12260.58,1000,False,0,2026-09-28 05:49:42.078546
4d2410,EWG55A  ,Malta,1790574361.0,1790574361,15.4432,46.9964,,True,0.0,126.56,,,,1000,False,0,2026-09-28 05:49:42.078546
4d2411,EWG2XZ  ,Malta,1790574574.0,1790574574,15.0216,57.5185,11590.02,False,213.71,211.82,0.0,,11910.06,7676,False,0,2026-09-28 05:49:42.078546
71ce67,HL9667  ,Republic of Korea,1790574367.0,1790574373,126.5932,37.5758,152.4,False,29.47,45.71,0.0,,198.12,1267,False,0,2026-09-28 05:49:42.078546
4d2412,EWG78C  ,Malta,1790573017.0,1790574573,13.5671,55.2666,11887.2,False,236.88,54.1,0.0,,12252.96,3732,False,0,2026-09-28 05:49:42.078546
a7066e,N55169  ,United States,1790574574.0,1790574574,-150.0592,61.2307,701.04,False,46.71,78.57,-0.33,,487.68,0417,False,0,2026-09-28 05:49:42.078546
4d2417,EWG1N   ,Malta,1790574574.0,1790574575,11.4451,51.5864,3352.8,False,161.72,120.81,0.0,,3589.02,1000,False,0,2026-09-28 05:49:42.078546
346091,VLG59SX ,Spain,1790574574.0,1790574574,2.3744,48.7131,259.08,False,82.48,198.55,13.98,,342.9,,False,0,2026-09-28 05:49:42.078546
346090,VLG9QZ  ,Spain,1790574574.0,1790574574,0.8932,43.9482,11879.58,False,204.38,193.69,0.0,,12306.3,1000,False,0,2026-09-28 05:49:42.078546
44a831,JAF72J  ,Belgium,1790574574.0,1790574575,2.2708,47.4186,12496.8,False,212.98,195.98,0.33,,12847.32,7104,False,0,2026-09-28 05:49:42.078546
4cada8,ITY2013 ,Ireland,1790574574.0,1790574574,11.3989,42.5022,5417.82,False,174.93,142.29,-9.1,,5753.1,1000,False,0,2026-09-28 05:49:42.078546
4cada9,ITY059  ,Ireland,1790574574.0,1790574574,6.9839,40.7222,11590.02,False,238.14,95.21,0.0,,12092.94,1000,False,0,2026-09-28 05:49:42.078546
44a838,JAF3VE  ,Belgium,1790574573.0,1790574574,16.059,44.9471,12496.8,False,234.36,139.81,0.0,,12915.9,0101,False,0,2026-09-28 05:49:42.078546
aa1dcd,AAL326  ,United States,1790574575.0,1790574575,9.7781,48.8715,11887.2,False,248.43,123.0,0.0,,12336.78,2260,False,0,2026-09-28 05:49:42.078546
4d2424,WMT8115 ,Malta,1790574574.0,1790574575,15.165,46.5526,10972.8,False,218.29,319.78,0.0,,11407.14,7301,False,0,2026-09-28 05:49:42.078546
48ac80,LOT2VD  ,Poland,1790574560.0,1790574571,20.5714,54.0,9357.36,False,200.4,296.04,10.4,,6240.78,,False,0,2026-09-28 05:49:42.078546
4d2425,WMT2HX  ,Malta,1790574428.0,1790574428,-5.9784,32.7981,11277.6,False,200.7,215.4,0.0,,11864.34,4035,False,0,2026-09-28 05:49:42.078546
4d2426,WZZ963  ,Malta,1790574574.0,1790574574,20.9092,51.773,3497.58,False,167.34,343.57,-8.13,,3726.18,1000,False,0,2026-09-28 05:49:42.078546
4cadc0,RYR79GF ,Ireland,1790574574.0,1790574574,-6.306,51.026,10972.8,False,263.62,342.98,0.0,,11109.96,7446,False,0,2026-09-28 05:49:42.078546
4d2427,WZZ977  ,Malta,1790574574.0,1790574574,14.5991,51.1859,8801.1,False,197.02,345.64,-9.43,,9182.1,5140,False,0,2026-09-28 05:49:42.078546
7c56b7,VOZ328  ,Australia,1790574574.0,1790574574,144.7564,-36.7053,5486.4,False,172.05,219.78,-11.05,,5737.86,1010,False,0,2026-09-28 05:49:42.078546
4d2420,WMT141  ,Malta,1790574574.0,1790574574,13.3002,44.84,5928.36,False,190.01,288.14,-5.85,,6256.02,5561,False,0,2026-09-28 05:49:42.078546
346088,VLG6TP  ,Spain,1790574574.0,1790574574,0.753,45.8019,10972.8,False,238.84,358.03,0.0,,11361.42,1000,False,0,2026-09-28 05:49:42.078546
4cadac,ITY1600 ,Ireland,1790574574.0,1790574574,8.7145,41.8178,4572.0,False,182.69,193.02,-0.33,,4876.8,1000,False,0,2026-09-28 05:49:42.078546
346082,AEA77FW ,Spain,1790574575.0,1790574575,-1.0887,39.5202,4960.62,False,201.71,121.87,-11.7,,5257.8,1000,False,0,2026-09-28 05:49:42.078546
4d2428,WMT7UV  ,Malta,1790574574.0,1790574574,12.972,50.4736,10972.8,False,224.09,296.15,0.33,,11399.52,1000,False,0,2026-09-28 05:49:42.078546
4d2429,WMT718  ,Malta,1790574574.0,1790574574,0.6567,52.2168,4168.14,False,132.99,286.4,-2.93,,4328.16,1170,False,0,2026-09-28 05:49:42.078546
a12b31,UAL552  ,United States,1790574574.0,1790574575,-119.8537,35.8193,10058.4,False,244.42,128.08,0.0,,10408.92,3326,False,0,2026-09-28 05:49:42.078546
4d240d,EWG16U  ,Malta,1790574574.0,1790574574,12.9808,47.8299,533.4,False,65.46,156.86,-2.93,,670.56,1000,False,0,2026-09-28 05:49:42.078546
4cadb9,RYR74KW ,Ireland,1790574574.0,1790574574,14.3486,42.7029,11887.2,False,232.05,127.89,0.0,,12336.78,0472,False,0,2026-09-28 05:49:42.078546
4cadb7,RYR82   ,Ireland,1790574574.0,1790574574,21.1172,59.6024,7924.8,False,210.46,274.21,0.0,,8176.26,2513,False,0,2026-09-28 05:49:42.078546
4d240f,EWG6NX  ,Malta,1790574574.0,1790574575,8.0257,50.8063,7627.62,False,219.5,115.84,9.43,,8008.62,1000,False,0,2026-09-28 05:49:42.078546
4d2479,WMT269G ,Malta,1790574575.0,1790574575,-0.2335,52.2383,2438.4,False,135.7,100.93,0.0,,2545.08,6607,False,0,2026-09-28 05:49:42.078546
406222,CFE8PR  ,United Kingdom,1790574574.0,1790574575,8.4545,52.3099,11582.4,False,212.95,262.09,0.0,,11940.54,1332,False,0,2026-09-28 05:49:42.078546
4d2475,BBG752  ,Malta,1790574561.0,1790574564,29.4028,33.9532,10363.2,False,208.94,293.66,0.0,,10767.06,1173,False,0,2026-09-28 05:49:42.078546
4d2477,EWG7WJ  ,Malta,1790574574.0,1790574574,11.6915,54.5766,7680.96,False,234.88,39.76,-10.4,,8031.48,3731,False,0,2026-09-28 05:49:42.078546
3c7a46,CFG209  ,Germany,1790574574.0,1790574575,-11.3026,45.8732,12192.0,False,254.12,84.89,0.33,,12405.36,,False,0,2026-09-28 05:49:42.078546
4cadfd,RYR83VW ,Ireland,1790574574.0,1790574574,15.1514,41.1461,9753.6,False,231.82,284.13,0.0,,10180.32,,False,0,2026-09-28 05:49:42.078546
4cadff,RYR8749 ,Ireland,1790574574.0,1790574574,-5.3056,41.6781,10972.8,False,234.63,330.01,0.33,,11376.66,4512,False,0,2026-09-28 05:49:42.078546
3c7a45,CFG063  ,Germany,1790574574.0,1790574574,-97.319,49.8698,11277.6,False,271.49,51.85,0.0,,11483.34,,False,0,2026-09-28 05:49:42.078546
40753c,EXS56DY ,United Kingdom,1790574574.0,1790574574,-3.6195,49.7024,11216.64,False,195.19,195.28,4.55,,11452.86,5401,False,0,2026-09-28 05:49:42.078546
40753d,TOM51W  ,United Kingdom,1790574574.0,1790574574,-0.6548,50.7554,11879.58,False,211.33,147.12,0.98,,12138.66,5235,False,0,2026-09-28 05:49:42.078546
4cadfb,ITY603  ,Ireland,1790574574.0,1790574575,10.7646,43.2001,10347.96,False,238.92,158.13,-4.88,,10797.54,1162,False,0,2026-09-28 05:49:42.078546
4bd156,CXI9NM  ,Turkey,1790574575.0,1790574575,13.6701,47.5767,11277.6,False,235.25,130.83,0.0,,11711.94,6437,False,0,2026-09-28 05:49:42.078546
ac1720,SWA3540 ,United States,1790574574.0,1790574575,-122.5753,47.5503,3291.84,False,160.43,225.65,7.48,,3329.94,,False,0,2026-09-28 05:49:42.078546
4d245f,WZZ22KA ,Malta,1790574574.0,1790574574,6.0143,51.5977,2339.34,False,138.62,215.64,-5.53,,2506.98,1000,False,0,2026-09-28 05:49:42.078546
3c7a50,CFG403  ,Germany,1790574575.0,1790574575,-10.9318,51.9708,11887.2,False,255.35,92.19,0.0,,11917.68,1146,False,0,2026-09-28 05:49:42.078546
4bd14f,CAI9744 ,Turkey,1790574574.0,1790574575,34.1646,37.6164,10058.4,False,262.43,43.01,0.33,,10317.48,5150,False,0,2026-09-28 05:49:42.078546
7c4468,NSQ     ,Australia,1790574575.0,1790574575,145.5403,-35.955,12496.8,False,251.8,65.11,0.33,,12740.64,4273,False,0,2026-09-28 05:49:42.078546
34604b,ANE23JP ,Spain,1790574574.0,1790574574,-2.4459,42.5498,8534.4,False,245.89,32.53,-0.33,,8892.54,1000,False,0,2026-09-28 05:49:42.078546
a575e0,AAL3252 ,United States,1790574574.0,1790574575,-119.7746,47.7532,10355.58,False,225.83,276.67,0.0,,10500.36,3617,False,0,2026-09-28 05:49:42.078546
34604c,ANE63EP ,Spain,1790574574.0,1790574574,-2.2744,41.2709,7299.96,False,227.07,43.53,5.2,,7650.48,1000,False,0,2026-09-28 05:49:42.078546
a455c7,FFT4104 ,United States,1790574574.0,1790574574,-121.9655,37.4697,1516.38,False,141.5,52.09,0.0,,1516.38,3375,False,0,2026-09-28 05:49:42.078546
44a826,JAF4AB  ,Belgium,1790574573.0,1790574574,16.9876,44.8181,11887.2,False,234.55,132.16,0.0,,12291.06,0114,False,0,2026-09-28 05:49:42.078546
ad7da2,AAL3202 ,United States,1790574573.0,1790574574,-99.0027,40.6715,10972.8,False,217.06,257.54,0.0,,11468.1,,False,0,2026-09-28 05:49:42.078546
347388,IBE0155 ,Spain,1790574342.0,1790574342,-62.0391,14.8193,12192.0,False,242.03,239.89,0.0,,12885.42,,False,0,2026-09-28 05:49:42.078546
4d2453,WZZ8930 ,Malta,1790574574.0,1790574574,8.6909,47.6602,6728.46,False,180.08,300.37,-6.83,,7086.6,1000,False,0,2026-09-28 05:49:42.078546
4d244a,RYR1WE  ,Malta,1790574574.0,1790574574,-1.2463,39.0084,6705.6,False,222.24,320.64,0.0,,7078.98,4554,False,0,2026-09-28 05:49:42.078546
a575e7,AVA032  ,United States,1790574575.0,1790574575,-76.0631,10.7452,10972.8,False,243.37,349.4,-0.33,,11704.32,1442,False,0,2026-09-28 05:49:42.078546
4d243e,ABD2618 ,Malta,1790574574.0,1790574574,5.0397,50.681,2903.22,False,124.43,240.26,5.2,,3070.86,0107,False,0,2026-09-28 05:49:42.078546
4cadda,SAS236L ,Ireland,1790574574.0,1790574574,10.9758,53.5385,11590.02,False,217.46,207.78,0.0,,11971.02,1000,False,0,2026-09-28 05:49:42.078546
40751c,EXS3PD  ,United Kingdom,1790574575.0,1790574575,-3.5411,48.7687,11277.6,False,199.86,211.85,0.0,,11536.68,5211,False,0,2026-09-28 05:49:42.078546
4d2450,NVD8523 ,Malta,1790574547.0,1790574547,30.8016,36.8962,,True,6.43,95.62,,,,4511,False,0,2026-09-28 05:49:42.078546
ac1747,SWA1670 ,United States,1790574574.0,1790574574,-122.305,47.4563,,True,0.0,0.0,,,,3241,False,0,2026-09-28 05:49:42.078546
4cade3,RYR3BK  ,Ireland,1790574574.0,1790574575,-9.4847,39.7111,9761.22,False,218.25,203.18,7.8,,10119.36,3344,False,0,2026-09-28 05:49:42.078546
3c7a4d,CFG2360 ,Germany,1790574573.0,1790574573,100.7644,13.784,502.92,False,72.12,194.04,-4.23,,487.68,6430,False,0,2026-09-28 05:49:42.078546
4cade6,RYR9CL  ,Ireland,1790574371.0,1790574376,12.2565,41.8576,15.24,False,78.75,162.51,-4.23,,137.16,1000,False,0,2026-09-28 05:49:42.078546
4d2465,ANE2261 ,Malta,1790574463.0,1790574569,-3.2811,35.668,3642.36,False,112.8,321.67,4.55,,3878.58,,False,0,2026-09-28 05:49:42.078546
4d245a,WMT4RD  ,Malta,1790574575.0,1790574575,8.2473,48.3266,4762.5,False,172.85,136.57,13.66,,5052.06,6731,False,0,2026-09-28 05:49:42.078546
4cadec,ITY1569 ,Ireland,1790574574.0,1790574575,9.2194,44.47,5242.56,False,173.06,13.58,-4.55,,5554.98,1000,False,0,2026-09-28 05:49:42.078546
4cadef,RYR70CB ,Ireland,1790574574.0,1790574574,-2.2663,53.356,,True,5.92,185.62,,,,,False,0,2026-09-28 05:49:42.078546
4cadea,ITY2010 ,Ireland,1790574574.0,1790574575,9.5698,44.3512,6454.14,False,177.6,329.35,-10.4,,6812.28,1000,False,0,2026-09-28 05:49:42.078546
4d244b,RYR8EY  ,Malta,1790574574.0,1790574575,4.3788,50.4205,12496.8,False,231.1,114.74,0.0,,12839.7,4724,False,0,2026-09-28 05:49:42.078546
4d244c,,Malta,1790574569.0,1790574569,1.366,38.8745,,True,0.0,11.25,,,,,False,0,2026-09-28 05:49:42.078546
4cadf9,RYR7XY  ,Ireland,1790574568.0,1790574572,-6.2512,53.4296,,True,0.0,275.62,,,,,False,0,2026-09-28 05:49:42.078546
86d288,ANA816  ,Japan,1790574575.0,1790574575,140.5387,33.2563,10279.38,False,254.88,28.84,-4.55,,10972.8,3164,False,0,2026-09-28 05:49:42.078546
4cadf4,RYR3727 ,Ireland,1790574574.0,1790574575,6.8438,48.8487,11277.6,False,231.51,143.77,-0.33,,11704.32,0106,False,0,2026-09-28 05:49:42.078546
40757f,EZY63KQ ,United Kingdom,1790574574.0,1790574574,-3.6962,46.9492,11894.82,False,206.95,184.56,0.0,,12192.0,1152,False,0,2026-09-28 05:49:42.078546
aad780,UAL884  ,United States,1790574574.0,1790574574,10.3832,44.0069,11277.6,False,243.72,154.9,0.0,,11734.8,1172,False,0,2026-09-28 05:49:42.078546
ac0448,SWA3878 ,United States,1790574574.0,1790574574,-111.9062,33.4287,830.58,False,109.06,269.73,-3.9,,815.34,,False,0,2026-09-28 05:49:42.078546
347350,VLG78AY ,Spain,1790574574.0,1790574574,-0.0405,39.8846,10050.78,False,211.2,220.75,0.0,,10546.08,0265,False,0,2026-09-28 05:49:42.078546
a588c1,N456DR  ,United States,1790574574.0,1790574574,11.3377,47.9993,1600.2,False,79.45,97.82,0.0,,1767.84,4453,False,0,2026-09-28 05:49:42.078546
4bd18a,CAI1NR  ,Turkey,1790574574.0,1790574575,15.3442,48.7944,11582.4,False,217.05,304.67,0.0,,11986.26,5357,False,0,2026-09-28 05:49:42.078546
40756f,EZY54ED ,United Kingdom,1790574574.0,1790574574,6.0519,50.8043,6758.94,False,214.82,86.98,-10.4,,7101.84,3404,False,0,2026-09-28 05:49:42.078546
40756d,EZY34RH ,United Kingdom,1790574574.0,1790574574,-3.7267,55.8827,3970.02,False,118.67,259.76,16.26,,4008.12,7731,False,0,2026-09-28 05:49:42.078546
86d222,ANA625  ,Japan,1790574575.0,1790574575,137.9906,34.9326,10767.06,False,223.87,265.78,9.75,,11430.0,0417,False,0,2026-09-28 05:49:42.078546
40756b,EZY29VU ,United Kingdom,1790574574.0,1790574575,0.5862,48.2379,10660.38,False,196.07,188.45,-0.33,,11010.9,0546,False,0,2026-09-28 05:49:42.078546
347344,IBE06TW ,Spain,1790574575.0,1790574575,12.1483,41.7887,1082.04,False,106.76,244.3,16.91,,1219.2,,False,0,2026-09-28 05:49:42.078546
4d248e,WMT8JT  ,Malta,1790574574.0,1790574574,1.7539,41.3971,10668.0,False,219.13,288.48,0.33,,11170.92,4016,False,0,2026-09-28 05:49:42.078546
407574,EZY29WA ,United Kingdom,1790574574.0,1790574574,-0.9835,51.6394,3360.42,False,155.33,224.87,5.2,,3497.58,5413,False,0,2026-09-28 05:49:42.078546
40622d,EZY435W ,United Kingdom,1790574574.0,1790574574,-5.4306,54.8504,4572.0,False,179.9,77.95,0.0,,4648.2,6016,False,0,2026-09-28 05:49:42.078546
4d247e,EWG5B   ,Malta,1790574574.0,1790574574,17.1164,48.1582,9448.8,False,242.78,107.13,-5.2,,9852.66,1000,False,0,2026-09-28 05:49:42.078546
40622f,EZY39MB ,United Kingdom,1790574517.0,1790574544,-0.1691,51.1522,,True,0.0,78.75,,,,,False,0,2026-09-28 05:49:42.078546
4d247f,VJT768  ,Malta,1790574574.0,1790574574,103.7849,2.6661,8122.92,False,225.09,14.29,8.13,,8679.18,,False,0,2026-09-28 05:49:42.078546
4d2493,WZZ319R ,Malta,1790574574.0,1790574575,8.6797,48.2911,10980.42,False,221.83,218.6,0.0,,11430.0,1000,False,0,2026-09-28 05:49:42.078546
4d2490,WMT1ZK  ,Malta,1790574574.0,1790574574,8.8165,45.2922,1447.8,False,102.33,344.85,-2.28,,1615.44,4150,False,0,2026-09-28 05:49:42.078546
4d2491,WZZ194  ,Malta,1790574574.0,1790574574,6.9265,43.8109,10668.0,False,220.41,243.97,0.0,,11148.06,1000,False,0,2026-09-28 05:49:42.078546
4d2492,WZZ97AM ,Malta,1790574573.0,1790574573,24.5856,44.6151,10660.38,False,235.89,154.83,0.0,,10919.46,5554,False,0,2026-09-28 05:49:42.078546
ac4ace,UAL1210 ,United States,1790574574.0,1790574574,-116.0133,36.4921,10957.56,False,210.78,297.63,0.0,,11391.9,,False,0,2026-09-28 05:49:42.078546
40621c,BAW9SW  ,United Kingdom,1790574574.0,1790574574,-94.9448,51.2155,10668.0,False,286.02,57.71,0.0,,10812.78,,False,0,2026-09-28 05:49:42.078546
4d248f,WZZ95   ,Malta,1790574574.0,1790574574,13.1403,49.9226,10363.2,False,228.79,287.13,0.0,,10789.92,1000,False,0,2026-09-28 05:49:42.078546
a50e3f,AAL1587 ,United States,1790574575.0,1790574575,-108.7467,36.3488,10050.78,False,266.3,52.38,0.0,,10584.18,,False,0,2026-09-28 05:49:42.078546
ad2445,JBU933  ,United States,1790574573.0,1790574575,-116.678,38.2962,10972.8,False,201.56,251.7,0.0,,11369.04,3474,False,0,2026-09-28 05:49:42.078546
4bd184,TWI413  ,Turkey,1790574574.0,1790574574,29.4703,41.4516,9761.22,False,222.23,341.23,-0.33,,9982.2,6347,False,0,2026-09-28 05:49:42.078546
86d244,,Japan,1790574574.0,1790574574,144.7066,36.5983,10363.2,False,224.21,257.81,0.0,,10972.8,,False,0,2026-09-28 05:49:42.078546
aab146,SWA4093 ,United States,1790574574.0,1790574574,-111.2151,36.4691,11582.4,False,186.08,230.72,0.0,,12169.14,1403,False,0,2026-09-28 05:49:42.078546
ad7e6f,JBU387  ,United States,1790574574.0,1790574574,-103.984,37.7254,8542.02,False,219.86,257.98,-0.33,,8991.6,3460,False,0,2026-09-28 05:49:42.078546
ac5e8d,SWA4161 ,United States,1790574335.0,1790574335,-115.1515,36.0815,,True,5.66,312.19,,,,4613,False,0,2026-09-28 05:49:42.078546
424c8c,MABSU   ,United Kingdom,1790574574.0,1790574575,5.7603,53.1699,13106.4,False,255.81,66.79,-0.65,,13380.72,3511,False,0,2026-09-28 05:49:42.078546
a33716,AAL1539 ,United States,1790574574.0,1790574574,-113.7811,35.8915,7330.44,False,245.92,90.6,7.48,,7650.48,,False,0,2026-09-28 05:49:42.078546
a86e6c,UAL20   ,United States,1790574574.0,1790574574,-6.8465,53.5012,11887.2,False,259.65,86.93,0.33,,11902.44,6256,False,0,2026-09-28 05:49:42.078546
4cae19,ITY317  ,Ireland,1790574574.0,1790574574,11.1813,42.4736,5791.2,False,173.57,122.04,-0.33,,6134.1,1000,False,0,2026-09-28 05:49:42.078546
4cae12,ITY300  ,Ireland,1790574575.0,1790574575,5.3896,46.9292,10363.2,False,220.06,308.45,0.0,,10797.54,1000,False,0,2026-09-28 05:49:42.078546
4cae11,ITY218  ,Ireland,1790574567.0,1790574567,9.279,45.4569,,True,0.06,90.0,,,,,False,0,2026-09-28 05:49:42.078546
ac4b72,SWA2312 ,United States,1790574574.0,1790574574,-89.6323,41.114,6644.64,False,219.18,72.8,-11.38,,6934.2,1037,False,0,2026-09-28 05:49:42.078546
ac02ea,EJA873  ,United States,1790574574.0,1790574574,-116.4637,38.2098,13106.4,False,218.63,256.94,0.33,,13594.08,4137,False,0,2026-09-28 05:49:42.078546
4cae49,RYR25XC ,Ireland,1790574575.0,1790574575,-3.7886,46.2848,11887.2,False,213.03,184.15,0.65,,12199.62,5207,False,0,2026-09-28 05:49:42.078546
4cae48,RYR4684 ,Ireland,1790574574.0,1790574574,-2.3389,51.6454,10668.0,False,239.65,98.27,0.33,,10881.36,4726,False,0,2026-09-28 05:49:42.078546
a61b4e,ASA769  ,United States,1790574574.0,1790574574,-143.4706,59.634,10972.8,False,219.95,296.09,0.0,,10660.38,1504,False,0,2026-09-28 05:49:42.078546
7c573e,MEDIC77 ,Australia,1790574574.0,1790574574,103.7221,1.0116,10668.0,False,213.09,100.71,0.65,,11384.28,,False,0,2026-09-28 05:49:42.078546
4cae56,RYR269M ,Ireland,1790574574.0,1790574575,5.4002,51.4699,12496.8,False,226.62,124.74,0.0,,12824.46,0540,False,0,2026-09-28 05:49:42.078546
4d22b0,RYR308B ,Malta,1790574563.0,1790574563,13.3655,55.5881,251.46,False,65.28,173.21,-3.25,,373.38,4701,False,0,2026-09-28 05:49:42.078546
4cae58,RYR249R ,Ireland,1790574574.0,1790574575,11.3081,46.6169,11277.6,False,232.2,133.2,0.0,,11734.8,2524,False,0,2026-09-28 05:49:42.078546
4d22b1,RYR9HL  ,Malta,1790574574.0,1790574574,6.3158,44.3516,10972.8,False,232.38,16.99,0.0,,11445.24,1043,False,0,2026-09-28 05:49:42.078546
4cae52,RYR3MP  ,Ireland,1790574574.0,1790574574,-3.5112,39.3124,11285.22,False,250.27,4.48,3.25,,11757.66,4501,False,0,2026-09-28 05:49:42.078546
4cae53,RYR7UB  ,Ireland,1790574574.0,1790574574,4.8376,41.6602,10972.8,False,238.31,43.86,0.0,,11460.48,1000,False,0,2026-09-28 05:49:42.078546
4cae55,RYR70FL ,Ireland,1790574574.0,1790574574,-6.8663,39.4739,10972.8,False,245.68,23.18,0.0,,11407.14,5461,False,0,2026-09-28 05:49:42.078546
4cae51,RYR38SX ,Ireland,1790574572.0,1790574572,-6.2468,53.43,,True,0.0,5.62,,,,,False,0,2026-09-28 05:49:42.078546
a37db9,FFT3211 ,United States,1790574574.0,1790574575,-115.6623,34.1594,10965.18,False,190.59,280.73,0.0,,11521.44,0503,False,0,2026-09-28 05:49:42.078546
a50e9f,N425EJ  ,United States,1790574575.0,1790574575,-122.5493,45.4979,1196.34,False,49.77,299.74,0.33,,1203.96,0334,False,0,2026-09-28 05:49:42.078546
a12aa5,UAL1702 ,United States,1790574574.0,1790574574,-111.8382,35.5198,10668.0,False,282.95,90.21,0.0,,11209.02,3770,False,0,2026-09-28 05:49:42.078546
851f4e,JTA37   ,Japan,1790574573.0,1790574574,135.7233,36.144,6035.04,False,179.63,254.21,10.73,,6332.22,,False,0,2026-09-28 05:49:42.078546
ac1701,SWA4743 ,United States,1790574574.0,1790574574,-116.6064,34.3637,9197.34,False,194.41,243.43,-12.68,,9639.3,6207,False,0,2026-09-28 05:49:42.078546
300782,DLH2KW  ,Italy,1790574575.0,1790574575,11.3802,48.2964,1143.0,False,114.89,51.18,0.0,,1295.4,1000,False,0,2026-09-28 05:49:42.078546
a12aa0,UAL639  ,United States,1790574447.0,1790574447,-109.7387,35.5737,7924.8,False,231.71,255.47,0.98,,8336.28,3427,False,0,2026-09-28 05:49:42.078546
424c7a,MYNNS   ,United Kingdom,1790574574.0,1790574574,-3.4113,43.2353,13106.4,False,261.5,112.68,0.0,,13456.92,5314,False,0,2026-09-28 05:49:42.078546
a958d2,FFT3458 ,United States,1790574574.0,1790574574,-73.9796,40.6528,662.94,False,79.78,32.36,-1.3,,594.36,3303,False,0,2026-09-28 05:49:42.078546
4cae32,EIN988  ,Ireland,1790574572.0,1790574572,-12.555,55.2712,10668.0,False,248.44,118.85,0.0,,10546.08,,False,0,2026-09-28 05:49:42.078546
84b807,APJ165  ,Japan,1790574555.0,1790574564,130.1174,32.7575,1059.18,False,94.66,269.38,-5.53,,1112.52,,False,0,2026-09-28 05:49:42.078546
4cae83,TFL5TX  ,Ireland,1790574574.0,1790574574,15.2741,48.2484,11277.6,False,245.7,131.26,0.0,,11704.32,1747,False,0,2026-09-28 05:49:42.078546
4cae84,TFL32N  ,Ireland,1790574574.0,1790574574,9.7707,49.623,11277.6,False,233.59,133.75,0.0,,11704.32,0166,False,0,2026-09-28 05:49:42.078546
4cae6d,RYR321E ,Ireland,1790574574.0,1790574574,13.5475,40.6366,2926.08,False,153.31,143.32,-9.1,,3154.68,1000,False,0,2026-09-28 05:49:42.078546
7c42bf,NGX     ,Australia,1790574574.0,1790574574,114.9982,-30.2494,5478.78,False,132.78,340.3,0.33,,5585.46,4231,False,0,2026-09-28 05:49:42.078546
4cae96,RYR6435 ,Ireland,1790574574.0,1790574574,15.5792,45.1268,11277.6,False,243.21,132.6,0.0,,11719.56,2574,False,0,2026-09-28 05:49:42.078546
4cae97,RYR16AJ ,Ireland,1790574574.0,1790574574,-1.6064,50.6641,10500.36,False,206.07,208.8,5.2,,10759.44,7536,False,0,2026-09-28 05:49:42.078546
4cae92,RYR750K ,Ireland,1790574574.0,1790574575,19.3494,51.7691,4495.8,False,203.02,16.18,-6.18,,4747.26,1000,False,0,2026-09-28 05:49:42.078546
4cae93,RYR38NW ,Ireland,1790574575.0,1790574575,-6.8049,45.2857,10972.8,False,258.36,15.48,0.0,,11269.98,5451,False,0,2026-09-28 05:49:42.078546
4cae94,RYR43YR ,Ireland,1790574574.0,1790574575,31.0107,38.479,10972.8,False,232.3,353.9,0.0,,11239.5,5441,False,0,2026-09-28 05:49:42.078546
4cae95,RYR4HK  ,Ireland,1790574570.0,1790574570,25.9301,44.5534,579.12,False,92.09,83.91,-3.9,,716.28,,False,0,2026-09-28 05:49:42.078546
4cae90,RYR6QF  ,Ireland,1790574569.0,1790574573,17.7032,40.9531,10972.8,False,221.74,30.07,0.0,,11407.14,6564,False,0,2026-09-28 05:49:42.078546
4cae91,RYR89XA ,Ireland,1790574572.0,1790574572,-6.2497,53.4203,,True,4.89,227.81,,,,,False,0,2026-09-28 05:49:42.078546
846844,ANA624  ,Japan,1790574574.0,1790574574,139.785,35.5626,,True,9.26,149.06,,,,2423,False,0,2026-09-28 05:49:42.078546
4073a0,EZY18NY ,United Kingdom,1790574574.0,1790574574,0.5273,47.8014,11407.14,False,211.53,170.06,1.3,,11757.66,5244,False,0,2026-09-28 05:49:42.078546
7c42d2,NWK6236 ,Australia,1790574574.0,1790574574,115.9647,-31.9347,,True,7.72,115.31,,,,,False,0,2026-09-28 05:49:42.078546
4d22af,RYR7KJ  ,Malta,1790574574.0,1790574575,8.5405,43.3436,11269.98,False,230.85,222.47,0.0,,11734.8,1000,False,0,2026-09-28 05:49:42.078546
4d22ab,KMM612  ,Malta,1790574574.0,1790574574,11.8333,41.5484,3924.3,False,162.47,10.03,-8.78,,4191.0,6562,False,0,2026-09-28 05:49:42.078546
ac28e5,SWA1529 ,United States,1790574574.0,1790574575,-114.6348,36.0252,2865.12,False,127.69,307.47,-5.53,,2956.56,1464,False,0,2026-09-28 05:49:42.078546
4d22c1,RYR2LF  ,Malta,1790574574.0,1790574574,0.6515,40.3026,10668.0,False,219.89,227.28,0.0,,11170.92,4017,False,0,2026-09-28 05:49:42.078546
300738,DLH9YA  ,Italy,1790574574.0,1790574574,9.1063,50.1881,1920.24,False,137.8,230.61,-6.18,,2103.12,1000,False,0,2026-09-28 05:49:42.078546
4d22c2,RYR95ZG ,Malta,1790574574.0,1790574574,13.0978,48.0493,10972.8,False,225.24,343.14,0.0,,11422.38,5640,False,0,2026-09-28 05:49:42.078546
4cae63,RYR63PD ,Ireland,1790574574.0,1790574574,0.9482,51.8514,2766.06,False,158.39,82.16,13.98,,2872.74,3446,False,0,2026-09-28 05:49:42.078546
4cae64,RYR7JU  ,Ireland,1790574574.0,1790574574,2.5945,52.7033,9517.38,False,199.22,222.17,-10.4,,9829.8,3530,False,0,2026-09-28 05:49:42.078546
4cae65,RYR5UP  ,Ireland,1790574574.0,1790574574,11.9595,40.5363,10012.68,False,234.41,351.8,-10.08,,10477.5,6563,False,0,2026-09-28 05:49:42.078546
4cae66,RYR2UC  ,Ireland,1790574573.0,1790574573,20.1417,42.7881,11277.6,False,253.19,134.67,0.0,,11658.6,2504,False,0,2026-09-28 05:49:42.078546
4d22b6,RYR4328 ,Malta,1790574575.0,1790574575,23.2782,39.6633,11277.6,False,243.62,158.96,0.0,,11635.74,7111,False,0,2026-09-28 05:49:42.078546
4cae60,RYR37XZ ,Ireland,1790574575.0,1790574575,4.1663,52.2133,11277.6,False,256.29,26.72,0.0,,11612.88,5365,False,0,2026-09-28 05:49:42.078546
4d22b7,RYR9LX  ,Malta,1790574265.0,1790574265,17.5965,43.3501,5006.34,False,191.65,171.04,-7.15,,5600.7,1000,False,0,2026-09-28 05:49:42.078546
4cae61,RYR1108 ,Ireland,1790574574.0,1790574574,-0.8264,38.4031,2407.92,False,139.57,247.69,-2.93,,2598.42,6301,False,0,2026-09-28 05:49:42.078546
4cae62,RYR55GG ,Ireland,1790574574.0,1790574574,23.8199,47.6219,11277.6,False,229.59,92.05,0.0,,11567.16,1000,False,0,2026-09-28 05:49:42.078546
4d22b9,RYR536P ,Malta,1790574574.0,1790574574,13.3306,43.9281,8633.46,False,219.67,70.29,-12.35,,9083.04,1000,False,0,2026-09-28 05:49:42.078546
4d22b2,RYR708  ,Malta,1790574574.0,1790574574,28.8192,38.3482,10675.62,False,239.95,143.72,0.33,,10957.56,7102,False,0,2026-09-28 05:49:42.078546
a32449,AAY22   ,United States,1790574458.0,1790574458,-110.5412,37.3452,9761.22,False,201.67,261.79,0.0,,10241.28,1734,False,0,2026-09-28 05:49:42.078546
4d22b3,RYR1P   ,Malta,1790574574.0,1790574574,7.5439,47.5613,784.86,False,89.21,187.29,9.1,,906.78,,False,0,2026-09-28 05:49:42.078546
4d22b5,RYR9SJ  ,Malta,1790574574.0,1790574574,20.1018,37.9825,2659.38,False,108.7,65.98,-2.6,,2811.78,7107,False,0,2026-09-28 05:49:42.078546
4cae4a,RYR54RK ,Ireland,1790574575.0,1790574575,19.7171,49.9474,11277.6,False,214.23,27.61,0.0,,11650.98,6573,False,0,2026-09-28 05:49:42.078546
4cae4c,RYR2NN  ,Ireland,1790574574.0,1790574574,7.4511,50.91,2575.56,False,144.19,310.22,-2.93,,2766.06,2763,False,0,2026-09-28 05:49:42.078546
a12ae5,UAL3767 ,United States,1790574574.0,1790574574,-92.4743,35.8523,11887.2,False,214.29,22.44,0.0,,12382.5,2567,False,0,2026-09-28 05:49:42.078546
4d22bf,RYR5868 ,Malta,1790574575.0,1790574575,8.101,51.4039,8282.94,False,201.48,281.34,-7.48,,8663.94,1000,False,0,2026-09-28 05:49:42.078546
4cae6b,RYR145Q ,Ireland,1790574574.0,1790574574,23.5544,37.3608,11887.2,False,254.8,109.46,0.0,,12283.44,0410,False,0,2026-09-28 05:49:42.078546
4d22bb,RYR7BV  ,Malta,1790574574.0,1790574574,11.9498,48.1303,10972.8,False,234.14,19.51,0.33,,11422.38,1000,False,0,2026-09-28 05:49:42.078546
4d22bd,RYR1YX  ,Malta,1790574297.0,1790574297,23.9434,37.9289,,True,6.43,306.56,,,,7103,False,0,2026-09-28 05:49:42.078546
4d22be,RYR74YD ,Malta,1790574574.0,1790574574,7.235,43.4342,10972.8,False,231.74,44.19,0.0,,11445.24,5355,False,0,2026-09-28 05:49:42.078546
ac5e47,SWA5037 ,United States,1790574575.0,1790574575,-116.7145,36.5351,9471.66,False,245.11,317.81,4.55,,9837.42,,False,0,2026-09-28 05:49:42.078546
4d22c3,RYR29UZ ,Malta,1790574574.0,1790574574,15.9179,48.6351,7513.32,False,215.69,293.32,8.13,,7863.84,5144,False,0,2026-09-28 05:49:42.078546
4d22c4,RYR71BB ,Malta,1790574574.0,1790574574,7.9072,49.4474,10965.18,False,220.27,275.76,-0.33,,11407.14,1000,False,0,2026-09-28 05:49:42.078546
4d22c6,RYR27BR ,Malta,1790574574.0,1790574574,2.4706,39.7119,11277.6,False,216.12,263.03,0.0,,11780.52,1000,False,0,2026-09-28 05:49:42.078546
846866,ANA696  ,Japan,1790574574.0,1790574575,139.7703,35.5595,,True,50.42,216.56,,,,2273,False,0,2026-09-28 05:49:42.078546
4d22ba,RYR6TR  ,Malta,1790574574.0,1790574574,1.5715,42.0696,10972.8,False,234.69,353.2,0.0,,11437.62,1000,False,0,2026-09-28 05:49:42.078546
a57796,UAL1693 ,United States,1790574417.0,1790574418,-74.182,40.6836,,True,0.0,275.62,,,,,False,0,2026-09-28 05:49:42.078546
aad5ca,AAL908  ,United States,1790574574.0,1790574574,-70.0628,-2.9471,10972.8,False,252.3,335.42,0.0,,11742.42,,False,0,2026-09-28 05:49:42.078546
33fe0b,IEI2856 ,Italy,1790574573.0,1790574574,10.7781,41.5426,3962.4,False,132.92,197.8,0.0,,4206.24,,False,0,2026-09-28 05:49:42.078546
ad6b16,AVA160  ,United States,1790574574.0,1790574575,-46.5839,-23.1902,3764.28,False,156.77,309.54,9.1,,3992.88,,False,0,2026-09-28 05:49:42.078546
3cefbd,SCR187  ,Germany,1790574574.0,1790574574,12.5905,50.6566,6111.24,False,207.33,48.32,-8.78,,6408.42,5014,False,0,2026-09-28 05:49:42.078546
acae2e,AAL2545 ,United States,1790574574.0,1790574574,-106.2257,41.9667,10972.8,False,194.11,258.69,0.0,,11414.76,1327,False,0,2026-09-28 05:49:42.078546
4cae9b,RYR66AH ,Ireland,1790574400.0,1790574400,-3.3598,55.9524,,True,9.26,59.06,,,,,False,0,2026-09-28 05:49:42.078546
3c4667,ATV107  ,Germany,1790574574.0,1790574574,9.4651,47.8098,3185.16,False,119.59,6.42,6.83,,3421.38,7534,False,0,2026-09-28 05:49:42.078546
4cae9d,RYR2KR  ,Ireland,1790574574.0,1790574574,0.0904,53.5346,11064.24,False,230.08,117.14,3.58,,11269.98,0542,False,0,2026-09-28 05:49:42.078546
8969dd,A6GBA   ,United Arab Emirates,1790574574.0,1790574575,55.2794,24.5712,2514.6,False,70.41,328.75,-2.93,,2613.66,6054,False,0,2026-09-28 05:49:42.078546
4cae8e,SAS500  ,Ireland,1790574575.0,1790574575,-0.478,51.635,1821.18,False,145.94,59.73,6.83,,1920.24,1417,False,0,2026-09-28 05:49:42.078546
ad6b0e,AMX071  ,United States,1790574575.0,1790574575,-80.3178,45.7113,12192.0,False,249.12,213.89,-0.33,,12565.38,0707,False,0,2026-09-28 05:49:42.078546
a49df4,N397MY  ,United States,1790574569.0,1790574570,-99.4934,41.1222,8229.6,False,162.31,158.23,0.0,,8641.08,,False,0,2026-09-28 05:49:42.078546
a2f129,YEL9    ,United States,1790574574.0,1790574574,-113.0078,34.6922,8823.96,False,196.03,319.79,5.2,,9273.54,,False,0,2026-09-28 05:49:42.078546
aac8a4,UAL888  ,United States,1790574574.0,1790574575,127.7977,36.9309,9753.6,False,210.94,304.97,0.0,,10210.8,6147,False,0,2026-09-28 05:49:42.078546
c00926,WJA580  ,Canada,1790574574.0,1790574574,-106.5752,52.9184,11277.6,False,251.0,98.13,0.0,,11285.22,,False,0,2026-09-28 05:49:42.078546
86d310,ANA87   ,Japan,1790574574.0,1790574574,128.1573,27.2845,8534.4,False,274.53,231.39,0.0,,9151.62,,False,0,2026-09-28 05:49:42.078546
407267,EXS1689 ,United Kingdom,1790574574.0,1790574574,-2.3211,49.8828,10668.0,False,203.16,205.98,0.0,,10942.32,5213,False,0,2026-09-28 05:49:42.078546
469534,SEH050  ,Greece,1790574574.0,1790574574,27.0614,36.8488,4259.58,False,139.74,341.77,-0.98,,4373.88,,False,0,2026-09-28 05:49:42.078546
8a0ac8,TNU541  ,Indonesia,1790574574.0,1790574574,103.7269,1.9238,11590.02,False,245.58,304.59,0.0,,12367.26,,False,0,2026-09-28 05:49:42.078546
398699,DJT101  ,France,1790574574.0,1790574575,0.1469,47.8684,6118.86,False,218.48,76.52,-12.35,,6393.18,6304,False,0,2026-09-28 05:49:42.078546
a4cd23,JBU331  ,United States,1790574574.0,1790574574,8.7235,45.6283,,True,23.15,348.75,,,,2202,False,0,2026-09-28 05:49:42.078546
a96bfd,N706MT  ,United States,1790574574.0,1790574574,-81.4771,29.2943,601.98,False,59.55,148.78,-2.93,,617.22,0453,False,0,2026-09-28 05:49:42.078546
71bc36,AIH793  ,Republic of Korea,1790574574.0,1790574575,5.2848,51.5949,10363.2,False,228.68,286.6,0.0,,10698.48,3121,False,0,2026-09-28 05:49:42.078546
800b14,IGO5151 ,India,1790574573.0,1790574573,72.0781,20.147,7383.78,False,212.98,180.14,-5.2,,8511.54,,False,0,2026-09-28 05:49:42.078546
a35d79,,United States,1790574548.0,1790574548,-122.3018,47.4419,,True,0.06,47.81,,,,,False,0,2026-09-28 05:49:42.078546
71bc23,AIH587  ,Republic of Korea,1790574575.0,1790574575,-73.865,40.5202,655.32,False,77.47,30.31,0.0,,571.5,5727,False,0,2026-09-28 05:49:42.078546
4b3cfb,HBXCL   ,Switzerland,1790574566.0,1790574567,7.8883,46.0633,3451.86,False,68.42,46.83,-5.85,,3657.6,,False,0,2026-09-28 05:49:42.078546
348396,ECOLO   ,Spain,1790574567.0,1790574568,-6.0718,36.7266,182.88,False,46.09,213.16,2.6,,251.46,7311,False,0,2026-09-28 05:49:42.078546
ad28ce,SKW5248 ,United States,1790574567.0,1790574574,-122.3867,37.6216,,True,0.0,120.94,,,,,False,0,2026-09-28 05:49:42.078546
7c57f6,RNS     ,Australia,1790574574.0,1790574574,152.9969,-27.5699,,True,5.92,196.88,,,,,False,0,2026-09-28 05:49:42.078546
4d2303,RYR48UK ,Malta,1790574575.0,1790574575,10.9137,49.0963,11277.6,False,241.58,24.0,0.0,,11719.56,7526,False,0,2026-09-28 05:49:42.078546
a8aef3,JBU193  ,United States,1790574544.0,1790574544,-77.0439,32.9115,10980.42,False,217.11,193.71,0.0,,11452.86,1652,False,0,2026-09-28 05:49:42.078546
4d2301,RYR8417 ,Malta,1790574574.0,1790574574,18.1672,45.293,11277.6,False,258.62,158.9,0.0,,11681.46,6027,False,0,2026-09-28 05:49:42.078546
a80595,FFT1821 ,United States,1790574574.0,1790574574,-113.4278,36.7293,7315.2,False,190.54,250.44,0.0,,7650.48,4170,False,0,2026-09-28 05:49:42.078546
800b07,VTHLH   ,India,1790574532.0,1790574532,72.6089,19.1501,167.64,False,71.0,89.17,0.33,,99.06,,False,0,2026-09-28 05:49:42.078546
3c56ef,EWG1UX  ,Germany,1790574573.0,1790574574,25.3521,36.1931,4777.74,False,214.31,148.45,-4.88,,4998.72,7663,False,0,2026-09-28 05:49:42.078546
ac4ffb,SWA679  ,United States,1790574471.0,1790574471,-118.3629,38.017,8526.78,False,224.11,307.63,0.33,,8770.62,,False,0,2026-09-28 05:49:42.078546
3c56ee,EWG6KW  ,Germany,1790574566.0,1790574566,7.1267,50.8779,,True,10.29,317.81,,,,1121,False,0,2026-09-28 05:49:42.078546
3c56ed,EWG4Z   ,Germany,1790574574.0,1790574575,9.1541,48.4906,6979.92,False,177.73,218.06,-7.48,,7360.92,1000,False,0,2026-09-28 05:49:42.078546
800b57,VTAUV   ,India,1790574491.0,1790574491,75.8036,14.7448,11887.2,False,221.19,134.25,0.0,,12595.86,,False,0,2026-09-28 05:49:42.078546
4d234a,RYR62HD ,Malta,1790574574.0,1790574575,18.7713,46.4434,10972.8,False,211.71,320.82,0.0,,11353.8,1754,False,0,2026-09-28 05:49:42.078546
4cacdd,RYR7051 ,Ireland,1790574507.0,1790574558,0.3027,51.541,10668.0,False,195.73,142.05,0.0,,10949.94,,False,0,2026-09-28 05:49:42.078546
4cacde,,Ireland,,1790574571,,,,False,193.16,142.03,-1.63,,,,False,0,2026-09-28 05:49:42.078546
4cacdf,RYR7051 ,Ireland,1790574574.0,1790574574,0.4175,51.4491,10652.76,False,192.44,142.06,-2.28,,10942.32,5223,False,0,2026-09-28 05:49:42.078546
aa9b65,SWA2644 ,United States,1790574352.0,1790574352,-98.4906,29.5467,289.56,False,69.21,131.99,-3.58,,297.18,0340,False,0,2026-09-28 05:49:42.078546
46d0ad,SEH471  ,Greece,1790574573.0,1790574574,23.8451,37.6162,1607.82,False,115.31,300.57,-3.58,,1706.88,,False,0,2026-09-28 05:49:42.078546
3c56f5,EWG6NT  ,Germany,1790574574.0,1790574574,19.7459,46.7379,11277.6,False,253.58,157.08,0.0,,11643.36,7622,False,0,2026-09-28 05:49:42.078546
4cacdb,RYR7051 ,Ireland,1790574571.0,1790574571,0.4127,51.453,10652.76,False,195.73,142.05,0.0,,10942.32,,False,0,2026-09-28 05:49:42.078546
3c56ec,EWG56R  ,Germany,1790574574.0,1790574574,9.8686,53.5966,2232.66,False,151.92,337.08,-4.88,,2400.3,5043,False,0,2026-09-28 05:49:42.078546
3c56eb,EWG47Z  ,Germany,1790574574.0,1790574575,9.521,49.3522,3924.3,False,169.94,214.27,-5.53,,4206.24,1362,False,0,2026-09-28 05:49:42.078546
3c56ea,EWG73X  ,Germany,1790574575.0,1790574575,8.6271,46.4097,8313.42,False,220.49,175.05,-12.68,,8763.0,1000,False,0,2026-09-28 05:49:42.078546
46d0a3,SEH760  ,Greece,1790574574.0,1790574574,23.689,40.4146,10668.0,False,214.75,349.93,0.0,,10995.66,,False,0,2026-09-28 05:49:42.078546
4d2366,ANE30BT ,Malta,1790574574.0,1790574574,-4.8399,37.0133,6096.0,False,138.06,297.52,0.33,,6416.04,5132,False,0,2026-09-28 05:49:42.078546
4d2367,ANE64RQ ,Malta,1790574574.0,1790574574,-4.161,36.5024,3619.5,False,112.92,132.05,-0.33,,3848.1,5121,False,0,2026-09-28 05:49:42.078546
4d2368,RYR68GA ,Malta,1790574574.0,1790574574,-3.9736,53.583,7856.22,False,216.28,282.78,8.45,,7970.52,6030,False,0,2026-09-28 05:49:42.078546
800b63,AXB136  ,India,1790574574.0,1790574574,77.3858,28.4447,1699.26,False,105.72,23.82,-7.48,,1714.5,,False,0,2026-09-28 05:49:42.078546
800b62,AXB904  ,India,1790574574.0,1790574574,84.7094,17.0906,11285.22,False,232.67,82.12,0.0,,11993.88,,False,0,2026-09-28 05:49:42.078546
4d234c,RYR9TN  ,Malta,1790574574.0,1790574574,14.4164,35.8968,876.3,False,117.78,308.97,16.26,,998.22,6572,False,0,2026-09-28 05:49:42.078546
4d234d,RYR50XX ,Malta,1790574574.0,1790574574,13.0333,46.2099,11582.4,False,233.66,199.55,0.0,,12031.98,6015,False,0,2026-09-28 05:49:42.078546
4d234f,RYR6SF  ,Malta,1790574574.0,1790574574,0.1271,51.8138,556.26,False,87.7,43.34,-2.93,,655.32,6355,False,0,2026-09-28 05:49:42.078546
a661c7,DAL197  ,United States,1790574574.0,1790574575,139.8169,36.4619,12496.8,False,211.47,234.11,0.0,,13144.5,3103,False,0,2026-09-28 05:49:42.078546
348358,BCS238P ,Spain,1790574378.0,1790574388,-8.6806,41.2542,,True,10.8,2.81,,,,5464,False,0,2026-09-28 05:49:42.078546
3985a3,AFR62MU ,France,1790574575.0,1790574575,3.3952,48.5477,4457.7,False,178.88,101.28,18.21,,4701.54,,False,0,2026-09-28 05:49:42.078546
800b2b,IGO2111 ,India,1790574574.0,1790574574,77.8341,28.5094,3794.76,False,150.04,260.93,-4.88,,3931.92,,False,0,2026-09-28 05:49:42.078546
3985a1,AFR7323 ,France,1790574574.0,1790574574,5.1906,46.177,10363.2,False,222.88,337.76,0.0,,10812.78,1000,False,0,2026-09-28 05:49:42.078546
8468ee,ANA1278 ,Japan,1790574574.0,1790574574,141.1774,42.3533,5707.38,False,193.17,241.18,4.23,,5867.4,,False,0,2026-09-28 05:49:42.078546
3985a7,AFR47EX ,France,1790574574.0,1790574574,3.0581,46.8788,10668.0,False,228.64,162.99,0.0,,11079.48,1000,False,0,2026-09-28 05:49:42.078546
00aeff,LNK920K ,South Africa,1790574573.0,1790574573,20.7757,-32.6064,10629.9,False,260.81,49.24,2.6,,11026.14,,False,0,2026-09-28 05:49:42.078546
4d2346,RYR3GM  ,Malta,1790574574.0,1790574574,2.1613,51.086,9319.26,False,231.43,123.76,6.5,,9631.68,7312,False,0,2026-09-28 05:49:42.078546
7c455d,NZJ     ,Australia,1790574575.0,1790574575,143.2382,-38.3118,937.26,False,52.78,263.84,-0.65,,1074.42,1200,False,0,2026-09-28 05:49:42.078546
4d2342,FJO62L  ,Malta,1790574574.0,1790574574,21.2469,42.2435,12573.0,False,225.77,310.84,-1.95,,12946.38,5341,False,0,2026-09-28 05:49:42.078546
a47d69,ASA830  ,United States,1790574574.0,1790574574,-120.9019,38.069,11277.6,False,278.68,62.16,-0.33,,11643.36,2456,False,0,2026-09-28 05:49:42.078546
a0c960,N15RU   ,United States,1790574314.0,1790574314,110.3983,-6.975,9448.8,False,138.45,91.7,0.0,,10104.12,,False,0,2026-09-28 05:49:42.078546
4d2390,FHM1731 ,Malta,1790574574.0,1790574574,25.637,38.3267,11170.92,False,248.27,145.98,-5.2,,11521.44,6415,False,0,2026-09-28 05:49:42.078546
4d2392,EWG9UH  ,Malta,1790574574.0,1790574574,2.2212,51.4171,10363.2,False,199.06,280.87,0.0,,10683.24,2561,False,0,2026-09-28 05:49:42.078546
a817b1,QXE2421 ,United States,1790574575.0,1790574575,-122.4513,45.5663,571.5,False,85.28,264.46,-2.6,,579.12,4172,False,0,2026-09-28 05:49:42.078546
a59d63,,United States,,1790574440,,,,False,233.8,69.25,0.33,,,,False,0,2026-09-28 05:49:42.078546
a12fda,DAL960  ,United States,1790574574.0,1790574574,-108.2906,39.2132,11269.98,False,277.77,72.87,-0.65,,11750.04,1331,False,0,2026-09-28 05:49:42.078546
ad1697,SWA4042 ,United States,1790574574.0,1790574575,-115.6124,35.8637,6568.44,False,195.38,276.96,15.28,,6827.52,,False,0,2026-09-28 05:49:42.078546
4d236b,RYR5EE  ,Malta,1790574575.0,1790574575,-4.69,49.3942,10972.8,False,254.25,334.21,0.0,,11193.78,5326,False,0,2026-09-28 05:49:42.078546
4d236c,RYR40AU ,Malta,1790574574.0,1790574574,-6.0588,53.3338,3870.96,False,193.77,99.01,12.68,,3931.92,6023,False,0,2026-09-28 05:49:42.078546
ad0375,AVA112  ,United States,1790574574.0,1790574575,-58.6041,-34.116,8321.04,False,206.03,357.14,10.08,,8679.18,0367,False,0,2026-09-28 05:49:42.078546
8468aa,ANA2154 ,Japan,1790574574.0,1790574575,140.5752,36.4162,4450.08,False,147.43,197.04,-2.93,,4678.68,3420,False,0,2026-09-28 05:49:42.078546
a59d5f,AAL58   ,United States,1790574574.0,1790574574,-121.4122,33.015,10972.8,False,278.45,58.6,0.0,,11498.58,,False,0,2026-09-28 05:49:42.078546
8a0adb,TNU080  ,Indonesia,1790574574.0,1790574574,116.0751,-31.6983,1226.82,False,92.42,258.44,-5.2,,1234.44,4116,False,0,2026-09-28 05:49:42.078546
86837c,ANA67   ,Japan,1790574573.0,1790574575,140.2606,38.0218,12237.72,False,250.72,11.84,5.2,,12771.12,2424,False,0,2026-09-28 05:49:42.078546
3c56f0,EWG58L  ,Germany,1790574574.0,1790574574,3.2957,40.4919,9685.02,False,212.17,201.78,-4.23,,10172.7,1000,False,0,2026-09-28 05:49:42.078546
3c56f4,EWG6FM  ,Germany,1790574574.0,1790574574,9.9411,49.5472,10675.62,False,213.67,137.05,0.0,,11109.96,7647,False,0,2026-09-28 05:49:42.078546
3c56f3,EWG5XM  ,Germany,1790574524.0,1790574524,7.13,50.8783,,True,1.8,75.94,,,,,False,0,2026-09-28 05:49:42.078546
a06646,AAL1366 ,United States,1790574574.0,1790574574,-73.5232,40.8363,10675.62,False,251.66,60.08,0.0,,11003.28,0534,False,0,2026-09-28 05:49:42.078546
4d2383,RYR19BT ,Malta,1790574575.0,1790574575,-2.3483,53.0839,2994.66,False,146.91,164.36,13.33,,3070.86,0563,False,0,2026-09-28 05:49:42.078546
4bd062,TCTCB   ,Turkey,1790574574.0,1790574574,20.212,40.5296,11582.4,False,217.8,274.61,-0.33,,11963.4,2353,False,0,2026-09-28 05:49:42.078546
4d2385,RYR8334 ,Malta,1790574575.0,1790574575,1.376,38.8759,,True,4.89,241.88,,,,1000,False,0,2026-09-28 05:49:42.078546
a8f28f,FFT4106 ,United States,1790574524.0,1790574524,-84.4253,33.6373,,True,1.03,270.0,,,,,False,0,2026-09-28 05:49:42.078546
348412,AEA24UW ,Spain,1790574574.0,1790574574,-7.3901,38.3057,11887.2,False,208.96,222.81,0.0,,12336.78,2612,False,0,2026-09-28 05:49:42.078546
7c582c,RPA     ,Australia,1790574288.0,1790574290,139.0432,-33.7841,1051.56,False,61.92,98.6,-2.93,,1181.1,,False,0,2026-09-28 05:49:42.078546
a44964,UAL2129 ,United States,1790574575.0,1790574575,-113.1587,35.3383,10058.4,False,282.11,62.41,0.33,,10546.08,3312,False,0,2026-09-28 05:49:42.078546
0d0ecf,VIV2279 ,Mexico,1790574574.0,1790574574,-86.8741,21.0387,,True,0.0,33.75,,,,,False,0,2026-09-28 05:49:42.078546
84b7fa,ANA991  ,Japan,1790574567.0,1790574570,134.89,34.0997,2819.4,False,113.43,286.87,-2.28,,2971.8,2204,False,0,2026-09-28 05:49:42.078546
348401,ANE2530 ,Spain,1790574574.0,1790574574,1.7298,38.8664,3139.44,False,148.99,255.2,-5.85,,3345.18,,False,0,2026-09-28 05:49:42.078546
862d50,JAL567  ,Japan,1790574300.0,1790574301,144.1617,43.8988,167.64,False,69.26,174.46,-3.9,,121.92,,False,0,2026-09-28 05:49:42.078546
04c21a,JMA8601 ,Kenya,1790574574.0,1790574574,36.805,-1.409,2308.86,False,88.93,54.65,-4.23,,2438.4,,False,0,2026-09-28 05:49:42.078546
a4493e,UAL387  ,United States,1790574482.0,1790574482,-112.0621,37.7708,10058.4,False,278.39,51.75,0.0,,10523.22,7263,False,0,2026-09-28 05:49:42.078546
a4493d,UAL540  ,United States,1790574574.0,1790574574,-117.1873,32.7318,,True,8.23,104.06,,,,,False,0,2026-09-28 05:49:42.078546
a4493c,UAL1932 ,United States,1790574571.0,1790574571,-104.6766,39.86,,True,0.51,180.0,,,,5620,False,0,2026-09-28 05:49:42.078546
a1d63d,UAL1517 ,United States,1790574264.0,1790574264,-87.916,41.9705,,True,5.92,295.31,,,,0553,False,0,2026-09-28 05:49:42.078546
4d228f,RYR1ZJ  ,Malta,1790574574.0,1790574575,2.7844,44.3328,11887.2,False,218.82,175.42,0.0,,12321.54,1000,False,0,2026-09-28 05:49:42.078546
4d228a,RYR27CF ,Malta,1790574573.0,1790574574,2.5965,39.8386,11277.6,False,223.27,208.34,0.0,,11780.52,1000,False,0,2026-09-28 05:49:42.078546
4083e6,EZY86ZC ,United Kingdom,1790574574.0,1790574574,8.3031,49.0937,11277.6,False,235.5,118.58,0.0,,11704.32,5212,False,0,2026-09-28 05:49:42.078546
8681ba,SKY554  ,Japan,1790574574.0,1790574574,127.8868,26.8765,6614.16,False,207.46,35.82,2.93,,7040.88,,False,0,2026-09-28 05:49:42.078546
4d2296,TMT2DP  ,Malta,1790574575.0,1790574575,9.7403,53.4908,640.08,False,115.14,233.54,4.23,,746.76,1336,False,0,2026-09-28 05:49:42.078546
3d7829,DFRTH   ,Germany,1790574574.0,1790574574,7.1448,51.9597,4945.38,False,133.78,219.38,-5.85,,5204.46,1363,False,0,2026-09-28 05:49:42.078546
8681b2,SKY008  ,Japan,1790574574.0,1790574574,139.9122,35.6157,662.94,False,82.94,225.0,-4.55,,647.7,7336,False,0,2026-09-28 05:49:42.078546
a44939,UAL3874 ,United States,1790574573.0,1790574573,-78.9153,31.6809,11277.6,False,257.57,19.48,0.0,,11772.9,,False,0,2026-09-28 05:49:42.078546
862d72,JAL972  ,Japan,1790574574.0,1790574574,139.8155,35.5347,,True,61.73,222.19,,,,7360,False,0,2026-09-28 05:49:42.078546
8681b7,SKY136  ,Japan,1790574574.0,1790574574,135.0012,34.615,952.5,False,116.97,83.69,0.65,,975.36,,False,0,2026-09-28 05:49:42.078546
4d229d,CAI8YG  ,Malta,1790574572.0,1790574573,30.1283,37.4307,6598.92,False,211.54,139.14,-10.73,,6797.04,7607,False,0,2026-09-28 05:49:42.078546
a5b954,SWA3431 ,United States,1790574571.0,1790574571,-117.1807,32.7304,,True,1.8,106.88,,,,6742,False,0,2026-09-28 05:49:42.078546
ac4fb5,SWA168  ,United States,1790574574.0,1790574574,-122.2293,37.7141,,True,12.35,132.19,,,,3233,False,0,2026-09-28 05:49:42.078546
8681ae,SKY636  ,Japan,1790574573.0,1790574573,135.1978,33.4735,8404.86,False,257.61,46.29,-2.6,,8953.5,,False,0,2026-09-28 05:49:42.078546
4083d3,EZY78NT ,United Kingdom,1790574574.0,1790574574,1.3014,49.4511,10668.0,False,223.58,142.76,0.0,,11010.9,6373,False,0,2026-09-28 05:49:42.078546
4cad28,RYR7LD  ,Ireland,1790574574.0,1790574575,-0.933,50.8299,10972.8,False,264.27,17.09,0.0,,11247.12,5346,False,0,2026-09-28 05:49:42.078546
ad292a,SWA1646 ,United States,1790574573.0,1790574574,-117.2785,37.3124,10972.8,False,242.17,335.39,-0.33,,11376.66,,False,0,2026-09-28 05:49:42.078546
85d7c0,ANA580  ,Japan,1790574571.0,1790574571,126.5536,26.185,9448.8,False,235.49,39.15,0.0,,10134.6,,False,0,2026-09-28 05:49:42.078546
0d0ea1,VIV5043 ,Mexico,1790574570.0,1790574570,-112.7892,29.8505,10972.8,False,226.0,319.89,0.0,,11681.46,,False,0,2026-09-28 05:49:42.078546
84b7c3,APJ25   ,Japan,1790574508.0,1790574528,135.2408,34.4503,,True,0.51,323.44,,,,,False,0,2026-09-28 05:49:42.078546
7c587e,RRK     ,Australia,1790574573.0,1790574574,151.4345,-33.2112,99.06,False,58.09,247.07,-0.33,,259.08,,False,0,2026-09-28 05:49:42.078546
abe959,FDX10   ,United States,1790574574.0,1790574574,-59.0303,45.2238,11277.6,False,269.64,72.91,0.0,,11780.52,1507,False,0,2026-09-28 05:49:42.078546
398600,AFR38JF ,France,1790574575.0,1790574575,-2.5571,43.4556,5394.96,False,173.31,97.5,8.13,,5661.66,,False,0,2026-09-28 05:49:42.078546
398601,AFR28NP ,France,1790574575.0,1790574575,5.401,51.7023,10972.8,False,215.43,208.22,-0.33,,11323.32,1000,False,0,2026-09-28 05:49:42.078546
398602,AFR88GX ,France,1790574574.0,1790574574,-1.9327,43.2177,10972.8,False,262.06,35.25,-0.33,,11346.18,1403,False,0,2026-09-28 05:49:42.078546
a1b024,N208EE  ,United States,1790574426.0,1790574426,-157.3983,20.9078,2468.88,False,93.39,287.64,-0.98,,2606.04,,False,0,2026-09-28 05:49:42.078546
7c585f,VOZ1327 ,Australia,1790574574.0,1790574574,147.3338,-42.0523,8892.54,False,223.21,349.78,7.15,,9044.94,,False,0,2026-09-28 05:49:42.078546
398604,AFR41CG ,France,1790574574.0,1790574575,4.9296,49.62,7315.2,False,200.37,258.75,0.0,,7627.62,1000,False,0,2026-09-28 05:49:42.078546
c8200a,ANZ105M ,New Zealand,1790574574.0,1790574575,175.59,-40.0293,2377.44,False,128.18,174.47,-6.5,,2316.48,,False,0,2026-09-28 05:49:42.078546
a7f7fc,UPS18   ,United States,1790574574.0,1790574575,114.2922,22.3489,1402.08,False,105.58,317.37,0.0,,1470.66,,False,0,2026-09-28 05:49:42.078546
84b7d8,ANA974  ,Japan,1790574489.0,1790574489,135.2579,34.4366,38.1,False,67.65,230.86,-2.93,,60.96,6060,False,0,2026-09-28 05:49:42.078546
a44982,UAL2469 ,United States,1790574574.0,1790574574,-112.7664,37.9742,10668.0,False,259.03,103.79,-0.33,,11117.58,3617,False,0,2026-09-28 05:49:42.078546
8694b6,ANA7    ,Japan,1790574553.0,1790574556,145.0453,35.2911,10972.8,False,219.88,267.45,0.0,,11666.22,,False,0,2026-09-28 05:49:42.078546
a44984,UAL2093 ,United States,1790574575.0,1790574575,-86.2663,41.9214,10668.0,False,242.03,87.44,0.0,,11071.86,7346,False,0,2026-09-28 05:49:42.078546
7c585c,RQM     ,Australia,1790574569.0,1790574570,143.5504,-38.3002,762.0,False,50.35,82.37,-0.33,,876.3,,False,0,2026-09-28 05:49:42.078546
aaa326,AAL9600 ,United States,1790574575.0,1790574575,-66.8781,18.2326,12192.0,False,238.25,320.43,0.0,,12885.42,,False,0,2026-09-28 05:49:42.078546
4cad13,EAI8BR  ,Ireland,1790574570.0,1790574570,-6.2563,53.4292,,True,2.06,157.5,,,,,False,0,2026-09-28 05:49:42.078546
a61fa4,ASA1163 ,United States,1790574543.0,1790574547,-158.7896,21.5366,3497.58,False,211.71,295.32,-3.25,,3710.94,,False,0,2026-09-28 05:49:42.078546
4cad10,RYR9535 ,Ireland,1790574574.0,1790574574,10.451,47.9568,2293.62,False,130.4,58.88,-6.18,,2491.74,1000,False,0,2026-09-28 05:49:42.078546
aa9a57,SWA2281 ,United States,1790574574.0,1790574574,-120.092,34.3472,1310.64,False,120.78,265.36,-8.13,,1333.5,7714,False,0,2026-09-28 05:49:42.078546
4070e2,EXS17CG ,United Kingdom,1790574573.0,1790574573,-2.7228,51.3842,,True,0.0,87.19,,,,,False,0,2026-09-28 05:49:42.078546
0d0ed6,AMX022  ,Mexico,1790574574.0,1790574574,-83.0993,40.8414,11574.78,False,254.22,212.02,0.0,,11955.78,3104,False,0,2026-09-28 05:49:42.078546
4070e1,EXS15V  ,United Kingdom,1790574574.0,1790574574,-3.5757,49.856,10668.0,False,196.18,195.2,0.0,,10904.22,5226,False,0,2026-09-28 05:49:42.078546
4070e6,EXS823K ,United Kingdom,1790574574.0,1790574575,-7.5902,52.0691,10363.2,False,196.95,222.78,0.0,,10431.78,7664,False,0,2026-09-28 05:49:42.078546
4070e7,EXS6H   ,United Kingdom,1790574574.0,1790574574,-1.6584,53.8683,,True,1.03,45.0,,,,,False,0,2026-09-28 05:49:42.078546
4070e4,EXS7Q   ,United Kingdom,1790574575.0,1790574575,2.5278,52.3682,10668.0,False,225.57,114.81,0.0,,10957.56,4627,False,0,2026-09-28 05:49:42.078546
a4495b,UAL2211 ,United States,1790574574.0,1790574575,-116.1484,47.4875,10972.8,False,216.9,275.03,0.0,,11117.58,,False,0,2026-09-28 05:49:42.078546
a92650,TAI457  ,United States,1790574361.0,1790574361,-85.4389,8.2045,10675.62,False,244.87,145.44,0.33,,11422.38,,False,0,2026-09-28 05:49:42.078546
4c01e2,ASL94D  ,Serbia,1790574575.0,1790574575,19.4198,47.4968,10363.2,False,211.49,341.12,0.0,,10713.72,2663,False,0,2026-09-28 05:49:42.078546
4cad4f,RYR28TV ,Ireland,1790574575.0,1790574575,-0.9298,54.378,11277.6,False,222.76,127.4,0.0,,11437.62,7570,False,0,2026-09-28 05:49:42.078546
4c01e4,ASL38M  ,Serbia,1790574574.0,1790574574,25.0109,41.1937,10668.0,False,245.58,135.93,0.0,,10949.94,1142,False,0,2026-09-28 05:49:42.078546
4cad4b,ABR4CX  ,Ireland,1790574575.0,1790574575,8.9272,52.131,4869.18,False,185.65,78.01,-7.48,,5135.88,1000,False,0,2026-09-28 05:49:42.078546
4c01e0,ASL14B  ,Serbia,1790574574.0,1790574574,16.8515,51.7757,10363.2,False,218.46,336.7,0.0,,10751.82,2252,False,0,2026-09-28 05:49:42.078546
398640,CCM58XQ ,France,1790574574.0,1790574574,7.7457,43.274,2887.98,False,151.06,294.12,-2.28,,3131.82,,False,0,2026-09-28 05:49:42.078546
4c01e5,ASL340  ,Serbia,1790574574.0,1790574574,17.8016,46.4867,10370.82,False,209.61,295.75,0.0,,10759.44,4635,False,0,2026-09-28 05:49:42.078546
ad27f3,JBU277  ,United States,1790574575.0,1790574575,-121.1696,37.6051,5067.3,False,152.32,260.47,-7.48,,5158.74,3252,False,0,2026-09-28 05:49:42.078546
4d21c8,CXI3Z   ,Malta,1790574574.0,1790574574,16.5669,46.2088,10668.0,False,248.27,137.18,0.0,,11079.48,6403,False,0,2026-09-28 05:49:42.078546
7c43f1,NPF     ,Australia,1790574574.0,1790574575,144.7519,-37.9117,-7.62,False,32.04,174.47,-2.93,,144.78,1200,False,0,2026-09-28 05:49:42.078546
4d21c5,EQE926  ,Malta,1790574534.0,1790574542,16.5784,48.1193,,True,0.0,160.31,,,,,False,0,2026-09-28 05:49:42.078546
4c01f2,ASL86T  ,Serbia,1790574574.0,1790574575,16.5743,47.2437,10355.58,False,215.9,301.46,0.0,,10759.44,2661,False,0,2026-09-28 05:49:42.078546
86d1de,ANA252  ,Japan,1790574573.0,1790574573,139.7672,35.5528,,True,5.4,42.19,,,,2466,False,0,2026-09-28 05:49:42.078546
4c01f5,ASL49G  ,Serbia,1790572988.0,1790574574,16.6073,52.5228,10363.2,False,220.64,336.06,0.0,,10728.96,4702,False,0,2026-09-28 05:49:42.078546
4c01f4,ASL63H  ,Serbia,1790574575.0,1790574575,13.8676,42.4795,10363.2,False,234.95,249.22,0.0,,10812.78,7346,False,0,2026-09-28 05:49:42.078546
4cad5e,ITY1768 ,Ireland,1790574574.0,1790574574,9.3305,45.1667,1043.94,False,134.87,341.08,-9.43,,1188.72,1000,False,0,2026-09-28 05:49:42.078546
3c4589,BOX737  ,Germany,1790574574.0,1790574574,11.9523,51.4005,853.44,False,104.0,87.73,0.98,,982.98,6010,False,0,2026-09-28 05:49:42.078546
4cad49,ITY793  ,Ireland,1790574574.0,1790574574,125.779,37.4049,11003.28,False,185.74,269.05,-0.33,,11490.96,6164,False,0,2026-09-28 05:49:42.078546
3482d8,VLG5TT  ,Spain,1790574574.0,1790574574,2.7133,39.6753,4282.44,False,129.67,271.14,12.68,,4564.38,,False,0,2026-09-28 05:49:42.078546
3482d5,AEA045  ,Spain,1790574475.0,1790574492,-41.1029,-3.6627,11582.4,False,253.77,210.05,0.0,,12313.92,,False,0,2026-09-28 05:49:42.078546
84b940,JJP511  ,Japan,1790574574.0,1790574574,136.4283,35.232,11582.4,False,189.71,259.85,0.33,,12230.1,1764,False,0,2026-09-28 05:49:42.078546
a77035,DAL474  ,United States,1790574574.0,1790574574,-73.1902,42.7418,9456.42,False,231.01,90.89,-0.65,,9761.22,1676,False,0,2026-09-28 05:49:42.078546
3c4582,BOX530  ,Germany,1790574573.0,1790574573,12.2398,51.4116,,True,8.23,264.38,,,,,False,0,2026-09-28 05:49:42.078546
3c4585,BOX619  ,Germany,1790574575.0,1790574575,-121.758,37.2851,10668.0,False,252.34,140.04,0.0,,10957.56,7433,False,0,2026-09-28 05:49:42.078546
ab0a5c,N810LF  ,United States,1790574572.0,1790574572,-106.7303,32.3241,1280.16,False,3.92,203.2,-0.33,,1272.54,,False,0,2026-09-28 05:49:42.078546
3c458d,BOX565  ,Germany,1790574575.0,1790574575,40.8055,41.143,9753.6,False,244.98,259.35,0.0,,10149.84,3214,False,0,2026-09-28 05:49:42.078546
3c4593,BOX702  ,Germany,1790574574.0,1790574574,27.281,37.0269,11277.6,False,276.2,136.58,0.0,,11635.74,7436,False,0,2026-09-28 05:49:42.078546
4cad3f,RYR7ZL  ,Ireland,1790574575.0,1790574575,5.3612,52.4142,11277.6,False,243.56,95.82,0.0,,11628.12,4617,False,0,2026-09-28 05:49:42.078546
3c4590,BOX570  ,Germany,1790574575.0,1790574575,24.0553,45.7029,9448.8,False,251.22,119.98,0.33,,9723.12,4354,False,0,2026-09-28 05:49:42.078546
3c4591,BOX714  ,Germany,1790574574.0,1790574574,97.667,22.9675,11887.2,False,238.2,78.67,0.0,,12626.34,7202,False,0,2026-09-28 05:49:42.078546
4cad3a,RYR26RY ,Ireland,1790574575.0,1790574575,0.3701,46.3696,10972.8,False,250.51,9.69,0.0,,11361.42,2312,False,0,2026-09-28 05:49:42.078546
3c4597,BOX582  ,Germany,1790574574.0,1790574574,114.4835,40.4277,10088.88,False,304.33,92.52,-0.33,,10378.44,,False,0,2026-09-28 05:49:42.078546
4cad3d,RYR85FA ,Ireland,1790574574.0,1790574574,-0.3177,51.4719,5311.14,False,218.43,15.57,-5.53,,5501.64,5751,False,0,2026-09-28 05:49:42.078546
3c4595,BOX586  ,Germany,1790574550.0,1790574575,55.7609,24.2439,7277.1,False,220.68,42.35,-8.78,,7688.58,1631,False,0,2026-09-28 05:49:42.078546
4cad9f,EAI50E  ,Ireland,1790574574.0,1790574574,-6.3032,53.4243,487.68,False,61.48,294.21,5.53,,586.74,,False,0,2026-09-28 05:49:42.078546
4d21ef,RYR1U   ,Malta,1790574574.0,1790574574,-2.1712,47.9512,11277.6,False,214.11,151.28,0.0,,11582.4,2270,False,0,2026-09-28 05:49:42.078546
a185b7,N19782  ,United States,1790574370.0,1790574380,-122.1554,48.1273,182.88,False,45.86,356.78,-1.95,,205.74,,False,0,2026-09-28 05:49:42.078546
4d21f7,RYR6CU  ,Malta,1790574574.0,1790574575,-0.1519,52.3889,10668.0,False,237.51,106.35,0.0,,10911.84,6321,False,0,2026-09-28 05:49:42.078546
4d21eb,RYR7CY  ,Malta,1790574575.0,1790574575,-6.8948,33.8107,10668.0,False,205.72,215.64,0.0,,11186.16,6763,False,0,2026-09-28 05:49:42.078546
4d21ec,RYR7668 ,Malta,1790574575.0,1790574575,23.6416,40.8707,4267.2,False,198.54,203.84,-6.18,,4442.46,2640,False,0,2026-09-28 05:49:42.078546
4d21ed,RYR87XX ,Malta,1790574574.0,1790574574,-3.92,36.8959,10972.8,False,250.75,46.75,0.33,,11475.72,6452,False,0,2026-09-28 05:49:42.078546
846910,ANA1864 ,Japan,1790574276.0,1790574277,128.4842,28.0648,8488.68,False,245.61,38.62,3.25,,9105.9,,False,0,2026-09-28 05:49:42.078546
4083c0,EZY76RM ,United Kingdom,1790574574.0,1790574575,-1.3958,51.7819,11216.64,False,201.57,156.38,4.55,,11460.48,5255,False,0,2026-09-28 05:49:42.078546
c04eb6,ACA7310 ,Canada,1790574574.0,1790574574,-108.5434,49.5539,11887.2,False,264.2,87.32,0.0,,12024.36,7021,False,0,2026-09-28 05:49:42.078546
4083ad,TOM6PT  ,United Kingdom,1790574574.0,1790574574,3.9812,52.6161,12489.18,False,253.96,101.92,0.0,,12786.36,4624,False,0,2026-09-28 05:49:42.078546
a3f00a,ATN3390 ,United States,1790574574.0,1790574574,-73.0934,42.0172,1684.02,False,124.67,163.21,-7.48,,1676.4,4052,False,0,2026-09-28 05:49:42.078546
a79625,ASA2618 ,United States,1790574575.0,1790574575,-94.5901,37.9701,11582.4,False,236.03,262.61,0.0,,12092.94,4066,False,0,2026-09-28 05:49:42.078546
4d21fd,RYR3SX  ,Malta,1790574487.0,1790574487,14.122,40.7976,1021.08,False,108.36,54.27,-6.83,,1226.82,,False,0,2026-09-28 05:49:42.078546
4d21fe,RYR4573 ,Malta,1790574575.0,1790574575,1.7372,43.5022,10126.98,False,206.39,265.57,-29.59,,10591.8,1000,False,0,2026-09-28 05:49:42.078546
4d21ff,9HEFA   ,Malta,1790574574.0,1790574574,14.4252,35.8036,335.28,False,46.84,321.24,-0.65,,449.58,3631,False,0,2026-09-28 05:49:42.078546
4cad7b,EIN1CM  ,Ireland,1790574480.0,1790574480,-6.2569,53.4273,,True,0.39,45.0,,,,,False,0,2026-09-28 05:49:42.078546
4c01ed,ASL58V  ,Serbia,1790574574.0,1790574574,15.0345,45.253,10363.2,False,224.86,271.18,-0.33,,10797.54,4154,False,0,2026-09-28 05:49:42.078546
4c01ec,ASL42A  ,Serbia,1790574573.0,1790574574,15.2825,42.8314,9144.0,False,216.46,241.0,0.33,,9563.1,7342,False,0,2026-09-28 05:49:42.078546
7c30f4,JYE     ,Australia,1790574574.0,1790574574,145.1427,-38.1479,662.94,False,38.92,262.41,-2.93,,807.72,1200,False,0,2026-09-28 05:49:42.078546
abc1da,FDX34   ,United States,1790574574.0,1790574574,-89.8902,35.1423,1394.46,False,136.84,90.0,15.28,,1424.94,1616,False,0,2026-09-28 05:49:42.078546
86e4fc,JAL29   ,Japan,1790574516.0,1790574566,113.9291,22.3165,,True,3.86,163.12,,,,3642,False,0,2026-09-28 05:49:42.078546
a66346,AAL1674 ,United States,1790574571.0,1790574571,-122.3062,47.4624,,True,7.72,180.0,,,,7131,False,0,2026-09-28 05:49:42.078546
4cad97,SAS150  ,Ireland,1790574575.0,1790574575,15.3489,59.0141,9860.28,False,248.36,47.69,-7.48,,10157.46,1000,False,0,2026-09-28 05:49:42.078546
4cad98,SAS454  ,Ireland,1790574574.0,1790574574,11.8158,59.9698,3337.56,False,173.42,18.33,-7.15,,3444.24,0420,False,0,2026-09-28 05:49:42.078546
4d21f0,RYR80EA ,Malta,1790574574.0,1790574574,-3.895,51.6412,11269.98,False,234.97,101.24,-0.33,,11437.62,7723,False,0,2026-09-28 05:49:42.078546
4d21f1,RYR8744 ,Malta,1790574574.0,1790574574,21.7399,39.4691,11003.28,False,240.76,106.38,-4.55,,11384.28,,False,0,2026-09-28 05:49:42.078546
4d21f2,RYR2DC  ,Malta,1790574574.0,1790574574,-5.812,53.4643,5257.8,False,200.51,95.45,15.93,,5318.76,5140,False,0,2026-09-28 05:49:42.078546
4cad93,SAS69P  ,Ireland,1790574574.0,1790574575,5.9539,45.1218,11887.2,False,222.97,200.11,0.0,,12352.02,0733,False,0,2026-09-28 05:49:42.078546
4cad94,SAS54C  ,Ireland,1790574575.0,1790574575,13.7434,57.02,9989.82,False,200.96,217.72,-10.73,,10325.1,0421,False,0,2026-09-28 05:49:42.078546
4cad96,SAS51N  ,Ireland,1790574574.0,1790574574,-0.6477,51.5173,1424.94,False,135.52,328.66,9.43,,1524.0,1420,False,0,2026-09-28 05:49:42.078546
4cad91,SAS85Y  ,Ireland,1790574574.0,1790574574,14.6707,57.3838,11582.4,False,209.97,215.33,0.0,,11910.06,1000,False,0,2026-09-28 05:49:42.078546
4cad92,SAS7945 ,Ireland,1790574574.0,1790574574,19.0181,44.4774,11285.22,False,250.26,167.54,0.0,,11681.46,4610,False,0,2026-09-28 05:49:42.078546
4d21da,WMT8EM  ,Malta,1790574574.0,1790574575,0.9392,38.9617,10058.4,False,222.4,248.42,0.0,,10576.56,4045,False,0,2026-09-28 05:49:42.078546
4d21db,KMM3422 ,Malta,1790574574.0,1790574575,13.1899,37.1771,10180.32,False,232.05,322.11,6.5,,10607.04,6570,False,0,2026-09-28 05:49:42.078546
4d21dc,KMM394  ,Malta,1790574574.0,1790574575,13.9904,36.2801,5661.66,False,189.76,324.16,12.35,,5966.46,6574,False,0,2026-09-28 05:49:42.078546
4d21dd,WMT1BH  ,Malta,1790574574.0,1790574574,6.7358,44.33,10972.8,False,220.88,311.41,0.0,,11445.24,4001,False,0,2026-09-28 05:49:42.078546
45d965,VKG067  ,Denmark,1790574574.0,1790574575,14.7885,53.1334,10584.18,False,238.37,154.15,1.63,,10988.04,4706,False,0,2026-09-28 05:49:42.078546
71aa64,XUM2595 ,Republic of Korea,1790574575.0,1790574575,127.6425,36.5986,3977.64,False,145.87,135.43,0.0,,4107.18,7222,False,0,2026-09-28 05:49:42.078546
45d962,VKG380  ,Denmark,1790571033.0,1790574573,24.6424,59.8002,10668.0,False,197.66,203.63,10.73,,,2203,False,0,2026-09-28 05:49:42.078546
a4ce28,ATN3302 ,United States,1790574573.0,1790574574,-90.8488,33.6483,11574.78,False,239.49,223.09,0.0,,12047.22,6722,False,0,2026-09-28 05:49:42.078546
7c7b13,YLH     ,Australia,1790574574.0,1790574574,152.7832,-27.305,617.22,False,47.79,14.34,-4.88,,769.62,3000,False,0,2026-09-28 05:49:42.078546
a0b5df,,United States,,1790574574,,,,False,70.96,16.86,0.0,,,,False,0,2026-09-28 05:49:42.078546
881422,AIQ230  ,Thailand,1790574574.0,1790574574,122.4562,25.0903,8602.98,False,228.1,95.95,2.6,,9243.06,,False,0,2026-09-28 05:49:42.078546
861ae1,ANA8531 ,Japan,1790574574.0,1790574574,140.3065,35.6462,4686.3,False,184.55,336.51,14.96,,4922.52,7023,False,0,2026-09-28 05:49:42.078546
881423,AIQ357  ,Thailand,1790574574.0,1790574574,103.9918,1.3829,76.2,False,76.53,202.95,-2.6,,83.82,,False,0,2026-09-28 05:49:42.078546
71bd85,KAL2148 ,Republic of Korea,1790574574.0,1790574574,126.7755,34.2121,8831.58,False,233.07,356.08,0.33,,9349.74,,False,0,2026-09-28 05:49:42.078546
39c494,FBU92K  ,France,1790574507.0,1790574507,-60.0063,43.8034,11887.2,False,268.92,75.03,0.0,,12412.98,1573,False,0,2026-09-28 05:49:42.078546
a448d6,UAL1385 ,United States,1790574574.0,1790574574,-107.3739,36.0581,7924.8,False,229.18,253.44,0.0,,8359.14,5624,False,0,2026-09-28 05:49:42.078546
a448d1,UAL1409 ,United States,1790574574.0,1790574575,-97.6048,30.413,1424.94,False,126.59,225.0,-5.53,,1478.28,2631,False,0,2026-09-28 05:49:42.078546
407371,VIR359  ,United Kingdom,1790574574.0,1790574574,25.9188,44.7692,11582.4,False,249.3,298.47,-0.33,,11856.72,2643,False,0,2026-09-28 05:49:42.078546
a675a9,SKW6373 ,United States,1790574295.0,1790574295,-122.8725,42.3676,,True,0.45,286.88,,,,0715,False,0,2026-09-28 05:49:42.078546
a09b53,N1380T  ,United States,1790574575.0,1790574575,-80.4855,26.0582,609.6,False,55.29,174.66,0.0,,624.84,1200,False,0,2026-09-28 05:49:42.078546
4d20ed,AEZ212A ,Malta,1790574573.0,1790574575,12.2468,41.8811,152.4,False,73.22,162.84,-3.9,,289.56,,False,0,2026-09-28 05:49:42.078546
4d20eb,VJT525  ,Malta,1790574574.0,1790574574,134.3559,35.2949,10363.2,False,193.07,282.78,0.0,,10980.42,6173,False,0,2026-09-28 05:49:42.078546
ac2c10,SWA2278 ,United States,1790574574.0,1790574574,-89.7376,39.5275,10668.0,False,241.83,27.49,-0.33,,11094.72,2421,False,0,2026-09-28 05:49:42.078546
a47e06,N389PH  ,United States,1790574574.0,1790574574,-122.2258,40.3559,937.26,False,64.58,341.42,0.33,,914.4,,False,0,2026-09-28 05:49:42.078546
3003ad,DLA5UP  ,Italy,1790574505.0,1790574505,11.7953,48.3502,,True,5.14,357.19,,,,0222,False,0,2026-09-28 05:49:42.078546
a7e691,SKW6391 ,United States,1790574574.0,1790574574,-84.6277,42.1092,8229.6,False,242.35,88.91,-0.33,,8519.16,6576,False,0,2026-09-28 05:49:42.078546
3003ae,DLA8268 ,Italy,1790574574.0,1790574575,9.305,45.7669,5463.54,False,170.48,243.67,-10.73,,5791.2,1000,False,0,2026-09-28 05:49:42.078546
0d0f13,VOI1860 ,Mexico,1790574370.0,1790574370,-117.5774,34.0569,335.28,False,71.51,270.0,-3.25,,297.18,1310,False,0,2026-09-28 05:49:42.078546
7c7b56,YNC     ,Australia,1790574574.0,1790574574,138.3498,-34.5675,579.12,False,63.3,172.53,-2.6,,701.04,,False,0,2026-09-28 05:49:42.078546
485a82,TFL9LE  ,Kingdom of the Netherlands,1790574574.0,1790574574,-4.2263,47.0686,11277.6,False,203.64,205.59,0.0,,11574.78,2127,False,0,2026-09-28 05:49:42.078546
ab0c3a,N81034  ,United States,1790574574.0,1790574574,-118.6004,34.5052,1981.2,False,61.36,326.98,0.98,,2011.68,2026,False,0,2026-09-28 05:49:42.078546
485a83,TFL2KC  ,Kingdom of the Netherlands,1790574573.0,1790574574,23.0043,41.225,11277.6,False,245.49,129.73,0.0,,11620.5,5442,False,0,2026-09-28 05:49:42.078546
485a81,TFL4HG  ,Kingdom of the Netherlands,1790574574.0,1790574574,3.8834,50.6932,8602.98,False,210.96,202.81,4.23,,8930.64,2141,False,0,2026-09-28 05:49:42.078546
862db6,JAL633  ,Japan,1790574575.0,1790574575,139.7798,35.5485,,True,10.8,329.06,,,,,False,0,2026-09-28 05:49:42.078546
800c48,,India,1790574565.0,1790574565,77.0775,28.5524,,True,3.34,194.06,,,,,False,0,2026-09-28 05:49:42.078546
485a85,TFL46D  ,Kingdom of the Netherlands,1790574575.0,1790574575,16.7054,41.3484,10668.0,False,236.94,138.7,0.0,,11109.96,3171,False,0,2026-09-28 05:49:42.078546
4d2208,RYR743Z ,Malta,1790574574.0,1790574575,6.9956,46.1121,9959.34,False,232.45,318.23,8.13,,10393.68,5714,False,0,2026-09-28 05:49:42.078546
4c0224,ASL4040 ,Serbia,1790574574.0,1790574574,10.8885,45.2829,10972.8,False,244.38,269.28,0.0,,11437.62,4130,False,0,2026-09-28 05:49:42.078546
4c0223,ASL501  ,Serbia,1790574574.0,1790574574,-8.2971,52.7766,10972.8,False,244.59,105.12,0.33,,11026.14,4731,False,0,2026-09-28 05:49:42.078546
71bd78,AAR512  ,Republic of Korea,1790574573.0,1790574575,119.1383,38.8911,8869.68,False,297.25,102.09,0.33,,9174.48,,False,0,2026-09-28 05:49:42.078546
800c0b,AIC5TV  ,India,1790574574.0,1790574574,85.8438,24.2705,10965.18,False,232.78,299.96,0.33,,11658.6,2647,False,0,2026-09-28 05:49:42.078546
71bd62,JNA234  ,Republic of Korea,1790574574.0,1790574574,126.547,37.3638,678.18,False,85.22,324.58,-5.2,,693.42,3240,False,0,2026-09-28 05:49:42.078546
a9cff2,N731ND  ,United States,1790574574.0,1790574574,-118.7782,34.2153,1196.34,False,57.66,254.48,-0.33,,1165.86,7724,False,0,2026-09-28 05:49:42.078546
0c43b0,DWI3760 ,Dominican Republic,1790574457.0,1790574457,-77.1204,-12.0295,,True,2.83,42.19,,,,,False,0,2026-09-28 05:49:42.078546
a448f2,UAL406  ,United States,1790574570.0,1790574570,-115.1387,36.0842,,True,3.86,90.0,,,,6323,False,0,2026-09-28 05:49:42.078546
0c43b9,DWI6260 ,Dominican Republic,1790574574.0,1790574574,-58.9978,-32.6917,12192.0,False,233.48,169.33,0.0,,12725.4,6512,False,0,2026-09-28 05:49:42.078546
4d2237,RYR22GT ,Malta,1790574574.0,1790574575,0.5173,47.2393,11887.2,False,206.99,182.42,0.0,,12230.1,5210,False,0,2026-09-28 05:49:42.078546
4d2238,RYR7LX  ,Malta,1790574575.0,1790574575,9.6588,48.0951,10972.8,False,231.3,322.77,0.0,,11399.52,1000,False,0,2026-09-28 05:49:42.078546
4d2239,RYR33EL ,Malta,1790574575.0,1790574575,0.0579,39.6899,3025.14,False,155.94,221.79,0.0,,3230.88,1734,False,0,2026-09-28 05:49:42.078546
4d2234,RYR92MY ,Malta,1790574574.0,1790574574,5.4764,46.1531,11277.6,False,221.04,234.09,0.0,,11719.56,6663,False,0,2026-09-28 05:49:42.078546
3986e0,AFR76UL ,France,1790574350.0,1790574350,5.0808,45.7187,,True,0.64,309.38,,,,1000,False,0,2026-09-28 05:49:42.078546
800c71,IGO223H ,India,1790574549.0,1790574549,77.1148,28.5562,,True,3.34,194.06,,,,,False,0,2026-09-28 05:49:42.078546
3986e5,AFR58AU ,France,1790574568.0,1790574570,5.0816,45.7181,,True,1.8,202.5,,,,1000,False,0,2026-09-28 05:49:42.078546
4d221e,RYR3028 ,Malta,1790574575.0,1790574575,1.1652,38.788,845.82,False,113.4,78.49,-2.28,,967.74,,False,0,2026-09-28 05:49:42.078546
46d1cf,SEH6SF  ,Greece,1790574573.0,1790574573,23.6057,42.2837,3634.74,False,128.18,5.53,-3.58,,3779.52,,False,0,2026-09-28 05:49:42.078546
3986e7,AFR39FF ,France,1790574574.0,1790574574,5.0868,45.7393,175.26,False,53.15,175.56,0.0,,289.56,1000,False,0,2026-09-28 05:49:42.078546
34714d,VOE3861 ,Spain,1790574574.0,1790574574,-6.181,37.558,1379.22,False,117.63,208.47,-3.25,,1524.0,5041,False,0,2026-09-28 05:49:42.078546
4d221d,RYR7HZ  ,Malta,1790574574.0,1790574574,0.756,48.2335,11269.98,False,209.54,159.3,0.0,,11612.88,2275,False,0,2026-09-28 05:49:42.078546
4d2232,RYR39JQ ,Malta,1790574574.0,1790574574,-5.8466,36.9615,10972.8,False,250.05,8.28,0.0,,11437.62,6403,False,0,2026-09-28 05:49:42.078546
4d2248,RYR9VP  ,Malta,1790574574.0,1790574575,-1.9623,43.1814,11582.4,False,256.42,34.46,0.0,,11986.26,4523,False,0,2026-09-28 05:49:42.078546
800c85,AIC4DE  ,India,1790574575.0,1790574575,76.7968,25.058,11277.6,False,225.29,174.63,0.33,,11955.78,,False,0,2026-09-28 05:49:42.078546
4d2245,RYR42XH ,Malta,1790574574.0,1790574574,9.4484,40.5515,11277.6,False,231.79,263.88,0.33,,11734.8,,False,0,2026-09-28 05:49:42.078546
ab879f,DAL417  ,United States,1790574575.0,1790574575,-112.4082,36.0583,10309.86,False,274.38,79.85,1.95,,10789.92,,False,0,2026-09-28 05:49:42.078546
4c0261,ASL18R  ,Serbia,1790574574.0,1790574575,14.194,49.8926,2095.5,False,144.86,284.18,-5.2,,2286.0,5160,False,0,2026-09-28 05:49:42.078546
abc455,SWA2673 ,United States,1790574574.0,1790574574,-97.5262,30.5257,1866.9,False,146.8,205.76,-7.15,,1950.72,6260,False,0,2026-09-28 05:49:42.078546
4c0263,ASL68Z  ,Serbia,1790574574.0,1790574575,11.0065,45.4726,10363.2,False,228.96,277.75,0.0,,10774.68,0502,False,0,2026-09-28 05:49:42.078546
4c0260,ASL77L  ,Serbia,1790574573.0,1790574574,17.9693,45.4172,7924.8,False,215.32,290.12,0.0,,8260.08,5456,False,0,2026-09-28 05:49:42.078546
a4ce9d,FFT4156 ,United States,1790574574.0,1790574574,-115.5864,36.0885,4457.7,False,169.02,110.86,-6.18,,4617.72,3231,False,0,2026-09-28 05:49:42.078546
4d222b,RYR46GK ,Malta,1790574574.0,1790574574,8.228,40.721,11582.4,False,233.63,84.44,0.0,,12047.22,1000,False,0,2026-09-28 05:49:42.078546
4d222c,RYR42NF ,Malta,1790574574.0,1790574574,-2.5228,37.9645,10934.7,False,252.08,50.3,5.85,,11437.62,5302,False,0,2026-09-28 05:49:42.078546
4d222d,RYR4ZJ  ,Malta,1790574574.0,1790574574,9.4758,40.9445,8534.4,False,235.41,62.26,0.0,,8938.26,,False,0,2026-09-28 05:49:42.078546
a46b6b,N384P   ,United States,1790574574.0,1790574574,-112.1346,33.4273,502.92,False,61.22,180.0,0.65,,464.82,,False,0,2026-09-28 05:49:42.078546
4d2240,RYR437N ,Malta,1790574575.0,1790574575,5.8024,42.8269,10363.2,False,239.99,54.33,0.0,,10828.02,1422,False,0,2026-09-28 05:49:42.078546
4d2242,RYR3TW  ,Malta,1790574574.0,1790574574,4.6367,47.993,5417.82,False,188.39,322.88,-8.13,,5722.62,1000,False,0,2026-09-28 05:49:42.078546
4d2243,RYR83JA ,Malta,1790574574.0,1790574574,3.1758,39.679,11582.4,False,242.93,75.9,0.0,,12085.32,1446,False,0,2026-09-28 05:49:42.078546
a0540a,DAL453  ,United States,1790574472.0,1790574475,-111.9935,40.7848,,True,4.63,357.19,,,,2003,False,0,2026-09-28 05:49:42.078546
4d2216,RYR62RA ,Malta,1790574574.0,1790574574,13.8305,42.9795,10972.8,False,228.69,333.84,0.0,,11422.38,1000,False,0,2026-09-28 05:49:42.078546
4d2217,RYR9AV  ,Malta,1790574575.0,1790574575,-1.1152,39.1127,11887.2,False,207.43,232.76,0.0,,12382.5,4040,False,0,2026-09-28 05:49:42.078546
4d2218,RYR3TD  ,Malta,1790574574.0,1790574574,-3.1716,50.1456,11277.6,False,197.54,185.83,0.0,,11506.2,2073,False,0,2026-09-28 05:49:42.078546
485a32,KLM94K  ,Kingdom of the Netherlands,1790574574.0,1790574574,4.7472,52.4095,411.48,False,86.52,182.73,-4.55,,502.92,1000,False,0,2026-09-28 05:49:42.078546
4d2212,RYR3628 ,Malta,1790574573.0,1790574574,-7.8785,38.2325,9113.52,False,233.07,113.96,5.85,,9502.14,3357,False,0,2026-09-28 05:49:42.078546
4d2213,RYR804X ,Malta,1790574573.0,1790574574,-0.022,38.6953,6019.8,False,222.58,6.37,10.4,,6347.46,1000,False,0,2026-09-28 05:49:42.078546
4d2214,RYR4311 ,Malta,1790573027.0,1790574574,13.3898,53.7214,11277.6,False,232.66,17.63,0.0,,10744.2,7364,False,0,2026-09-28 05:49:42.078546
4d2219,RYR73EW ,Malta,1790574575.0,1790574575,11.1683,45.6434,4137.66,False,144.07,91.02,-2.28,,4411.98,4624,False,0,2026-09-28 05:49:42.078546
a4bb8a,AAL2245 ,United States,1790574575.0,1790574575,-111.026,45.9274,10972.8,False,209.9,270.42,0.0,,11216.64,2616,False,0,2026-09-28 05:49:42.078546
485a35,KLM76Q  ,Kingdom of the Netherlands,1790574574.0,1790574574,4.215,51.6639,4168.14,False,181.2,348.37,-8.13,,4358.64,1000,False,0,2026-09-28 05:49:42.078546
710010,RXI531  ,Saudi Arabia,1790574505.0,1790574505,-3.5741,40.4804,,True,6.94,140.62,,,,1000,False,0,2026-09-28 05:49:42.078546
485a33,KLM1403 ,Kingdom of the Netherlands,1790574574.0,1790574574,4.7916,52.2548,487.68,False,111.44,166.93,7.15,,579.12,,False,0,2026-09-28 05:49:42.078546
485a34,KLM22C  ,Kingdom of the Netherlands,1790574574.0,1790574574,3.409,50.8141,8724.9,False,251.8,20.32,-8.13,,9060.18,1000,False,0,2026-09-28 05:49:42.078546
4d2226,RYR36GA ,Malta,1790574574.0,1790574574,3.218,41.0766,6583.68,False,193.89,134.68,-4.88,,6964.68,1000,False,0,2026-09-28 05:49:42.078546
800c64,AIC7MT  ,India,1790574364.0,1790574364,77.1061,28.542,281.94,False,71.99,283.64,-3.9,,228.6,,False,0,2026-09-28 05:49:42.078546
4d2228,RYR87PG ,Malta,1790574574.0,1790574574,20.5975,38.0082,723.9,False,92.76,325.16,-4.88,,838.2,,False,0,2026-09-28 05:49:42.078546
4d2229,RYR44MH ,Malta,1790574574.0,1790574574,-6.4108,53.1461,3185.16,False,157.58,46.72,-3.25,,3261.36,5356,False,0,2026-09-28 05:49:42.078546
4c0242,ASL89C  ,Serbia,1790574574.0,1790574574,13.8326,45.2395,5486.4,False,135.66,260.39,0.0,,5798.82,4132,False,0,2026-09-28 05:49:42.078546
4c0241,ASL36Q  ,Serbia,1790574574.0,1790574575,15.7474,45.2702,5486.4,False,133.38,267.35,0.0,,5768.34,4135,False,0,2026-09-28 05:49:42.078546
4d2221,RYR34HL ,Malta,1790574574.0,1790574574,1.4711,44.0539,2727.96,False,150.84,219.88,-7.15,,2926.08,1000,False,0,2026-09-28 05:49:42.078546
4d2279,RYR45TL ,Malta,1790574574.0,1790574574,-3.594,35.4513,10363.2,False,251.57,37.1,1.63,,10881.36,6477,False,0,2026-09-28 05:49:42.078546
4d226b,RYR8MA  ,Malta,1790574575.0,1790574575,11.053,45.9982,8183.88,False,233.9,44.73,7.48,,8564.88,1000,False,0,2026-09-28 05:49:42.078546
4d226c,RYR59BZ ,Malta,1790574575.0,1790574575,0.0514,49.7764,11277.6,False,211.79,163.63,0.0,,11582.4,5251,False,0,2026-09-28 05:49:42.078546
4d226a,RYR3ZV  ,Malta,1790574574.0,1790574574,-1.1093,51.6856,11711.94,False,205.11,158.52,3.25,,11925.3,5256,False,0,2026-09-28 05:49:42.078546
40600d,EZY39WY ,United Kingdom,1790574557.0,1790574557,-0.1743,51.1522,,True,0.0,78.75,,,,,False,0,2026-09-28 05:49:42.078546
4d2274,RYR8BR  ,Malta,1790574575.0,1790574575,-6.1905,38.2023,9951.72,False,260.95,38.68,7.15,,10386.06,2030,False,0,2026-09-28 05:49:42.078546
4d2271,RYR35XL ,Malta,1790574574.0,1790574574,-1.9344,37.779,10972.8,False,251.36,66.48,0.0,,11483.34,5303,False,0,2026-09-28 05:49:42.078546
4d2288,RYR1576 ,Malta,1790574574.0,1790574574,13.8695,43.3329,11277.6,False,235.37,186.02,0.0,,11727.18,1125,False,0,2026-09-28 05:49:42.078546
348441,AEA1171 ,Spain,1790574574.0,1790574574,-3.2385,41.0845,4937.76,False,185.54,11.03,11.38,,5204.46,1000,False,0,2026-09-28 05:49:42.078546
4d2289,RYR10QM ,Malta,1790574574.0,1790574574,-1.0831,43.9981,11277.6,False,201.15,216.58,0.0,,11666.22,7116,False,0,2026-09-28 05:49:42.078546
4d227d,RYR625N ,Malta,1790574574.0,1790574575,23.2028,37.3993,12496.8,False,244.92,121.25,0.0,,12877.8,1267,False,0,2026-09-28 05:49:42.078546
4d227e,RYR7CW  ,Malta,1790574489.0,1790574496,7.6465,45.1902,,True,3.09,182.81,,,,1000,False,0,2026-09-28 05:49:42.078546
4d227a,RYR65MZ ,Malta,1790574272.0,1790574272,-5.3015,35.6,-38.1,False,74.56,244.67,-3.25,,99.06,3450,False,0,2026-09-28 05:49:42.078546
406011,EZY39DR ,United Kingdom,1790574574.0,1790574575,4.0216,50.2629,11887.2,False,220.5,125.02,0.0,,12245.34,0554,False,0,2026-09-28 05:49:42.078546
4d226f,RYR4PQ  ,Malta,1790574574.0,1790574574,12.7073,47.5013,11277.6,False,234.14,137.58,0.0,,11711.94,0102,False,0,2026-09-28 05:49:42.078546
4d2280,RYR5YD  ,Malta,1790574574.0,1790574575,-1.4117,53.4979,11582.4,False,247.14,328.36,0.0,,11750.04,2772,False,0,2026-09-28 05:49:42.078546
a18765,N198RL  ,United States,1790574574.0,1790574575,106.8347,-6.4269,1234.44,False,113.61,259.3,2.6,,1303.02,,False,0,2026-09-28 05:49:42.078546
4d2259,RYR5SG  ,Malta,1790574572.0,1790574575,15.1897,44.1631,11277.6,False,234.01,124.25,0.0,,11711.94,0260,False,0,2026-09-28 05:49:42.078546
abc49b,SWA2163 ,United States,1790574574.0,1790574574,-104.6962,39.882,1546.86,False,58.65,180.5,-0.65,,1607.82,7370,False,0,2026-09-28 05:49:42.078546
4d2256,RYR7PF  ,Malta,1790574574.0,1790574574,-3.5931,37.736,10972.8,False,243.55,2.42,0.0,,11468.1,6454,False,0,2026-09-28 05:49:42.078546
4d2258,RYR9JF  ,Malta,1790574574.0,1790574574,8.8009,44.5792,11582.4,False,230.68,43.73,0.0,,12039.6,0407,False,0,2026-09-28 05:49:42.078546
4d224a,FHM5142 ,Malta,1790574290.0,1790574290,10.2566,47.9956,579.12,False,67.85,238.96,-3.25,,731.52,1000,False,0,2026-09-28 05:49:42.078546
a72e69,ASA671  ,United States,1790574575.0,1790574575,-119.7327,39.1738,11582.4,False,250.69,350.07,0.0,,11902.44,1041,False,0,2026-09-28 05:49:42.078546
4d224c,RYR4726 ,Malta,1790574574.0,1790574574,1.9425,39.0813,10972.8,False,243.88,63.98,0.0,,11490.96,5306,False,0,2026-09-28 05:49:42.078546
3c55c2,EWG4D   ,Germany,1790574574.0,1790574574,2.4954,48.4949,11277.6,False,207.46,214.08,0.65,,11658.6,1000,False,0,2026-09-28 05:49:42.078546
3c55c1,EWG1A   ,Germany,1790574574.0,1790574575,2.4123,51.5682,7315.2,False,176.42,290.13,0.0,,7581.9,4105,False,0,2026-09-28 05:49:42.078546
40731c,BAW130  ,United Kingdom,1790574574.0,1790574574,17.1417,47.9402,12184.38,False,237.36,305.21,-0.33,,12588.24,3251,False,0,2026-09-28 05:49:42.078546
86d492,,Japan,1790574440.0,1790574440,127.758,25.9976,967.74,False,107.7,220.16,-5.85,,1036.32,,False,0,2026-09-28 05:49:42.078546
800c8f,AIC2184 ,India,1790574572.0,1790574574,90.4018,23.8492,,True,0.0,149.06,,,,,False,0,2026-09-28 05:49:42.078546
abb172,SWA3426 ,United States,1790574574.0,1790574574,-113.4392,34.904,10363.2,False,200.62,296.5,-0.33,,10881.36,,False,0,2026-09-28 05:49:42.078546
4d223f,RYR2DM  ,Malta,1790574573.0,1790574574,15.2988,41.4643,11887.2,False,227.09,126.25,0.0,,12329.16,3752,False,0,2026-09-28 05:49:42.078546
4d2251,RYR3QR  ,Malta,1790574574.0,1790574575,11.6762,45.4778,10972.8,False,234.01,343.0,0.0,,11422.38,3733,False,0,2026-09-28 05:49:42.078546
4d2250,RYR63XT ,Malta,1790574574.0,1790574574,-0.5962,51.0011,11178.54,False,261.66,36.28,5.85,,11445.24,2344,False,0,2026-09-28 05:49:42.078546
4d2268,RYR56DD ,Malta,1790574574.0,1790574574,8.1013,48.8333,10668.0,False,227.38,129.31,0.65,,11087.1,0103,False,0,2026-09-28 05:49:42.078546
4d225a,RYR982M ,Malta,1790574575.0,1790574575,11.641,43.7404,10668.0,False,223.77,136.21,0.0,,11125.2,1000,False,0,2026-09-28 05:49:42.078546
4d225b,RYR9KG  ,Malta,1790574575.0,1790574575,1.7225,41.8388,7018.02,False,223.85,345.36,11.38,,7376.16,1000,False,0,2026-09-28 05:49:42.078546
ad4afb,ASA343  ,United States,1790574575.0,1790574575,-116.4706,47.54,10668.0,False,242.34,89.03,0.0,,10805.16,,False,0,2026-09-28 05:49:42.078546
ac3f09,SWA8508 ,United States,1790574570.0,1790574574,-120.4061,42.0593,12496.8,False,233.33,166.48,0.0,,12809.22,1254,False,0,2026-09-28 05:49:42.078546
3c55c6,EWG92N  ,Germany,1790574574.0,1790574574,7.1677,52.9394,10972.8,False,210.37,247.57,0.0,,11338.56,1351,False,0,2026-09-28 05:49:42.078546
34840a,AEA83HV ,Spain,1790574575.0,1790574575,-2.7924,40.9492,5684.52,False,193.28,60.5,8.45,,5974.08,1000,False,0,2026-09-28 05:49:42.078546
3c55c5,EWG8VB  ,Germany,1790574574.0,1790574574,-2.0974,53.4393,784.86,False,85.57,230.86,-4.55,,891.54,2572,False,0,2026-09-28 05:49:42.078546
3c55c3,EWG7NY  ,Germany,1790574574.0,1790574574,8.8971,45.5432,2956.56,False,136.81,168.94,-6.5,,3185.16,2513,False,0,2026-09-28 05:49:42.078546
4d224d,RYR28MT ,Malta,1790574574.0,1790574574,21.8448,41.4768,10668.0,False,250.71,136.41,0.0,,11003.28,7641,False,0,2026-09-28 05:49:42.078546
4d224e,RYR9JT  ,Malta,1790574574.0,1790574574,22.6564,40.5756,3291.84,False,182.66,145.33,-5.2,,3451.86,5543,False,0,2026-09-28 05:49:42.078546
3c55c9,EWG25A  ,Germany,1790574574.0,1790574575,11.4944,44.8077,11277.6,False,228.41,185.43,0.0,,11734.8,1122,False,0,2026-09-28 05:49:42.078546
4d224f,RYR3054 ,Malta,1790574574.0,1790574574,0.5189,50.4548,6553.2,False,179.37,136.05,-10.08,,6804.66,6355,False,0,2026-09-28 05:49:42.078546
3c55c8,EWG32ME ,Germany,1790574574.0,1790574574,9.1986,48.6889,,True,4.37,95.62,,,,0635,False,0,2026-09-28 05:49:42.078546
3c55c7,EWG7ED  ,Germany,1790574574.0,1790574575,8.7132,52.4197,10972.8,False,214.27,262.55,0.0,,11361.42,1376,False,0,2026-09-28 05:49:42.078546
4d2263,RYR3643 ,Malta,1790574574.0,1790574575,-7.4789,38.7724,11887.2,False,215.36,193.54,0.33,,12313.92,7641,False,0,2026-09-28 05:49:42.078546
4d2265,RYR37GD ,Malta,1790574574.0,1790574574,9.4139,48.4614,8397.24,False,219.98,27.58,-10.73,,8801.1,7524,False,0,2026-09-28 05:49:42.078546
4d2261,RYR2AA  ,Malta,1790574574.0,1790574574,3.3377,50.4434,6972.3,False,203.35,50.96,-7.48,,7269.48,1000,False,0,2026-09-28 05:49:42.078546
71005b,SVA771  ,Saudi Arabia,1790574574.0,1790574574,72.4218,19.1226,3360.42,False,177.02,276.34,5.2,,3467.1,,False,0,2026-09-28 05:49:42.078546
c008a9,ACA094  ,Canada,1790574575.0,1790574575,-79.6665,27.15,11277.6,False,239.69,170.11,0.0,,11864.34,7072,False,0,2026-09-28 05:49:42.078546
a09af1,N138WV  ,United States,1790574574.0,1790574574,-99.7938,37.5856,18074.64,False,4.15,172.87,0.0,,19034.76,,False,0,2026-09-28 05:49:42.078546
400a7c,BAW353  ,United Kingdom,1790574574.0,1790574574,4.7446,45.1848,10751.82,False,228.59,351.98,6.5,,11193.78,6773,False,0,2026-09-28 05:49:42.078546
4d2191,ULC7P   ,Malta,1790574574.0,1790574574,10.4692,48.2782,12192.0,False,217.76,50.37,0.0,,12641.58,1000,False,0,2026-09-28 05:49:42.078546
493295,NJE785P ,Portugal,1790574571.0,1790574571,8.7179,45.6323,,True,0.0,78.75,,,,,False,0,2026-09-28 05:49:42.078546
493293,NJE840D ,Portugal,1790574574.0,1790574574,27.9028,44.4901,12496.8,False,225.24,165.04,0.0,,12778.74,2235,False,0,2026-09-28 05:49:42.078546
4d216e,EWG4XY  ,Malta,1790574574.0,1790574575,8.9473,50.9263,9448.8,False,210.37,292.43,-14.96,,9883.14,1000,False,0,2026-09-28 05:49:42.078546
4d216a,WMT1280 ,Malta,1790574574.0,1790574574,14.7215,48.3409,10668.0,False,234.4,46.96,0.0,,11102.34,1000,False,0,2026-09-28 05:49:42.078546
4b19ef,SWR193T ,Switzerland,1790574574.0,1790574574,9.3323,47.625,5882.64,False,202.64,9.06,8.45,,6225.54,3061,False,0,2026-09-28 05:49:42.078546
4071d9,EZY78AL ,United Kingdom,1790574559.0,1790574559,-2.2786,53.3488,,True,0.0,143.44,,,,,False,0,2026-09-28 05:49:42.078546
4071d7,EZY71RM ,United Kingdom,1790574574.0,1790574574,-0.0719,51.7795,2506.98,False,158.32,82.34,13.66,,2628.9,0521,False,0,2026-09-28 05:49:42.078546
348508,VLG17VF ,Spain,1790574575.0,1790574575,-0.3721,39.6555,11277.6,False,209.07,230.59,0.0,,11795.76,0261,False,0,2026-09-28 05:49:42.078546
348509,VLG2019 ,Spain,1790574573.0,1790574573,2.0799,41.2974,,True,20.58,230.62,,,,6555,False,0,2026-09-28 05:49:42.078546
4b19f4,SWR8EX  ,Switzerland,1790574575.0,1790574575,12.0026,47.6119,10668.0,False,231.37,72.53,0.0,,11109.96,1000,False,0,2026-09-28 05:49:42.078546
70e06d,KME934  ,Cambodia,1790574574.0,1790574574,113.3737,22.4903,5501.64,False,176.04,162.31,5.85,,5859.78,,False,0,2026-09-28 05:49:42.078546
493283,NJE504R ,Portugal,1790574574.0,1790574574,9.1331,45.4523,3223.26,False,159.48,175.37,-5.53,,3444.24,2550,False,0,2026-09-28 05:49:42.078546
c08096,WJA660  ,Canada,1790574569.0,1790574569,-114.0149,51.1315,,True,0.0,92.81,,,,,False,0,2026-09-28 05:49:42.078546
c08095,WJA398  ,Canada,1790574574.0,1790574574,-114.0214,51.1106,1082.04,False,89.51,180.0,0.0,,1066.8,,False,0,2026-09-28 05:49:42.078546
0d0df1,VIV4027 ,Mexico,1790574571.0,1790574571,-100.1156,25.7797,,True,2.31,210.94,,,,,False,0,2026-09-28 05:49:42.078546
a2f721,SKW3584 ,United States,1790574382.0,1790574382,-123.1753,49.1967,,True,1.03,334.69,,,,4041,False,0,2026-09-28 05:49:42.078546
c0808d,CGWRS   ,Canada,1790574574.0,1790574574,-113.4004,53.6924,5661.66,False,94.67,21.69,5.53,,5676.9,,False,0,2026-09-28 05:49:42.078546
300554,DLA8UT  ,Italy,1790574522.0,1790574522,8.5948,50.0484,,True,5.92,70.31,,,,1000,False,0,2026-09-28 05:49:42.078546
300558,DLH4TP  ,Italy,1790574435.0,1790574441,8.5911,50.049,53.34,True,0.0,340.31,,,,1000,False,0,2026-09-28 05:49:42.078546
7c3340,KEQ     ,Australia,1790574574.0,1790574575,145.2065,-37.9282,1379.22,False,58.51,209.49,0.0,,1524.0,4331,False,0,2026-09-28 05:49:42.078546
a1b162,SKW5880 ,United States,1790574571.0,1790574571,-106.6016,35.0457,,True,13.89,270.0,,,,1462,False,0,2026-09-28 05:49:42.078546
300564,DLH281  ,Italy,1790574571.0,1790574571,8.5663,50.0377,,True,13.89,70.31,,,,1000,False,0,2026-09-28 05:49:42.078546
39d702,FHVYC   ,France,1790574574.0,1790574574,10.6338,51.7832,11887.2,False,225.15,74.63,0.33,,12275.82,1000,False,0,2026-09-28 05:49:42.078546
4cac15,KZR194  ,Ireland,1790574570.0,1790574572,85.9773,23.1338,10363.2,False,247.48,307.82,0.0,,11033.76,5602,False,0,2026-09-28 05:49:42.078546
4b19fc,SWR5YD  ,Switzerland,1790574570.0,1790574573,8.556,47.4559,,True,0.0,5.62,,,,3001,False,0,2026-09-28 05:49:42.078546
a96e9a,ASA614  ,United States,1790574574.0,1790574574,-122.6534,46.8552,3398.52,False,167.76,43.38,-9.1,,3451.86,6712,False,0,2026-09-28 05:49:42.078546
4b19ff,SWR268A ,Switzerland,1790574574.0,1790574574,8.5569,47.4559,,True,0.0,5.62,,,,,False,0,2026-09-28 05:49:42.078546
4cac13,KZR564  ,Ireland,1790574574.0,1790574574,88.1843,20.494,10363.2,False,244.56,340.46,0.0,,11010.9,0772,False,0,2026-09-28 05:49:42.078546
a7d2bc,DAL2391 ,United States,1790574575.0,1790574575,-122.2877,45.4867,1120.14,False,123.91,259.72,-8.13,,1143.0,2641,False,0,2026-09-28 05:49:42.078546
a3ada3,AAL2996 ,United States,1790574566.0,1790574568,-98.879,20.4501,7193.28,False,213.94,19.09,4.88,,7673.34,,False,0,2026-09-28 05:49:42.078546
71002a,SVA062  ,Saudi Arabia,1790574574.0,1790574574,2.2288,45.8868,11269.98,False,258.4,115.6,0.0,,11696.7,2257,False,0,2026-09-28 05:49:42.078546
7c3314,KDI     ,Australia,1790574574.0,1790574574,145.2233,-38.1344,1043.94,False,41.87,153.75,4.88,,1196.34,1200,False,0,2026-09-28 05:49:42.078546
850e7a,JAL258  ,Japan,1790574575.0,1790574575,135.4812,34.7013,8221.98,False,255.94,109.49,-0.33,,8702.04,,False,0,2026-09-28 05:49:42.078546
861b28,JAL256  ,Japan,1790574575.0,1790574575,140.0059,35.8091,1569.72,False,92.03,244.15,-0.33,,1592.58,2241,False,0,2026-09-28 05:49:42.078546
151ec2,SBI5250 ,Russian Federation,1790574574.0,1790574574,84.5758,56.2187,9159.24,False,233.06,243.66,-10.4,,9258.3,6650,False,0,2026-09-28 05:49:42.078546
4cac46,MAA3618 ,Ireland,1790574574.0,1790574574,138.1492,35.919,12192.0,False,199.14,271.33,0.0,,12862.56,6146,False,0,2026-09-28 05:49:42.078546
758081,GAP2942 ,Philippines,1790574574.0,1790574574,122.272,12.7616,10363.2,False,233.9,325.12,0.33,,11117.58,,False,0,2026-09-28 05:49:42.078546
71be29,KAL9551 ,Republic of Korea,1790574574.0,1790574575,128.5413,37.669,9509.76,False,310.55,79.21,7.48,,9913.62,4324,False,0,2026-09-28 05:49:42.078546
7c7a4a,VOZ1245 ,Australia,1790574574.0,1790574574,153.1607,-27.224,5410.2,False,204.62,34.45,2.28,,5684.52,4705,False,0,2026-09-28 05:49:42.078546
7c7a4b,VOZ740  ,Australia,1790574575.0,1790574575,147.7747,-33.6302,9753.6,False,201.19,218.04,0.0,,10050.78,1071,False,0,2026-09-28 05:49:42.078546
4cac54,RYR2YY  ,Ireland,1790574574.0,1790574575,-0.3571,46.5288,10972.8,False,244.47,349.33,0.0,,11338.56,1053,False,0,2026-09-28 05:49:42.078546
4cac55,RYR63PR ,Ireland,1790574574.0,1790574574,-8.558,41.6843,10972.8,False,248.89,356.68,0.0,,11338.56,5446,False,0,2026-09-28 05:49:42.078546
7c7a4c,VOZ1246 ,Australia,1790574575.0,1790574575,151.7224,-25.9768,8229.6,False,222.59,138.09,0.0,,8602.98,,False,0,2026-09-28 05:49:42.078546
4cac56,RYR69XF ,Ireland,1790574574.0,1790574574,-8.2425,50.9323,11178.54,False,212.44,176.11,3.25,,11269.98,5242,False,0,2026-09-28 05:49:42.078546
7c7a4d,VOZ855  ,Australia,1790574566.0,1790574572,144.8453,-37.6708,,True,0.0,177.19,,,,,False,0,2026-09-28 05:49:42.078546
4cac53,RYR9GF  ,Ireland,1790574574.0,1790574574,20.8242,50.4304,10972.8,False,217.43,339.94,0.0,,11323.32,5243,False,0,2026-09-28 05:49:42.078546
ad15cf,AAL459  ,United States,1790574574.0,1790574574,-90.0833,38.5102,3505.2,False,158.16,318.43,-4.23,,3642.36,7162,False,0,2026-09-28 05:49:42.078546
a5449a,AAL3235 ,United States,1790574574.0,1790574575,-99.3405,37.7826,9753.6,False,201.89,255.54,-0.33,,10256.52,6774,False,0,2026-09-28 05:49:42.078546
a209c0,AAY1637 ,United States,1790574574.0,1790574574,-115.1662,36.0825,,True,7.2,199.69,,,,2677,False,0,2026-09-28 05:49:42.078546
7c7a65,YGN     ,Australia,1790574574.0,1790574574,150.8006,-31.1107,830.58,False,47.9,245.91,1.3,,990.6,,False,0,2026-09-28 05:49:42.078546
151ee7,SBI6419 ,Russian Federation,1790574574.0,1790574574,85.0013,56.3845,11582.4,False,225.33,270.13,0.0,,11620.5,,False,0,2026-09-28 05:49:42.078546
7c7a3b,VOZ1368 ,Australia,1790574575.0,1790574575,146.6877,-41.0737,5684.52,False,188.08,151.4,-9.43,,5875.02,7242,False,0,2026-09-28 05:49:42.078546
4cac24,RYR90WG ,Ireland,1790574574.0,1790574574,6.5962,48.6959,11765.28,False,227.29,146.17,-5.53,,12207.24,7304,False,0,2026-09-28 05:49:42.078546
7c7a3d,VOZ1448 ,Australia,1790574574.0,1790574574,150.2602,-30.122,10972.8,False,203.57,240.97,0.0,,11308.08,1226,False,0,2026-09-28 05:49:42.078546
aa5457,CSB529  ,United States,1790574574.0,1790574574,-97.5433,35.7427,11582.4,False,228.68,249.73,0.0,,12100.56,6666,False,0,2026-09-28 05:49:42.078546
ac2b61,SWA3037 ,United States,1790574570.0,1790574570,-122.2127,37.7098,,True,0.0,126.56,,,,,False,0,2026-09-28 05:49:42.078546
7c7a46,VOZ530  ,Australia,1790574574.0,1790574575,152.8342,-28.7,7810.5,False,201.05,235.74,11.7,,8130.54,1127,False,0,2026-09-28 05:49:42.078546
7c7a47,VOZ694  ,Australia,1790574567.0,1790574574,115.9703,-31.9405,,True,0.0,185.62,,,,3674,False,0,2026-09-28 05:49:42.078546
7c7a48,VOZ556  ,Australia,1790574574.0,1790574574,150.1574,-34.4036,6103.62,False,210.54,62.5,-8.78,,6332.22,4270,False,0,2026-09-28 05:49:42.078546
469596,SEH690  ,Greece,1790574573.0,1790574573,22.1134,38.9698,5478.78,False,128.41,306.36,0.0,,5684.52,,False,0,2026-09-28 05:49:42.078546
71be39,KAL260  ,Republic of Korea,1790574572.0,1790574574,133.679,36.1515,12192.0,False,193.79,263.14,0.0,,12824.46,6152,False,0,2026-09-28 05:49:42.078546
4cac1e,RYR74WC ,Ireland,1790574575.0,1790574575,-8.3301,50.3579,10363.2,False,211.74,194.21,0.0,,10485.12,3606,False,0,2026-09-28 05:49:42.078546
4cac1f,RYR1WB  ,Ireland,1790574575.0,1790574575,-4.7728,44.0027,11887.2,False,209.63,211.35,0.0,,12237.72,4104,False,0,2026-09-28 05:49:42.078546
71be37,KAL017  ,Republic of Korea,1790574573.0,1790574574,126.4317,37.4876,220.98,False,89.61,326.95,9.43,,228.6,,False,0,2026-09-28 05:49:42.078546
70e08c,KTC172  ,Cambodia,1790574574.0,1790574574,101.9782,2.6031,3307.08,False,154.38,63.69,12.03,,3497.58,,False,0,2026-09-28 05:49:42.078546
885b4d,TVJ103  ,Thailand,1790574574.0,1790574574,100.7063,14.3843,3832.86,False,136.5,194.4,-4.55,,4015.74,,False,0,2026-09-28 05:49:42.078546
885b4a,TVJ981  ,Thailand,1790574543.0,1790574543,100.7471,13.7188,121.92,False,68.5,194.35,-3.25,,76.2,,False,0,2026-09-28 05:49:42.078546
3483cb,AZW724  ,Spain,1790574573.0,1790574573,6.0521,39.1762,11582.4,False,216.0,350.4,0.0,,12085.32,,False,0,2026-09-28 05:49:42.078546
aa542f,AVA139  ,United States,1790574574.0,1790574574,-69.5962,-4.2702,11269.98,False,235.74,163.78,0.0,,12047.22,,False,0,2026-09-28 05:49:42.078546
4cac87,RYR7RX  ,Ireland,1790574574.0,1790574574,-3.6459,49.9396,9738.36,False,198.27,224.26,4.88,,9982.2,5263,False,0,2026-09-28 05:49:42.078546
4cac88,RYR1ZR  ,Ireland,1790574574.0,1790574574,2.7837,52.8248,10668.0,False,243.51,92.18,0.33,,10957.56,4616,False,0,2026-09-28 05:49:42.078546
04c15a,KQA108  ,Kenya,1790574574.0,1790574575,0.9571,42.4193,12184.38,False,251.21,340.75,0.0,,12649.2,5567,False,0,2026-09-28 05:49:42.078546
4cac89,RYR28VA ,Ireland,1790574573.0,1790574574,-3.5329,40.2088,9753.6,False,247.79,101.5,0.0,,10187.94,4407,False,0,2026-09-28 05:49:42.078546
3483d9,ANE29MQ ,Spain,1790574574.0,1790574574,-4.0912,40.6128,4069.08,False,99.99,254.18,5.85,,4297.68,5060,False,0,2026-09-28 05:49:42.078546
4cac85,RYR5NQ  ,Ireland,1790574574.0,1790574575,0.4193,47.9276,10668.0,False,213.4,188.74,0.33,,11026.14,2064,False,0,2026-09-28 05:49:42.078546
885b50,TVJ823  ,Thailand,1790574354.0,1790574356,98.9673,18.7685,,True,0.0,90.0,,,,,False,0,2026-09-28 05:49:42.078546
4d20d9,VJT426  ,Malta,1790574574.0,1790574574,4.0467,48.1455,4815.84,False,188.21,319.21,-8.78,,5067.3,1000,False,0,2026-09-28 05:49:42.078546
8682fc,JAL1    ,Japan,1790574574.0,1790574575,141.3333,35.9694,5669.28,False,189.28,256.0,-2.6,,5966.46,1767,False,0,2026-09-28 05:49:42.078546
885b51,TVJ354  ,Thailand,1790574574.0,1790574574,99.7475,11.0992,10363.2,False,230.13,191.08,-0.33,,10347.96,,False,0,2026-09-28 05:49:42.078546
86d2cc,ANA1103 ,Japan,1790574574.0,1790574574,139.7892,35.5586,,True,8.75,337.5,,,,,False,0,2026-09-28 05:49:42.078546
c04fd7,ACA824  ,Canada,1790574574.0,1790574574,-8.0031,41.6994,10363.2,False,252.04,98.92,0.0,,10744.2,3341,False,0,2026-09-28 05:49:42.078546
4cac8d,NOS8065 ,Ireland,1790574574.0,1790574575,9.5655,44.9401,9144.0,False,225.9,240.98,0.0,,9547.86,0450,False,0,2026-09-28 05:49:42.078546
8682f4,ANA255  ,Japan,1790574574.0,1790574574,139.1361,35.522,6339.84,False,192.9,265.87,6.5,,6659.88,1767,False,0,2026-09-28 05:49:42.078546
4cac8a,SAS245E ,Ireland,1790574574.0,1790574574,6.5225,52.3138,10965.18,False,211.36,225.69,0.0,,11323.32,0742,False,0,2026-09-28 05:49:42.078546
4d20f4,WZZ8027 ,Malta,1790574574.0,1790574575,16.8604,49.3324,10972.8,False,234.62,232.13,0.0,,11384.28,1000,False,0,2026-09-28 05:49:42.078546
70e085,SEJ5111 ,Cambodia,1790574574.0,1790574574,71.1866,23.013,9144.0,False,222.1,237.97,0.0,,9662.16,,False,0,2026-09-28 05:49:42.078546
4d20f3,WMT2977 ,Malta,1790574574.0,1790574574,10.4883,41.204,9296.4,False,221.08,260.63,5.85,,9723.12,,False,0,2026-09-28 05:49:42.078546
885b48,TVJ110  ,Thailand,1790574574.0,1790574574,100.4865,13.9242,4846.32,False,198.52,330.84,9.43,,5074.92,,False,0,2026-09-28 05:49:42.078546
aa5428,AAL198  ,United States,1790574575.0,1790574575,2.0469,48.6952,11887.2,False,247.7,106.78,0.0,,12237.72,6370,False,0,2026-09-28 05:49:42.078546
885b41,TVJ851  ,Thailand,1790574574.0,1790574574,120.5781,21.8699,9144.0,False,241.46,256.82,0.0,,9822.18,,False,0,2026-09-28 05:49:42.078546
a5edbf,EJA481  ,United States,1790574321.0,1790574322,-76.6505,39.1733,106.68,False,56.39,324.28,-2.93,,30.48,3621,False,0,2026-09-28 05:49:42.078546
4cac7f,RYR72HH ,Ireland,1790574575.0,1790574575,-3.6492,50.5105,10972.8,False,268.66,6.38,0.0,,11193.78,7447,False,0,2026-09-28 05:49:42.078546
39c429,AFR722  ,France,1790574575.0,1790574575,0.8221,45.5224,11582.4,False,262.61,350.87,0.0,,11993.88,5564,False,0,2026-09-28 05:49:42.078546
a449a4,UAL1802 ,United States,1790574574.0,1790574574,-122.7916,45.6847,1592.58,False,140.42,351.57,12.35,,1592.58,3507,False,0,2026-09-28 05:49:42.078546
400a0e,SHT9E   ,United Kingdom,1790574574.0,1790574574,-4.0521,55.5457,5867.4,False,186.48,202.04,9.43,,5920.74,6026,False,0,2026-09-28 05:49:42.078546
4d20b6,VCJ1MA  ,Malta,1790574574.0,1790574574,14.7983,47.3487,6713.22,False,148.17,295.94,9.1,,7048.5,1000,False,0,2026-09-28 05:49:42.078546
71be05,KAL8314 ,Republic of Korea,1790574574.0,1790574574,119.2788,23.0025,10668.0,False,240.77,58.72,0.0,,11414.76,,False,0,2026-09-28 05:49:42.078546
86d2ee,ANA91   ,Japan,1790574490.0,1790574490,126.3886,25.9932,9753.6,False,261.31,229.63,0.0,,10469.88,,False,0,2026-09-28 05:49:42.078546
c04ff7,ROU2136 ,Canada,1790574574.0,1790574574,-121.6126,49.1879,5935.98,False,225.69,86.73,8.13,,6019.8,2621,False,0,2026-09-28 05:49:42.078546
4d20bd,WMT3317 ,Malta,1790574574.0,1790574574,23.9054,37.8837,350.52,False,62.56,36.3,-3.58,,449.58,,False,0,2026-09-28 05:49:42.078546
4d20bf,WMT7866 ,Malta,1790574574.0,1790574574,-0.2782,52.3064,2743.2,False,121.53,284.21,-0.33,,2849.88,3570,False,0,2026-09-28 05:49:42.078546
4cac79,SAS025  ,Ireland,1790574574.0,1790574574,18.638,60.6689,6766.56,False,199.48,197.41,-11.7,,7002.78,0214,False,0,2026-09-28 05:49:42.078546
04c11a,KQA886  ,Kenya,1790574574.0,1790574574,98.0084,13.927,10668.0,False,262.66,48.1,-0.33,,,,False,0,2026-09-28 05:49:42.078546
0d0e9c,VOI1830 ,Mexico,1790574572.0,1790574572,-110.6243,27.7648,10965.18,False,234.25,319.45,0.0,,11719.56,,False,0,2026-09-28 05:49:42.078546
4d20c7,VJT503  ,Malta,1790574573.0,1790574573,25.7484,34.6654,11582.4,False,205.88,306.67,0.0,,12024.36,,False,0,2026-09-28 05:49:42.078546
a11f59,UAL1141 ,United States,1790574566.0,1790574566,-122.3916,37.6214,,True,0.0,22.5,,,,,False,0,2026-09-28 05:49:42.078546
86e888,ANA847  ,Japan,1790574574.0,1790574574,120.8792,21.9985,12192.0,False,260.5,205.25,-0.33,,13045.44,,False,0,2026-09-28 05:49:42.078546
a5a38e,ASA2619 ,United States,1790574561.0,1790574561,-107.7148,45.737,11887.2,False,263.66,96.72,0.0,,12192.0,3530,False,0,2026-09-28 05:49:42.078546
7c7c39,YTN     ,Australia,1790574575.0,1790574575,138.6562,-34.8039,205.74,False,59.73,210.54,0.65,,297.18,,False,0,2026-09-28 05:49:42.078546
7c33b1,KHV     ,Australia,1790574574.0,1790574574,144.6674,-38.0945,762.0,False,56.62,109.09,0.0,,906.78,7162,False,0,2026-09-28 05:49:42.078546
7c7c31,YTF     ,Australia,1790574575.0,1790574575,138.4115,-33.8993,2141.22,False,63.16,20.5,-0.65,,2324.1,,False,0,2026-09-28 05:49:42.078546
408352,EXS31BH ,United Kingdom,1790574575.0,1790574575,-0.3738,50.9797,4053.84,False,153.77,164.48,19.51,,4183.38,0561,False,0,2026-09-28 05:49:42.078546
ace149,N929TG  ,United States,1790574574.0,1790574574,-151.0293,60.7644,1257.3,False,73.13,45.86,0.0,,1066.8,,False,0,2026-09-28 05:49:42.078546
398495,CCM86M  ,France,1790574573.0,1790574573,8.9969,41.4342,1181.1,False,128.28,326.95,5.85,,1341.12,,False,0,2026-09-28 05:49:42.078546
408346,EXS11JP ,United Kingdom,1790574574.0,1790574574,-3.2524,55.6708,4351.02,False,184.5,129.68,12.68,,4396.74,4715,False,0,2026-09-28 05:49:42.078546
40832a,TOM8YH  ,United Kingdom,1790574575.0,1790574575,2.5373,50.9981,11277.6,False,234.8,107.2,0.0,,11620.5,4716,False,0,2026-09-28 05:49:42.078546
40832b,TOM5KD  ,United Kingdom,1790574574.0,1790574574,4.054,51.9239,12496.8,False,230.77,116.05,0.0,,12809.22,4722,False,0,2026-09-28 05:49:42.078546
a6c39f,GJS4523 ,United States,1790574574.0,1790574574,-85.8056,35.9997,5273.04,False,199.02,152.77,-7.8,,5471.16,6521,False,0,2026-09-28 05:49:42.078546
800d03,SEJ2161 ,India,1790574574.0,1790574574,75.6293,29.7508,7010.4,False,175.88,130.49,-0.98,,7353.3,,False,0,2026-09-28 05:49:42.078546
acf48f,ASA336  ,United States,1790574527.0,1790574565,-110.4839,46.4609,11277.6,False,256.19,90.12,0.0,,11521.44,6646,False,0,2026-09-28 05:49:42.078546
0c20de,CMP302  ,Panama,1790574574.0,1790574574,-118.0799,33.8357,2011.68,False,126.29,338.24,-7.8,,2049.78,0504,False,0,2026-09-28 05:49:42.078546
a1e5dd,N221MT  ,United States,1790574574.0,1790574575,-111.1593,32.3727,1356.36,False,60.39,315.0,0.65,,1363.98,,False,0,2026-09-28 05:49:42.078546
4a1aae,AWG131P ,Romania,1790574574.0,1790574574,26.2708,45.0646,3840.48,False,160.94,217.86,-6.83,,3985.26,,False,0,2026-09-28 05:49:42.078546
0c20f2,CMP850  ,Panama,1790574365.0,1790574365,-117.1787,32.7299,,True,2.31,106.88,,,,0162,False,0,2026-09-28 05:49:42.078546
a48e3a,DAL2616 ,United States,1790574574.0,1790574575,-122.3113,45.3326,10972.8,False,213.3,334.42,0.0,,11170.92,6714,False,0,2026-09-28 05:49:42.078546
86e82a,JAL73   ,Japan,1790574568.0,1790574572,143.6157,34.5698,12192.0,False,219.89,277.26,-0.33,,12908.28,,False,0,2026-09-28 05:49:42.078546
40838d,BAW82DM ,United Kingdom,1790574574.0,1790574574,-3.5866,52.3338,10363.2,False,225.36,294.69,0.0,,10523.22,1251,False,0,2026-09-28 05:49:42.078546
40838b,BAW891  ,United Kingdom,1790574574.0,1790574574,22.4356,46.128,11574.78,False,225.61,294.52,0.0,,11887.2,3277,False,0,2026-09-28 05:49:42.078546
7c7c74,VOZ525  ,Australia,1790574539.0,1790574540,153.4957,-28.1488,-53.34,False,72.36,150.15,-3.58,,114.3,1310,False,0,2026-09-28 05:49:42.078546
ab2f3f,N82HP   ,United States,1790574566.0,1790574572,9.2103,48.6909,,True,0.06,165.94,,,,1257,False,0,2026-09-28 05:49:42.078546
a7f63d,ASA67   ,United States,1790574574.0,1790574574,-141.9286,59.9272,10972.8,False,217.66,285.35,0.33,,10675.62,,False,0,2026-09-28 05:49:42.078546
40837c,EXS87W  ,United Kingdom,1790574573.0,1790574574,3.5417,50.7298,10660.38,False,232.71,113.45,0.0,,10995.66,4725,False,0,2026-09-28 05:49:42.078546
a445b0,DAL1607 ,United States,1790574574.0,1790574574,-115.3908,40.7018,11582.4,False,199.53,263.04,0.0,,11910.06,6046,False,0,2026-09-28 05:49:42.078546
40837a,GFABV   ,United Kingdom,1790574574.0,1790574574,0.9143,51.3915,12077.7,False,173.31,321.87,0.98,,12359.64,7556,False,0,2026-09-28 05:49:42.078546
800d36,IGO920J ,India,1790574565.0,1790574566,82.3909,18.4623,11582.4,False,237.15,241.21,-0.33,,12306.3,,False,0,2026-09-28 05:49:42.078546
408383,EXS69VT ,United Kingdom,1790574574.0,1790574574,-1.5963,53.4047,6118.86,False,205.56,102.58,9.1,,6248.4,4632,False,0,2026-09-28 05:49:42.078546
a97cb5,GTI354  ,United States,1790574574.0,1790574574,-115.0617,40.1706,10058.4,False,251.34,137.99,0.0,,10386.06,,False,0,2026-09-28 05:49:42.078546
a445a9,UAL8289 ,United States,1790574458.0,1790574458,-110.2704,37.4711,10668.0,False,271.52,72.01,0.33,,11170.92,7242,False,0,2026-09-28 05:49:42.078546
75808c,GAP2149 ,Philippines,1790574574.0,1790574574,120.9196,14.0267,5638.8,False,206.53,168.21,8.45,,6042.66,,False,0,2026-09-28 05:49:42.078546
40836c,EZY59ZF ,United Kingdom,1790574561.0,1790574561,-0.1737,51.1535,,True,4.89,168.75,,,,,False,0,2026-09-28 05:49:42.078546
a35b0b,SKW4131 ,United States,1790574571.0,1790574571,-121.5845,38.6919,,True,0.0,272.81,,,,6636,False,0,2026-09-28 05:49:42.078546
40836d,,United Kingdom,1790574550.0,1790574556,-0.1806,51.1589,,True,0.9,75.94,,,,,False,0,2026-09-28 05:49:42.078546
0c20ac,CMP194  ,Panama,1790574574.0,1790574574,-98.303,18.7006,7894.32,False,196.67,300.32,0.0,,8420.1,,False,0,2026-09-28 05:49:42.078546
800d41,AIC4TJ  ,India,1790574574.0,1790574574,72.9698,19.0901,525.78,False,84.9,268.96,-3.58,,472.44,,False,0,2026-09-28 05:49:42.078546
800d40,AIC9EK  ,India,1790574574.0,1790574574,76.9481,28.3255,2804.16,False,150.19,199.61,4.88,,2849.88,,False,0,2026-09-28 05:49:42.078546
aa5130,ENY3736 ,United States,1790574574.0,1790574574,-87.8552,42.817,3604.26,False,177.65,353.35,0.0,,3749.04,,False,0,2026-09-28 05:49:42.078546
ace19a,SWA3817 ,United States,1790574575.0,1790574575,-113.8487,33.8149,11018.52,False,212.66,292.47,-4.88,,11605.26,7453,False,0,2026-09-28 05:49:42.078546
40702e,EXS7TF  ,United Kingdom,1790574574.0,1790574575,-0.0731,49.8208,11887.2,False,211.49,162.01,0.0,,12176.76,5201,False,0,2026-09-28 05:49:42.078546
0c20b6,CMP263  ,Panama,1790574574.0,1790574574,-77.8653,-10.3393,8892.54,False,204.34,158.28,-9.1,,9517.38,,False,0,2026-09-28 05:49:42.078546
451d8c,ASL79H  ,Bulgaria,1790574574.0,1790574574,16.4502,46.3078,9144.0,False,226.41,308.17,-0.33,,9555.48,1735,False,0,2026-09-28 05:49:42.078546
4691c3,AEE441  ,Greece,1790574574.0,1790574574,27.5104,40.4228,10271.76,False,228.78,199.58,9.43,,10576.56,2363,False,0,2026-09-28 05:49:42.078546
ad2733,ASA367  ,United States,1790574574.0,1790574574,-113.9089,46.8358,10668.0,False,250.52,97.31,0.33,,10858.5,6671,False,0,2026-09-28 05:49:42.078546
710110,SVA111  ,Saudi Arabia,1790574557.0,1790574563,-0.4527,51.4649,-30.48,True,53.51,268.9,-0.33,,,3561,False,0,2026-09-28 05:49:42.078546
4d2110,VJT683  ,Malta,1790574574.0,1790574575,14.3426,46.0562,10668.0,False,232.12,127.07,-0.33,,11109.96,0664,False,0,2026-09-28 05:49:42.078546
4caaa8,ITY3OL  ,Ireland,1790574574.0,1790574575,2.3897,48.4968,3063.24,False,144.54,99.63,9.1,,3238.5,,False,0,2026-09-28 05:49:42.078546
a3be8f,DAL1712 ,United States,1790574574.0,1790574574,-117.8242,44.9279,10081.26,False,229.57,314.0,-4.88,,10248.9,6040,False,0,2026-09-28 05:49:42.078546
a4cb59,N408LF  ,United States,1790574360.0,1790574360,-117.2092,46.3931,1089.66,False,72.75,98.13,-5.2,,1242.06,,False,0,2026-09-28 05:49:42.078546
0c218a,CMP362  ,Panama,1790574574.0,1790574574,-115.6018,32.4217,8907.78,False,258.87,117.58,2.93,,9372.6,6716,False,0,2026-09-28 05:49:42.078546
30019c,NOS1930 ,Italy,1790574574.0,1790574574,8.7146,45.6293,,True,0.06,78.75,,,,,False,0,2026-09-28 05:49:42.078546
451d86,ASL32B  ,Bulgaria,1790574574.0,1790574574,16.1198,52.8116,10972.8,False,221.17,340.01,0.0,,11346.18,2233,False,0,2026-09-28 05:49:42.078546
0c218b,CMP382  ,Panama,1790574574.0,1790574575,-120.4112,35.3385,9144.0,False,209.96,313.51,0.0,,9433.56,5325,False,0,2026-09-28 05:49:42.078546
451d85,ASL44R  ,Bulgaria,1790574574.0,1790574574,13.6966,51.3462,9144.0,False,235.24,321.12,0.0,,9540.24,5161,False,0,2026-09-28 05:49:42.078546
a445f8,DAL2613 ,United States,1790574571.0,1790574571,-122.3136,47.4434,,True,0.0,180.0,,,,1364,False,0,2026-09-28 05:49:42.078546
710103,SVA978  ,Saudi Arabia,1790574574.0,1790574574,94.3712,22.5953,12496.8,False,234.13,82.3,0.0,,13251.18,4256,False,0,2026-09-28 05:49:42.078546
4caab4,ITY2055 ,Ireland,1790574574.0,1790574574,10.0752,44.4543,8839.2,False,203.39,153.89,0.0,,9250.68,1000,False,0,2026-09-28 05:49:42.078546
71144e,RXI401  ,Saudi Arabia,1790574575.0,1790574575,2.1164,50.0091,12184.38,False,253.55,314.59,-0.65,,12512.04,7525,False,0,2026-09-28 05:49:42.078546
71011d,SVA870  ,Saudi Arabia,1790574574.0,1790574575,69.8633,22.8679,11277.6,False,263.4,93.58,0.0,,11963.4,,False,0,2026-09-28 05:49:42.078546
0c217a,CMP368  ,Panama,1790574575.0,1790574575,-71.5384,-6.2138,10058.4,False,243.86,149.16,0.0,,10751.82,,False,0,2026-09-28 05:49:42.078546
7c7af7,YKP     ,Australia,1790574574.0,1790574574,138.6166,-34.7732,205.74,False,57.8,249.15,1.3,,320.04,,False,0,2026-09-28 05:49:42.078546
86e7a2,JAL32   ,Japan,1790574559.0,1790574559,118.3434,21.3658,11269.98,False,248.17,75.96,0.0,,12092.94,,False,0,2026-09-28 05:49:42.078546
710121,SVA020  ,Saudi Arabia,1790574574.0,1790574574,-7.7621,40.6998,9753.6,False,267.72,95.51,0.0,,10142.22,2744,False,0,2026-09-28 05:49:42.078546
800d7a,SEJ9118 ,India,1790574364.0,1790574369,55.4039,25.2309,121.92,False,83.11,301.33,-3.25,,83.82,3532,False,0,2026-09-28 05:49:42.078546
710124,SVA844  ,Saudi Arabia,1790574575.0,1790574575,99.3586,14.4402,8260.08,False,212.23,92.92,-5.2,,11369.04,5202,False,0,2026-09-28 05:49:42.078546
408329,TOM27Y  ,United Kingdom,1790574575.0,1790574575,-3.2453,50.4825,8702.04,False,181.1,180.81,8.45,,8930.64,1143,False,0,2026-09-28 05:49:42.078546
4c0176,ASL156  ,Serbia,1790574574.0,1790574574,19.584,48.3807,5486.4,False,125.79,356.25,0.0,,5730.24,0506,False,0,2026-09-28 05:49:42.078546
4d214d,AIZ211  ,Malta,1790574574.0,1790574574,33.3714,32.4249,8831.58,False,205.23,295.86,7.8,,9281.16,4346,True,0,2026-09-28 05:49:42.078546
4c0178,ASL80A  ,Serbia,1790574574.0,1790574574,20.3074,44.8681,1066.8,False,76.12,346.72,7.48,,1211.58,,False,0,2026-09-28 05:49:42.078546
4d2153,CAI8UQ  ,Malta,1790574574.0,1790574575,10.4523,50.1837,10972.8,False,226.91,302.5,0.0,,11384.28,1000,False,0,2026-09-28 05:49:42.078546
86d594,ANA1080 ,Japan,1790574574.0,1790574574,139.7848,35.5583,,True,2.31,250.31,,,,3417,False,0,2026-09-28 05:49:42.078546
ab7152,N8362R  ,United States,1790574574.0,1790574574,-79.678,35.4088,1005.84,False,51.18,309.29,0.0,,982.98,,False,0,2026-09-28 05:49:42.078546
408314,TOM526  ,United Kingdom,1790574574.0,1790574574,-0.8242,54.7594,11277.6,False,223.66,119.34,0.0,,11422.38,4637,False,0,2026-09-28 05:49:42.078546
86d57f,APJ738  ,Japan,1790574572.0,1790574572,134.3353,33.9754,3375.66,False,154.75,126.76,-0.98,,3535.68,,False,0,2026-09-28 05:49:42.078546
a6b07e,ASA604  ,United States,1790574574.0,1790574574,-119.1708,36.7354,11277.6,False,222.3,167.57,-0.33,,11689.08,3526,False,0,2026-09-28 05:49:42.078546
abe79d,SWA859  ,United States,1790574574.0,1790574575,-121.4409,38.876,1104.9,False,124.4,249.17,-2.28,,1097.28,,False,0,2026-09-28 05:49:42.078546
3c54a1,EWG4EH  ,Germany,1790574574.0,1790574574,3.6801,39.8379,5532.12,False,200.12,233.57,-11.7,,5875.02,1000,False,0,2026-09-28 05:49:42.078546
4d211b,VJT929  ,Malta,1790574565.0,1790574570,139.7585,35.5629,,True,0.0,331.88,,,,,False,0,2026-09-28 05:49:42.078546
a73e2f,LCO1612 ,United States,1790574574.0,1790574575,-80.1385,25.8074,685.8,False,101.99,267.11,-5.85,,701.04,3033,False,0,2026-09-28 05:49:42.078546
4d2131,VJT957  ,Malta,1790574574.0,1790574575,9.5538,43.0046,7932.42,False,224.12,295.57,-11.7,,8328.66,1000,False,0,2026-09-28 05:49:42.078546
4d2145,WMT9SU  ,Malta,1790574574.0,1790574574,3.0894,39.6842,10675.62,False,222.01,267.08,0.0,,11178.54,1733,False,0,2026-09-28 05:49:42.078546
3c54a5,EWG49X  ,Germany,1790574574.0,1790574574,6.5322,46.2566,11277.6,False,221.11,207.28,0.0,,11757.66,1134,False,0,2026-09-28 05:49:42.078546
3c54a4,EWG7ER  ,Germany,1790574574.0,1790574574,7.4002,51.1964,10972.8,False,215.8,211.15,0.0,,11384.28,1132,False,0,2026-09-28 05:49:42.078546
3c54a3,EWG13G  ,Germany,1790574574.0,1790574574,2.6923,45.6141,11269.98,False,216.19,178.09,0.0,,11704.32,1000,False,0,2026-09-28 05:49:42.078546
3c54a2,EWG5DV  ,Germany,1790574575.0,1790574575,-0.8558,43.9361,10652.76,False,201.34,207.55,0.0,,11079.48,4131,False,0,2026-09-28 05:49:42.078546
300153,IIMMI   ,Italy,1790574575.0,1790574575,9.9558,45.2491,4023.36,False,154.69,98.99,-8.78,,4290.06,1000,False,0,2026-09-28 05:49:42.078546
4081bf,BAW742  ,United Kingdom,1790574574.0,1790574574,-0.4556,51.1147,5478.78,False,203.38,153.24,12.03,,5661.66,2152,False,0,2026-09-28 05:49:42.078546
a802fa,N615T   ,United States,1790574575.0,1790574575,-115.0087,36.1961,4556.76,False,202.69,90.0,14.96,,4732.02,,False,0,2026-09-28 05:49:42.078546
4d206e,AIZ996  ,Malta,1790574575.0,1790574575,0.4642,48.82,12496.8,False,250.09,99.11,0.0,,12816.84,2252,False,0,2026-09-28 05:49:42.078546
4081bd,BAW5PQ  ,United Kingdom,1790574574.0,1790574574,-0.5396,51.4754,640.08,False,97.09,257.14,11.05,,739.14,2710,False,0,2026-09-28 05:49:42.078546
39d2ab,AFR027  ,France,,1790574569,,,,False,289.96,41.98,0.0,,,,False,0,2026-09-28 05:49:42.078546
4d206b,WMT787  ,Malta,1790574574.0,1790574574,18.7047,49.6503,4846.32,False,167.94,52.22,-11.38,,5113.02,1000,False,0,2026-09-28 05:49:42.078546
4d206c,,Malta,,1790574351,,,,False,108.34,307.09,0.0,,,,False,0,2026-09-28 05:49:42.078546
39d2ad,,France,,1790574319,,,,False,279.06,53.85,0.0,,,,False,0,2026-09-28 05:49:42.078546
a24dc1,ASA1466 ,United States,1790574574.0,1790574574,-113.1232,34.5952,9136.38,False,207.73,249.41,0.65,,9601.2,3131,False,0,2026-09-28 05:49:42.078546
4b18b8,EDW27N  ,Switzerland,1790574573.0,1790574573,8.5674,47.4558,,True,0.0,95.62,,,,3057,False,0,2026-09-28 05:49:42.078546
4b18b9,EDW130J ,Switzerland,1790574573.0,1790574574,16.6308,44.3046,10668.0,False,239.73,135.43,0.0,,11109.96,3067,False,0,2026-09-28 05:49:42.078546
39d2b1,AFR159X ,France,1790574305.0,1790574305,2.5325,49.0251,68.58,False,67.63,85.2,-0.33,,198.12,6302,False,0,2026-09-28 05:49:42.078546
39d2b4,AFR081  ,France,1790574575.0,1790574575,-98.0999,50.7929,11887.2,False,281.33,53.93,-0.33,,12024.36,,False,0,2026-09-28 05:49:42.078546
4d207f,VJT732  ,Malta,1790574574.0,1790574574,-9.267,48.0016,12489.18,False,269.57,90.11,0.33,,12679.68,,False,0,2026-09-28 05:49:42.078546
3c6917,CFG5WN  ,Germany,1790574573.0,1790574573,8.5426,50.0365,,True,9.26,250.31,,,,1000,False,0,2026-09-28 05:49:42.078546
4d207c,RYR88SA ,Malta,1790574574.0,1790574574,-0.9834,41.7298,11277.6,False,213.04,206.38,0.0,,11727.18,1000,False,0,2026-09-28 05:49:42.078546
4d207d,RYR3PL  ,Malta,1790574574.0,1790574574,14.6477,50.2045,11277.6,False,237.43,164.16,0.0,,11696.7,7621,False,0,2026-09-28 05:49:42.078546
4d2080,RYR7TA  ,Malta,1790574574.0,1790574575,11.1328,42.7378,11277.6,False,226.01,182.22,0.0,,11734.8,7420,False,0,2026-09-28 05:49:42.078546
4d2081,EWG6YP  ,Malta,1790574574.0,1790574574,15.2391,47.0964,4411.98,False,170.25,333.82,9.43,,4655.82,1000,False,0,2026-09-28 05:49:42.078546
4d2086,EWG9N   ,Malta,1790574574.0,1790574575,23.9548,37.9655,11285.22,False,244.7,146.14,0.0,,11650.98,7104,False,0,2026-09-28 05:49:42.078546
4d2085,EWG4672 ,Malta,1790574574.0,1790574574,12.16,54.9836,11582.4,False,209.08,216.19,-0.33,,11940.54,1000,False,0,2026-09-28 05:49:42.078546
4b18a3,HBJIP   ,Switzerland,1790574574.0,1790574574,8.3258,46.8987,10645.14,False,230.8,163.42,4.23,,11094.72,6730,False,0,2026-09-28 05:49:42.078546
4d204b,WZZ39GE ,Malta,1790574575.0,1790574575,5.2534,43.2225,10767.06,False,222.95,234.77,-4.55,,11262.36,1000,False,0,2026-09-28 05:49:42.078546
4d204a,WZZ1D   ,Malta,1790574574.0,1790574574,16.5025,45.0406,10363.2,False,244.69,194.74,0.0,,10789.92,1000,False,0,2026-09-28 05:49:42.078546
4081a3,BAW879  ,United Kingdom,1790574574.0,1790574574,24.1273,45.4254,9144.0,False,239.28,297.12,0.33,,9425.94,,False,0,2026-09-28 05:49:42.078546
39e5c4,CRL927  ,France,1790574574.0,1790574574,1.3262,48.449,3352.8,False,157.01,70.67,0.65,,3535.68,1000,False,0,2026-09-28 05:49:42.078546
4081a1,BAW4EP  ,United Kingdom,1790574574.0,1790574575,9.6875,44.6242,9395.46,False,237.38,306.27,8.13,,9814.56,0402,False,0,2026-09-28 05:49:42.078546
4b18ba,SWR8WP  ,Switzerland,1790574544.0,1790574574,8.5606,50.0434,53.34,True,0.0,340.31,,,,1000,False,0,2026-09-28 05:49:42.078546
39d2a0,AFR179  ,France,1790574573.0,1790574574,-67.0748,41.7427,11887.2,False,268.4,54.36,0.0,,12336.78,3347,False,0,2026-09-28 05:49:42.078546
4d2067,WMT521  ,Malta,1790574574.0,1790574574,7.6145,51.5168,,True,2.31,73.12,,,,6606,False,0,2026-09-28 05:49:42.078546
39d2a4,AFR705  ,France,1790574574.0,1790574574,2.0842,38.6413,12192.0,False,245.88,353.63,0.0,,12687.3,,False,0,2026-09-28 05:49:42.078546
3c41d5,,Germany,1790574461.0,1790574461,10.0031,53.6256,,True,4.12,42.19,,,,,False,0,2026-09-28 05:49:42.078546
800bc4,IGO6125 ,India,1790574573.0,1790574573,80.392,27.5368,10988.04,False,228.33,283.82,0.0,,11658.6,,False,0,2026-09-28 05:49:42.078546
a17140,SKW3306 ,United States,1790574574.0,1790574574,-122.358,37.6125,,True,12.86,25.31,,,,,False,0,2026-09-28 05:49:42.078546
4b18f2,EDW268G ,Switzerland,1790574574.0,1790574574,2.4137,44.625,11277.6,False,203.98,239.04,0.0,,11719.56,3071,False,0,2026-09-28 05:49:42.078546
4b18f3,EDW38TD ,Switzerland,1790574574.0,1790574574,20.8867,39.7683,11285.22,False,242.83,143.62,0.0,,11673.84,4621,False,0,2026-09-28 05:49:42.078546
4b18f4,EDW370L ,Switzerland,1790574574.0,1790574574,23.8853,39.8508,10675.62,False,252.84,135.74,0.33,,11018.52,3062,False,0,2026-09-28 05:49:42.078546
4b18f5,EDW114  ,Switzerland,1790574575.0,1790574575,0.0608,43.2761,11277.6,False,206.32,218.93,0.0,,11719.56,3002,False,0,2026-09-28 05:49:42.078546
0c2162,CMP124  ,Panama,1790574574.0,1790574574,-56.044,-34.6922,1341.12,False,131.78,342.27,9.43,,1386.84,,False,0,2026-09-28 05:49:42.078546
0c2161,CMP168  ,Panama,1790574574.0,1790574575,-59.0642,-33.8085,8382.0,False,184.05,328.49,6.83,,8740.14,0411,False,0,2026-09-28 05:49:42.078546
a2f41d,N29LB   ,United States,1790574574.0,1790574574,-118.211,33.7774,274.32,False,46.92,344.74,-0.33,,205.74,5500,False,0,2026-09-28 05:49:42.078546
800bd4,AIC2379 ,India,1790574574.0,1790574574,78.1296,28.4612,4312.92,False,161.06,295.75,-6.83,,4457.7,,False,0,2026-09-28 05:49:42.078546
800bd6,VTEHB   ,India,1790574574.0,1790574575,78.2928,28.1887,5471.16,False,129.25,291.97,0.0,,5692.14,,False,0,2026-09-28 05:49:42.078546
7c7ab6,VOZ116  ,Australia,1790574574.0,1790574574,153.4589,-27.95,4244.34,False,188.38,349.46,-13.66,,4511.04,0214,False,0,2026-09-28 05:49:42.078546
7c7ab8,VOZ1040 ,Australia,1790574575.0,1790574575,150.1623,-31.3031,11582.4,False,195.41,217.84,-0.33,,11871.96,1031,False,0,2026-09-28 05:49:42.078546
7c7ab9,VOZ1595 ,Australia,1790574567.0,1790574575,144.8457,-37.6705,,True,1.54,194.06,,,,,False,0,2026-09-28 05:49:42.078546
4d208f,WMT6002 ,Malta,1790574574.0,1790574575,13.8897,41.8808,8595.36,False,222.47,76.22,4.88,,9022.08,,False,0,2026-09-28 05:49:42.078546
4d208e,WMT2JG  ,Malta,1790574574.0,1790574574,-0.393,39.4555,403.86,False,70.4,296.0,-3.58,,510.54,1000,False,0,2026-09-28 05:49:42.078546
800ba2,VTGVT   ,India,1790574574.0,1790574574,72.6019,19.1771,144.78,False,59.22,108.75,0.0,,83.82,,False,0,2026-09-28 05:49:42.078546
7c7aac,VOZ742  ,Australia,1790574574.0,1790574574,153.5375,-28.2223,655.32,False,102.02,160.56,13.98,,822.96,1060,False,0,2026-09-28 05:49:42.078546
4d2092,WMT4407 ,Malta,1790574574.0,1790574574,2.1986,41.3627,10668.0,False,216.3,236.35,-0.33,,11163.3,1000,False,0,2026-09-28 05:49:42.078546
3982fc,FJLTA   ,France,1790574574.0,1790574575,5.3551,43.5236,289.56,False,41.2,344.05,,,,7000,False,0,2026-09-28 05:49:42.078546
4d2093,AXY775G ,Malta,1790574574.0,1790574575,10.8938,40.5534,12435.84,False,224.96,267.9,2.28,,12893.04,2343,False,0,2026-09-28 05:49:42.078546
4d2095,RYR165E ,Malta,1790574574.0,1790574574,-7.4757,52.2204,8557.26,False,243.35,28.68,-3.9,,8656.32,2343,False,0,2026-09-28 05:49:42.078546
4d2096,RYR3KP  ,Malta,1790574574.0,1790574574,5.1545,47.7292,11582.4,False,228.93,323.13,0.0,,11993.88,5773,False,0,2026-09-28 05:49:42.078546
7c7aa3,VOZ224  ,Australia,1790574573.0,1790574573,141.2266,-35.8672,10058.4,False,232.71,113.45,0.0,,10393.68,,False,0,2026-09-28 05:49:42.078546
7c7aa5,VOZ688  ,Australia,1790574574.0,1790574574,139.5538,-35.2597,11277.6,False,243.11,114.5,0.0,,11612.88,,False,0,2026-09-28 05:49:42.078546
a8ae3e,AAL1694 ,United States,1790574574.0,1790574575,-112.5929,34.707,10972.8,False,199.84,272.8,-0.33,,11551.92,,False,0,2026-09-28 05:49:42.078546
aa75ef,UAL1170 ,United States,1790574560.0,1790574561,-157.9359,21.3078,91.44,False,67.6,53.04,-2.93,,106.68,,False,0,2026-09-28 05:49:42.078546
7c7aa0,VOZ334  ,Australia,1790574487.0,1790574499,151.6629,-29.5169,7917.18,False,220.21,209.38,0.0,,8244.84,1163,False,0,2026-09-28 05:49:42.078546
7c7aa1,VOZ332  ,Australia,1790574560.0,1790574570,147.0983,-34.3464,10972.8,False,194.43,218.45,0.0,,11254.74,1116,False,0,2026-09-28 05:49:42.078546
7c4760,ODU     ,Australia,1790574574.0,1790574574,137.6161,-34.5219,1371.6,False,46.14,67.72,5.85,,1524.0,,False,0,2026-09-28 05:49:42.078546
a4caba,DAL20   ,United States,1790574574.0,1790574574,-118.2133,49.1176,10668.0,False,255.09,71.78,0.33,,10782.3,,False,0,2026-09-28 05:49:42.078546
71bf50,JNA342  ,Republic of Korea,1790574574.0,1790574574,129.8157,33.2815,12192.0,False,209.37,341.52,0.0,,12938.76,7036,False,0,2026-09-28 05:49:42.078546
abf8e0,SWA3595 ,United States,1790574497.0,1790574499,-116.3369,38.8399,10972.8,False,204.35,259.85,0.0,,11353.8,1404,False,0,2026-09-28 05:49:42.078546
c01970,ROU1903 ,Canada,1790574574.0,1790574574,-111.1417,47.3644,10972.8,False,214.34,273.16,0.0,,11178.54,,False,0,2026-09-28 05:49:42.078546
86e800,ANA216  ,Japan,1790574574.0,1790574574,137.415,34.7519,11955.78,False,276.26,89.68,-9.75,,12641.58,7566,False,0,2026-09-28 05:49:42.078546
71bf53,ABL322  ,Republic of Korea,1790574573.0,1790574573,128.6327,34.9841,1844.04,False,116.74,169.33,0.0,,1905.0,3777,False,0,2026-09-28 05:49:42.078546
392da4,TJT91SZ ,France,1790574574.0,1790574574,8.7453,45.5495,525.78,False,86.18,350.03,-5.2,,670.56,1000,False,0,2026-09-28 05:49:42.078546
7c7b7d,YOF     ,Australia,1790574566.0,1790574571,115.8823,-32.0938,,True,0.0,182.81,,,,,False,0,2026-09-28 05:49:42.078546
a5b764,ASA746  ,United States,1790574574.0,1790574574,-118.8521,45.4567,11582.4,False,229.78,317.63,-0.33,,11772.9,,False,0,2026-09-28 05:49:42.078546
a4478d,DAL2111 ,United States,1790574573.0,1790574574,-115.9367,43.4512,1981.2,False,108.19,305.13,-4.88,,2019.3,4301,False,0,2026-09-28 05:49:42.078546
71bf43,JNA302  ,Republic of Korea,1790574574.0,1790574574,127.8326,36.9113,6652.26,False,175.11,304.95,-15.61,,6934.2,6135,False,0,2026-09-28 05:49:42.078546
7c7b88,YOQ     ,Australia,1790574574.0,1790574574,115.8699,-32.108,236.22,False,38.15,190.1,4.55,,220.98,3000,False,0,2026-09-28 05:49:42.078546
7c7b5f,YNL     ,Australia,1790574574.0,1790574574,138.63,-34.8257,160.02,False,46.54,293.45,-3.58,,251.46,,False,0,2026-09-28 05:49:42.078546
7c7b5e,YNK     ,Australia,1790574574.0,1790574574,138.6387,-34.772,198.12,False,53.59,291.39,-1.63,,312.42,,False,0,2026-09-28 05:49:42.078546
7c7b78,YOA     ,Australia,1790574574.0,1790574574,115.7779,-32.141,434.34,False,63.33,46.97,-1.95,,411.48,3000,False,0,2026-09-28 05:49:42.078546
800be5,AIC2YU  ,India,1790574574.0,1790574574,77.1765,26.9003,9083.04,False,234.84,357.36,-8.45,,9608.82,,False,0,2026-09-28 05:49:42.078546
adbe25,N985EK  ,United States,1790574574.0,1790574574,8.8394,51.494,3048.0,False,82.39,154.88,0.0,,3238.5,1261,False,0,2026-09-28 05:49:42.078546
aac5ec,SCX3077 ,United States,1790574574.0,1790574575,-98.7757,30.7952,6332.22,False,204.76,97.07,-10.4,,6705.6,1343,False,0,2026-09-28 05:49:42.078546
7c7b61,YNN     ,Australia,1790574574.0,1790574574,138.6645,-34.783,182.88,False,54.99,117.28,-0.33,,281.94,,False,0,2026-09-28 05:49:42.078546
7c7b65,YNR     ,Australia,1790574535.0,1790574535,138.3716,-34.3747,434.34,False,52.63,39.45,-2.93,,541.02,,False,0,2026-09-28 05:49:42.078546
ac4e85,UAL2275 ,United States,1790574574.0,1790574574,-92.3022,36.3791,11277.6,False,227.74,24.13,0.0,,11750.04,0705,False,0,2026-09-28 05:49:42.078546
ac3b51,SWA1927 ,United States,1790574575.0,1790574575,-95.9164,31.7987,11582.4,False,238.55,231.92,0.0,,12214.86,1506,False,0,2026-09-28 05:49:42.078546
71bf07,KAL1141 ,Republic of Korea,1790574312.0,1790574312,126.6125,34.2778,4701.54,False,176.62,185.01,-8.13,,4968.24,7474,False,0,2026-09-28 05:49:42.078546
4cab4f,GJI55H  ,Ireland,1790574574.0,1790574574,-9.3023,47.0017,13716.0,False,255.68,90.0,0.0,,13959.84,,False,0,2026-09-28 05:49:42.078546
71bf01,KAL657  ,Republic of Korea,1790574514.0,1790574514,101.4532,14.3812,6042.66,False,149.97,246.34,-4.23,,6416.04,,False,0,2026-09-28 05:49:42.078546
460844,FSF778D ,Finland,1790574574.0,1790574574,6.0054,46.1432,2476.5,False,66.95,182.64,9.75,,2674.62,,False,0,2026-09-28 05:49:42.078546
adab31,AAL2561 ,United States,1790574574.0,1790574574,-84.6646,36.1965,12192.0,False,227.95,349.73,0.0,,12633.96,1431,False,0,2026-09-28 05:49:42.078546
71bf26,KAL2125 ,Republic of Korea,1790574574.0,1790574574,132.7744,33.7284,10668.0,False,262.42,91.12,0.33,,11308.08,4373,False,0,2026-09-28 05:49:42.078546
c0192e,ACA794  ,Canada,1790574575.0,1790574575,-118.2314,33.645,3642.36,False,172.34,90.0,9.1,,3749.04,7224,False,0,2026-09-28 05:49:42.078546
3c5641,BOX544  ,Germany,1790574574.0,1790574574,24.1627,45.2584,10058.4,False,249.16,116.35,-0.33,,10325.1,7703,False,0,2026-09-28 05:49:42.078546
4b1939,CSW780  ,Switzerland,1790574574.0,1790574574,14.4137,43.3559,11277.6,False,221.92,134.25,0.0,,11719.56,3021,False,0,2026-09-28 05:49:42.078546
a699a1,AAL3231 ,United States,1790574574.0,1790574575,-114.3217,47.3304,10363.2,False,204.95,278.52,-0.33,,10515.6,,False,0,2026-09-28 05:49:42.078546
86d668,TZP46   ,Japan,1790574573.0,1790574574,140.9184,36.0297,3703.32,False,146.28,149.11,0.0,,3886.2,4321,False,0,2026-09-28 05:49:42.078546
7c34ab,KOT     ,Australia,1790574432.0,1790574432,145.097,-37.9737,-129.54,False,29.4,175.99,-1.63,,22.86,3000,False,0,2026-09-28 05:49:42.078546
04c1c0,JMA8671 ,Kenya,1790574574.0,1790574574,36.6965,-1.4881,3078.48,False,111.77,54.55,-4.88,,3261.36,,False,0,2026-09-28 05:49:42.078546
4b1921,SWR39   ,Switzerland,1790574573.0,1790574574,-96.8001,52.4897,10668.0,False,285.08,64.22,0.0,,10721.34,,False,0,2026-09-28 05:49:42.078546
7100fa,HZA11   ,Saudi Arabia,1790574573.0,1790574573,49.983,26.137,2141.22,False,135.93,324.08,-7.15,,2354.58,6344,False,0,2026-09-28 05:49:42.078546
7580b3,GAP2045 ,Philippines,1790574564.0,1790574564,121.0152,14.5087,,True,0.0,59.06,,,,,False,0,2026-09-28 05:49:42.078546
a7816a,DAL1044 ,United States,1790574510.0,1790574510,-122.3064,47.4371,,True,5.66,188.44,,,,,False,0,2026-09-28 05:49:42.078546
abc29a,DAL86   ,United States,1790574574.0,1790574574,-70.3598,46.1612,11277.6,False,241.42,71.49,0.0,,11719.56,4103,False,0,2026-09-28 05:49:42.078546
398577,AFR26KJ ,France,1790574574.0,1790574574,-0.0969,50.962,8839.2,False,221.9,145.39,0.0,,9075.42,6350,False,0,2026-09-28 05:49:42.078546
86d68f,APJ113  ,Japan,1790574575.0,1790574575,138.6135,38.1822,11277.6,False,249.18,13.49,0.0,,11811.0,2061,False,0,2026-09-28 05:49:42.078546
4b1950,SWR97Y  ,Switzerland,1790574574.0,1790574574,9.6018,49.439,10980.42,False,223.21,10.22,0.0,,11422.38,1000,False,0,2026-09-28 05:49:42.078546
4b193f,CSW802  ,Switzerland,1790574574.0,1790574574,17.8327,44.0954,10660.38,False,250.37,129.41,0.0,,11071.86,3014,False,0,2026-09-28 05:49:42.078546
4caa60,RYR7SR  ,Ireland,1790574524.0,1790574526,2.7589,39.4425,2103.12,False,123.49,252.55,-6.83,,2270.76,1000,False,0,2026-09-28 05:49:42.078546
4caa61,RYR4BL  ,Ireland,1790574574.0,1790574574,-1.9092,34.8005,11277.6,False,249.56,55.75,0.0,,11841.48,7767,False,0,2026-09-28 05:49:42.078546
39856f,KLM1849 ,France,1790574574.0,1790574574,7.0371,51.4243,8229.6,False,232.28,123.62,-0.33,,8557.26,1000,False,0,2026-09-28 05:49:42.078546
a219ea,UAL3771 ,United States,1790574574.0,1790574575,-117.3506,37.3434,11582.4,False,247.36,318.12,0.0,,12024.36,2533,False,0,2026-09-28 05:49:42.078546
4b1942,CSW444  ,Switzerland,1790574574.0,1790574575,16.545,43.4967,10660.38,False,243.76,128.66,0.0,,11094.72,3053,False,0,2026-09-28 05:49:42.078546
a6b185,N530ME  ,United States,1790574362.0,1790574362,-79.9526,40.4668,342.9,False,2.62,191.31,-1.3,,312.42,,False,0,2026-09-28 05:49:42.078546
39d565,FHVLF   ,France,1790574574.0,1790574574,6.6175,46.5421,,True,0.0,0.0,,,,,False,0,2026-09-28 05:49:42.078546
7c47bc,QFA537  ,Australia,1790574574.0,1790574575,152.8291,-28.3052,7940.04,False,196.79,201.47,5.85,,8275.32,1202,False,0,2026-09-28 05:49:42.078546
7c47bd,QFA646  ,Australia,1790574574.0,1790574574,148.6522,-34.6464,11277.6,False,252.23,78.83,0.0,,11529.06,4257,False,0,2026-09-28 05:49:42.078546
adabfe,JBU608  ,United States,1790574574.0,1790574574,-114.6686,35.8895,4876.8,False,210.83,86.36,8.13,,5059.68,,False,0,2026-09-28 05:49:42.078546
4caa5f,RYR5XM  ,Ireland,1790574574.0,1790574575,-6.2089,48.3508,10668.0,False,194.4,188.22,0.0,,10881.36,1421,False,0,2026-09-28 05:49:42.078546
71bf95,AAR134  ,Republic of Korea,1790574574.0,1790574574,128.1417,36.186,8229.6,False,263.02,135.71,0.0,,8648.7,4331,False,0,2026-09-28 05:49:42.078546
71bf94,AAR702  ,Republic of Korea,1790574574.0,1790574574,120.8873,24.4021,11887.2,False,229.75,36.72,0.0,,12740.64,,False,0,2026-09-28 05:49:42.078546
71bf90,ASV713  ,Republic of Korea,1790574574.0,1790574574,134.1562,34.4581,3383.28,False,137.51,166.59,0.33,,3550.92,,False,0,2026-09-28 05:49:42.078546
7c6a63,VAT     ,Australia,1790574574.0,1790574574,126.7661,-18.215,4572.0,False,133.8,91.54,0.98,,4876.8,,False,0,2026-09-28 05:49:42.078546
ab0a04,N810GT  ,United States,1790574575.0,1790574575,-95.6005,36.1146,3611.88,False,167.49,100.62,13.98,,3764.28,,False,0,2026-09-28 05:49:42.078546
40717c,EXS60VL ,United Kingdom,1790574574.0,1790574574,-4.491,55.8402,693.42,False,80.39,224.74,9.75,,754.38,,False,0,2026-09-28 05:49:42.078546
40717d,EXS77AW ,United Kingdom,1790574503.0,1790574503,-3.3587,55.9528,,True,5.14,59.06,,,,,False,0,2026-09-28 05:49:42.078546
40717a,EXS15LK ,United Kingdom,1790574574.0,1790574574,2.1942,47.7191,11887.2,False,208.1,173.61,0.33,,12245.34,5215,False,0,2026-09-28 05:49:42.078546
40717b,EXS387  ,United Kingdom,1790574574.0,1790574574,-6.655,53.3755,9372.6,False,222.2,169.73,9.75,,9425.94,2202,False,0,2026-09-28 05:49:42.078546
85c970,ANA376  ,Japan,1790574574.0,1790574574,140.6517,37.0744,7597.14,False,190.04,210.59,-1.3,,8001.0,,False,0,2026-09-28 05:49:42.078546
71bf89,ASV702  ,Republic of Korea,1790574573.0,1790574573,128.6064,36.4742,8534.4,False,187.67,304.95,0.0,,8945.88,,False,0,2026-09-28 05:49:42.078546
4b194f,SWR3AP  ,Switzerland,1790574574.0,1790574574,7.8419,46.976,6705.6,False,174.35,51.71,0.0,,7063.74,1000,False,0,2026-09-28 05:49:42.078546
7c6a53,AM311   ,Australia,1790574575.0,1790574575,145.6624,-37.927,5791.2,False,144.07,88.98,0.0,,5996.94,7074,False,0,2026-09-28 05:49:42.078546
a1d3d8,N217DK  ,United States,1790574574.0,1790574574,-156.0375,19.733,144.78,False,28.81,268.98,-1.63,,137.16,,False,0,2026-09-28 05:49:42.078546
407181,EXS9WG  ,United Kingdom,1790574574.0,1790574574,-2.0039,54.5265,5120.64,False,184.46,189.15,12.68,,5189.22,7502,False,0,2026-09-28 05:49:42.078546
4b194a,SWR2083 ,Switzerland,1790574574.0,1790574574,-7.2345,40.2694,10553.7,False,245.55,44.75,6.83,,10972.8,2017,False,0,2026-09-28 05:49:42.078546
4b194b,SWR242E ,Switzerland,1790574575.0,1790574575,5.741,44.6758,10668.0,False,225.13,200.46,0.0,,11140.44,1000,False,0,2026-09-28 05:49:42.078546
7c6a58,AM343   ,Australia,1790574572.0,1790574573,144.9008,-37.7206,,True,0.0,177.19,,,,,False,0,2026-09-28 05:49:42.078546
4b194c,SWR542D ,Switzerland,1790574575.0,1790574575,8.0188,47.3208,4221.48,False,181.34,280.13,5.2,,4495.8,3041,False,0,2026-09-28 05:49:42.078546
4b194d,SWR44Y  ,Switzerland,1790574575.0,1790574575,6.0352,45.2694,10058.4,False,222.22,198.35,0.0,,10530.84,1000,False,0,2026-09-28 05:49:42.078546
4b194e,SWR1HW  ,Switzerland,1790574573.0,1790574574,19.6661,40.9429,10972.8,False,212.36,320.6,0.0,,11384.28,,False,0,2026-09-28 05:49:42.078546
407179,EXS17LV ,United Kingdom,1790574574.0,1790574574,0.7724,52.9552,11887.2,False,220.34,124.73,-0.65,,12115.8,0535,False,0,2026-09-28 05:49:42.078546
407177,EXS18KS ,United Kingdom,1790574574.0,1790574575,-3.7429,49.2756,11887.2,False,196.68,195.16,0.0,,12115.8,5417,False,0,2026-09-28 05:49:42.078546
407176,EXS13LM ,United Kingdom,1790574575.0,1790574575,-1.2151,54.9056,10668.0,False,228.95,119.33,0.0,,10797.54,3407,False,0,2026-09-28 05:49:42.078546
868688,ANA65   ,Japan,1790574571.0,1790574571,141.6917,42.789,137.16,False,75.23,172.53,-3.58,,38.1,3431,False,0,2026-09-28 05:49:42.078546
a72aec,ASI57   ,United States,1790574467.0,1790574468,-111.8219,33.2627,426.72,False,33.93,49.3,-1.95,,373.38,,False,0,2026-09-28 05:49:42.078546
a72c41,N561SR  ,United States,1790574575.0,1790574575,-122.3755,37.4915,4686.3,False,177.26,137.0,11.7,,4754.88,3325,False,0,2026-09-28 05:49:42.078546
abd536,SWA1374 ,United States,1790574574.0,1790574575,-113.8347,35.2685,9883.14,False,264.76,104.17,9.75,,10347.96,,False,0,2026-09-28 05:49:42.078546
3c66c5,DLH765  ,Germany,1790574574.0,1790574574,11.4062,48.2022,1402.08,False,134.46,273.07,-5.85,,1569.72,1000,False,0,2026-09-28 05:49:42.078546
c03c44,WJA137  ,Canada,1790574574.0,1790574575,-114.268,51.0024,3406.14,False,172.54,276.85,13.0,,3429.0,,False,0,2026-09-28 05:49:42.078546
4d2007,WZZ9HS  ,Malta,1790574574.0,1790574575,10.1998,47.9735,1021.08,False,86.85,240.55,12.35,,1150.62,,False,0,2026-09-28 05:49:42.078546
aac87b,SKW5553 ,United States,1790574575.0,1790574575,-88.2392,41.2745,6316.98,False,199.77,198.62,9.75,,6568.44,,False,0,2026-09-28 05:49:42.078546
a923a7,UAL442  ,United States,1790574568.0,1790574568,-117.2026,32.7357,,True,4.89,267.19,,,,5356,False,0,2026-09-28 05:49:42.078546
3c66e1,DLH243  ,Germany,1790574574.0,1790574575,11.0648,46.8374,11590.02,False,227.85,346.69,0.0,,12047.22,1000,False,0,2026-09-28 05:49:42.078546
0c2073,,Panama,,1790574573,,,,False,233.2,283.91,0.0,,,,False,0,2026-09-28 05:49:42.078546
71156d,,Saudi Arabia,,1790574301,,,403.86,False,83.88,344.34,-3.9,,,5667,False,0,2026-09-28 05:49:42.078546
abd559,SWA4022 ,United States,1790574574.0,1790574574,-116.6797,32.7745,2598.42,False,135.95,230.53,-6.83,,2689.86,5213,False,0,2026-09-28 05:49:42.078546
0c204c,CMP186  ,Panama,1790574574.0,1790574574,-99.7398,25.2716,5105.4,False,198.78,149.52,13.98,,5402.58,,False,0,2026-09-28 05:49:42.078546
ac088e,SWA2111 ,United States,1790574574.0,1790574574,-109.3602,35.5069,10309.86,False,277.61,94.46,-5.2,,10888.98,,False,0,2026-09-28 05:49:42.078546
4692d8,AEE8NA  ,Greece,1790574529.0,1790574529,23.9319,37.9325,,True,0.77,284.06,,,,,False,0,2026-09-28 05:49:42.078546
4692d7,AEE530  ,Greece,1790574574.0,1790574574,21.5869,43.0295,10972.8,False,218.68,313.76,0.0,,11323.32,,False,0,2026-09-28 05:49:42.078546
4692d4,AEE6002 ,Greece,1790574574.0,1790574574,23.5674,41.8468,6256.02,False,210.07,4.64,-19.18,,6515.1,,False,0,2026-09-28 05:49:42.078546
711568,KNE637  ,Saudi Arabia,1790574539.0,1790574571,52.2831,22.8584,9433.56,False,254.36,100.61,0.0,,10020.3,4545,False,0,2026-09-28 05:49:42.078546
86e8ac,ANA1261 ,Japan,1790574574.0,1790574574,138.1749,34.7737,1310.64,False,109.46,105.54,6.5,,1371.6,,False,0,2026-09-28 05:49:42.078546
4692d3,AEE544  ,Greece,1790574574.0,1790574574,33.7655,34.9253,876.3,False,118.29,43.06,-3.25,,922.02,7424,False,0,2026-09-28 05:49:42.078546
4692d1,AEE2HO  ,Greece,1790574575.0,1790574575,24.7884,37.7045,6591.3,False,214.04,118.1,6.5,,6842.76,,False,0,2026-09-28 05:49:42.078546
a5ec61,ASA347  ,United States,1790574575.0,1790574575,-119.199,47.4781,6469.38,False,201.27,94.54,-9.43,,6576.06,,False,0,2026-09-28 05:49:42.078546
4692cd,AEE534  ,Greece,1790574574.0,1790574575,10.0585,47.6309,6560.82,False,191.62,282.25,-4.55,,6926.58,1000,False,0,2026-09-28 05:49:42.078546
4692cc,AEE3HK  ,Greece,1790574574.0,1790574574,25.0887,36.5553,7566.66,False,259.85,155.06,-5.53,,7894.32,,False,0,2026-09-28 05:49:42.078546
abe892,SWA2619 ,United States,1790574575.0,1790574575,-121.8274,43.2297,11277.6,False,243.45,175.88,0.0,,11498.58,3575,False,0,2026-09-28 05:49:42.078546
a290d0,UAL989  ,United States,1790574574.0,1790574575,4.0734,50.8892,11277.6,False,255.19,103.17,0.0,,11635.74,2034,False,0,2026-09-28 05:49:42.078546
47ae38,NBT40S  ,Norway,1790574575.0,1790574575,-64.6131,42.6273,11887.2,False,259.16,71.96,-0.33,,12420.6,3307,False,0,2026-09-28 05:49:42.078546
3c66ea,DLH6VV  ,Germany,1790574575.0,1790574575,9.7352,52.4534,99.06,False,62.84,272.82,-3.25,,213.36,1000,False,0,2026-09-28 05:49:42.078546
04c1fd,5YZBF   ,Kenya,1790574574.0,1790574575,36.7881,-1.323,2164.08,False,64.62,319.84,4.23,,2286.0,,False,0,2026-09-28 05:49:42.078546
adbef0,AAL944  ,United States,1790574516.0,1790574516,-78.0384,31.8907,11277.6,False,251.58,8.23,-0.33,,11772.9,1444,False,0,2026-09-28 05:49:42.078546
a4df56,ASA1444 ,United States,1790574575.0,1790574575,-121.9316,37.3686,,True,8.23,137.81,,,,3560,False,0,2026-09-28 05:49:42.078546
4d2038,KMM306  ,Malta,1790574574.0,1790574574,13.0539,38.2703,11590.02,False,226.58,350.2,-0.33,,12039.6,6566,False,0,2026-09-28 05:49:42.078546
7c47aa,JST656  ,Australia,1790574428.0,1790574435,149.1944,-35.3461,617.22,False,72.54,0.0,-4.55,,792.48,1223,False,0,2026-09-28 05:49:42.078546
acf54f,JBU948  ,United States,1790574537.0,1790574573,-115.1367,36.0809,,True,0.0,45.0,,,,,False,0,2026-09-28 05:49:42.078546
3c79b7,CFG7AH  ,Germany,1790574574.0,1790574574,18.8126,43.9319,10675.62,False,252.51,148.84,0.0,,11071.86,7652,False,0,2026-09-28 05:49:42.078546
4d201d,WMT2B   ,Malta,1790574574.0,1790574574,1.8771,53.0201,10370.82,False,219.35,284.39,0.0,,10668.0,0627,False,0,2026-09-28 05:49:42.078546
4d201e,WMT736  ,Malta,1790574574.0,1790574574,13.362,47.4817,10972.8,False,232.7,15.91,0.0,,11430.0,1000,False,0,2026-09-28 05:49:42.078546
4d201f,WZZ45   ,Malta,1790574574.0,1790574574,1.7002,51.9945,5486.4,False,204.19,309.79,0.0,,5684.52,2705,False,0,2026-09-28 05:49:42.078546
7c47ac,JST818  ,Australia,1790574574.0,1790574574,153.2167,-27.2303,861.06,False,93.41,206.85,-5.2,,1028.7,1202,False,0,2026-09-28 05:49:42.078546
348209,VLG58QL ,Spain,1790574575.0,1790574575,2.4956,48.4482,10652.76,False,207.58,177.16,0.0,,11041.38,1000,False,0,2026-09-28 05:49:42.078546
3c79b9,CFG8PR  ,Germany,1790574569.0,1790574569,2.8082,39.4542,2423.16,False,133.9,243.53,-6.5,,2636.52,1000,False,0,2026-09-28 05:49:42.078546
348205,VLG99GC ,Spain,1790574574.0,1790574574,2.0406,41.2029,1165.86,False,117.15,187.06,17.23,,1303.02,,False,0,2026-09-28 05:49:42.078546
ad1560,JBU2501 ,United States,1790574551.0,1790574551,-118.4026,33.9476,,True,5.66,171.56,,,,5747,False,0,2026-09-28 05:49:42.078546
348206,VLG136B ,Spain,1790574572.0,1790574572,2.0827,41.2871,,True,6.43,132.19,,,,,False,0,2026-09-28 05:49:42.078546
348203,VLG3505 ,Spain,1790574402.0,1790574402,2.0795,41.2915,,True,1.03,154.69,,,,6347,False,0,2026-09-28 05:49:42.078546
348204,VLG5VG  ,Spain,1790574574.0,1790574574,-9.3671,37.8696,10660.38,False,222.75,180.0,0.0,,11109.96,3765,False,0,2026-09-28 05:49:42.078546
711508,HZA26   ,Saudi Arabia,1790574574.0,1790574574,55.1257,24.3304,3558.54,False,158.86,233.43,-5.85,,3733.8,4530,False,0,2026-09-28 05:49:42.078546
4d2049,WMT9BV  ,Malta,1790574573.0,1790574574,29.7353,34.9225,10675.62,False,260.1,126.96,0.33,,11064.24,0436,False,0,2026-09-28 05:49:42.078546
7c47a3,JST566  ,Australia,1790574574.0,1790574574,144.7528,-37.6564,701.04,False,112.93,273.92,8.13,,853.44,1251,False,0,2026-09-28 05:49:42.078546
4d203a,KNE673  ,Malta,1790574203.0,1790574364,54.8615,22.5218,10668.0,False,272.38,92.38,-0.33,,11323.32,5257,False,0,2026-09-28 05:49:42.078546
4d203d,CHZ4996 ,Malta,1790574574.0,1790574574,32.2531,32.4333,9753.6,False,233.29,324.24,0.0,,10165.08,,False,0,2026-09-28 05:49:42.078546
3c79c5,NGN472  ,Germany,1790574575.0,1790574575,15.3577,48.1067,10058.4,False,252.44,119.28,0.0,,10477.5,7643,False,0,2026-09-28 05:49:42.078546
3877ff,EV6     ,France,1790574432.0,1790574432,5.0833,45.7446,,True,1.29,11.25,,,,,False,0,2026-09-28 05:49:42.078546
4d202d,SWU1918 ,Malta,1790574574.0,1790574574,16.2294,39.4432,6324.6,False,151.12,308.78,5.2,,6659.88,,False,0,2026-09-28 05:49:42.078546
4d2014,EWG8SJ  ,Malta,1790574574.0,1790574574,5.1512,42.2273,11582.4,False,225.2,28.97,0.0,,12077.7,1000,False,0,2026-09-28 05:49:42.078546
4b906c,PGT907H ,Turkey,1790574574.0,1790574574,28.5887,40.8675,10980.42,False,227.25,331.17,0.0,,11269.98,3212,False,0,2026-09-28 05:49:42.078546
00aff7,ZUYXZ   ,South Africa,1790574574.0,1790574574,18.322,-33.5944,944.88,False,48.05,195.52,-2.93,,1043.94,,False,0,2026-09-28 05:49:42.078546
3c66b0,DLH6NC  ,Germany,1790574538.0,1790574538,11.7873,48.3435,,True,27.27,84.38,,,,1000,False,0,2026-09-28 05:49:42.078546
451e90,AIZ1071 ,Bulgaria,1790574575.0,1790574575,28.7666,35.6106,8763.0,False,186.03,322.53,-19.18,,9060.18,1162,False,0,2026-09-28 05:49:42.078546
a32800,AAY91   ,United States,1790574458.0,1790574458,-109.8035,37.6932,11582.4,False,185.82,252.77,-0.33,,12146.28,1172,False,0,2026-09-28 05:49:42.078546
3c66a8,DLH5JW  ,Germany,1790574574.0,1790574574,14.6348,48.2203,10058.4,False,228.42,90.26,0.0,,10492.74,1000,False,0,2026-09-28 05:49:42.078546
3c66a7,DLH4EK  ,Germany,1790574574.0,1790574575,11.5239,48.3438,1325.88,False,106.75,83.08,-6.18,,1493.52,1361,False,0,2026-09-28 05:49:42.078546
3c66a6,DLH5E   ,Germany,1790574574.0,1790574574,12.0115,50.2723,9144.0,False,240.73,168.79,0.0,,9563.1,1361,False,0,2026-09-28 05:49:42.078546
3c66a9,DLH2FL  ,Germany,1790574574.0,1790574574,11.7492,48.3405,396.24,False,71.87,84.25,-3.9,,525.78,1000,False,0,2026-09-28 05:49:42.078546
3c66ad,DLH6VT  ,Germany,1790574574.0,1790574574,12.8722,55.757,868.68,False,90.02,221.52,1.95,,982.98,6457,False,0,2026-09-28 05:49:42.078546
3c66af,DLH1715 ,Germany,1790574574.0,1790574575,11.9257,48.267,2743.2,False,129.93,263.63,0.0,,2964.18,1000,False,0,2026-09-28 05:49:42.078546
3c66ae,DLH1JT  ,Germany,1790574557.0,1790574572,8.5935,50.0488,,True,8.75,354.38,,,,1000,False,0,2026-09-28 05:49:42.078546
4d201a,AEZ389L ,Malta,1790574574.0,1790574574,9.3428,44.9597,2537.46,False,140.06,351.13,-4.88,,2743.2,5433,False,0,2026-09-28 05:49:42.078546
3c66c2,DLH4W   ,Germany,1790574574.0,1790574574,1.3861,51.2339,12496.8,False,261.25,99.41,0.0,,12755.88,2013,False,0,2026-09-28 05:49:42.078546
0c208c,CMP404  ,Panama,1790574574.0,1790574574,-78.6459,23.2104,10972.8,False,232.92,350.08,0.0,,11574.78,,False,0,2026-09-28 05:49:42.078546
3c66b3,OCN9ZF  ,Germany,1790574568.0,1790574568,25.1659,35.9464,3474.72,False,168.04,158.07,-8.45,,3649.98,7707,False,0,2026-09-28 05:49:42.078546
4b9069,PGT3CQ  ,Turkey,1790574574.0,1790574574,29.5836,41.1159,3261.36,False,153.77,344.48,5.2,,3368.04,2315,False,0,2026-09-28 05:49:42.078546
4d200c,WMT7705 ,Malta,1790574572.0,1790574574,26.3456,36.1713,10668.0,False,259.92,114.43,0.0,,11033.76,,False,0,2026-09-28 05:49:42.078546
4d200d,WZZ99WA ,Malta,1790574574.0,1790574574,3.6892,45.2375,10660.38,False,213.32,234.13,0.0,,11117.58,1000,False,0,2026-09-28 05:49:42.078546
4d200e,WMT9AC  ,Malta,1790574574.0,1790574574,12.1872,49.9109,10355.58,False,226.64,297.44,0.0,,10789.92,6616,False,0,2026-09-28 05:49:42.078546
4d2020,WZZ20KU ,Malta,1790574574.0,1790574574,-1.2845,58.7367,10965.18,False,226.3,300.76,-0.33,,10942.32,1157,False,0,2026-09-28 05:49:42.078546
4d2021,WZZ4BK  ,Malta,1790574574.0,1790574575,0.8354,52.1721,4358.64,False,151.8,292.31,-2.6,,4518.66,3562,False,0,2026-09-28 05:49:42.078546
4d2022,WMT638  ,Malta,1790574574.0,1790574574,5.0605,47.5196,8542.02,False,201.89,326.43,-9.43,,8945.88,1000,False,0,2026-09-28 05:49:42.078546
4082e6,TOM2VK  ,United Kingdom,1790574574.0,1790574574,-0.8556,51.2363,11780.52,False,210.51,144.95,2.28,,12031.98,5224,False,0,2026-09-28 05:49:42.078546
a20883,AVA044  ,United States,1790574574.0,1790574574,-74.1426,4.7027,,True,4.89,126.56,,,,,False,0,2026-09-28 05:49:42.078546
4082cc,TOM9WM  ,United Kingdom,1790574574.0,1790574575,-2.5103,52.9799,11277.6,False,205.67,150.81,-0.33,,11445.24,5237,False,0,2026-09-28 05:49:42.078546
7c7ba1,YPF     ,Australia,1790574574.0,1790574574,152.8337,-31.5332,464.82,False,56.55,201.9,0.33,,647.7,,False,0,2026-09-28 05:49:42.078546
ae20c4,RCH234  ,United States,1790574574.0,1790574574,-3.6726,37.0945,10363.2,False,257.22,63.64,0.0,,10873.74,6274,False,0,2026-09-28 05:49:42.078546
7c351b,RXA4487 ,Australia,1790574377.0,1790574526,138.528,-34.9444,-83.82,False,47.94,123.18,0.0,,7.62,,False,0,2026-09-28 05:49:42.078546
a12ee0,UAL1341 ,United States,1790574566.0,1790574566,-118.433,38.5485,10058.4,False,270.58,81.36,-0.33,,10325.1,3615,False,0,2026-09-28 05:49:42.078546
4082ac,EZY53ZM ,United Kingdom,1790574574.0,1790574575,2.0196,51.1729,9723.12,False,247.47,80.19,4.55,,10050.78,3410,False,0,2026-09-28 05:49:42.078546
a11bc6,UAL218  ,United States,1790574572.0,1790574572,-126.4297,35.6177,11269.98,False,280.51,70.5,0.0,,11673.84,,False,0,2026-09-28 05:49:42.078546
a3bee4,N340SF  ,United States,1790574575.0,1790574575,-89.1863,40.1575,845.82,False,69.55,209.22,0.0,,876.3,,False,0,2026-09-28 05:49:42.078546
a1e830,N2218H  ,United States,1790574575.0,1790574575,-76.4094,44.5774,10812.78,False,233.2,67.56,-11.05,,11186.16,3277,False,0,2026-09-28 05:49:42.078546
4082ab,EZY48TH ,United Kingdom,1790574574.0,1790574574,5.7568,43.9086,6728.46,False,212.99,141.28,-5.2,,7109.46,6301,False,0,2026-09-28 05:49:42.078546
493035,NJE738Q ,Portugal,1790574574.0,1790574574,9.2987,45.1694,9144.0,False,227.37,295.17,0.0,,9540.24,1000,False,0,2026-09-28 05:49:42.078546
0c2046,RPB7237 ,Panama,1790574573.0,1790574574,-75.1981,8.6008,10424.16,False,239.0,171.96,6.18,,11117.58,6640,False,0,2026-09-28 05:49:42.078546
758201,GAP2042 ,Philippines,1790574574.0,1790574574,121.3896,13.5937,4823.46,False,201.88,346.14,-3.9,,5189.22,,False,0,2026-09-28 05:49:42.078546
7c3584,KUU     ,Australia,1790574574.0,1790574574,145.292,-37.7512,396.24,False,38.91,245.81,0.98,,556.26,1200,False,0,2026-09-28 05:49:42.078546
0c202b,RPB7520 ,Panama,1790574574.0,1790574574,-74.1006,4.9036,4792.98,False,163.7,44.49,7.48,,5082.54,,False,0,2026-09-28 05:49:42.078546
a2089d,N230BD  ,United States,1790574575.0,1790574575,-93.4877,41.7387,13716.0,False,255.19,79.66,-0.33,,14211.3,1350,False,0,2026-09-28 05:49:42.078546
a780ad,ASA2610 ,United States,1790574574.0,1790574574,-89.6774,36.2436,11887.2,False,235.02,41.72,0.0,,12352.02,6055,True,0,2026-09-28 05:49:42.078546
a0fbfa,UAL2827 ,United States,1790574267.0,1790574267,-73.8697,40.7746,,True,0.26,126.56,,,,7211,False,0,2026-09-28 05:49:42.078546
7c7bd1,VOZ1423 ,Australia,1790574574.0,1790574575,149.9883,-32.7554,10355.58,False,241.44,342.26,0.0,,10629.9,1401,False,0,2026-09-28 05:49:42.078546
86e7e6,JAL799  ,Japan,1790574446.0,1790574446,135.8693,32.4211,8778.24,False,240.09,314.65,-16.91,,9540.24,,False,0,2026-09-28 05:49:42.078546
7c4899,OMJ     ,Australia,1790574499.0,1790574499,150.1352,-29.6672,2110.74,False,98.32,122.61,-4.23,,2263.14,,False,0,2026-09-28 05:49:42.078546
4b17f8,SWR55Y  ,Switzerland,1790574575.0,1790574575,11.7428,56.2681,11887.2,False,238.08,35.24,0.0,,12207.24,1000,False,0,2026-09-28 05:49:42.078546
4b17f9,SWR89T  ,Switzerland,1790574574.0,1790574574,12.6382,45.5909,11887.2,False,221.04,122.84,0.0,,12344.4,3073,False,0,2026-09-28 05:49:42.078546
7c7bcc,VOZ469  ,Australia,1790574539.0,1790574548,115.9718,-31.9421,,True,0.0,50.62,,,,,False,0,2026-09-28 05:49:42.078546
7c7bc6,VOZ718  ,Australia,1790574574.0,1790574574,116.2712,-32.1395,3268.98,False,177.87,115.53,4.55,,3276.6,4070,False,0,2026-09-28 05:49:42.078546
7c4880,JST967  ,Australia,1790574574.0,1790574575,116.0684,-32.058,1996.44,False,150.99,107.45,15.28,,2011.68,3252,False,0,2026-09-28 05:49:42.078546
800cd5,AXB583  ,India,1790574575.0,1790574575,55.1712,24.141,11582.4,False,209.38,305.1,0.0,,12245.34,4042,False,0,2026-09-28 05:49:42.078546
4b17e3,SWR1DL  ,Switzerland,1790574566.0,1790574570,8.5557,47.4544,,True,0.0,185.62,,,,2000,False,0,2026-09-28 05:49:42.078546
4b17e6,SWR2MC  ,Switzerland,1790574575.0,1790574575,8.6426,47.4411,2926.08,False,148.43,77.79,12.03,,3131.82,1000,False,0,2026-09-28 05:49:42.078546
7c7c9b,VOZ331  ,Australia,1790574574.0,1790574574,150.0496,-32.0165,11277.6,False,256.38,35.44,0.0,,11551.92,1330,False,0,2026-09-28 05:49:42.078546
7c7c9c,VOZ691  ,Australia,1790574574.0,1790574574,141.2998,-37.4154,10972.8,False,210.91,277.99,0.0,,11269.98,3751,False,0,2026-09-28 05:49:42.078546
a5fef4,ASA590  ,United States,1790574574.0,1790574574,-123.1819,40.2494,11277.6,False,236.7,178.75,0.0,,11544.3,3512,False,0,2026-09-28 05:49:42.078546
4b17fb,SWR433Y ,Switzerland,1790574575.0,1790574575,9.7291,51.1401,12192.0,False,227.14,8.2,0.0,,12603.48,3040,False,0,2026-09-28 05:49:42.078546
aac6f5,AVA016  ,United States,1790574574.0,1790574574,-64.0741,17.9031,11879.58,False,250.14,58.37,0.0,,12573.0,,False,0,2026-09-28 05:49:42.078546
4b17fd,SWR278L ,Switzerland,1790574574.0,1790574574,-2.5755,39.8932,12496.8,False,200.87,209.45,0.0,,12954.0,5750,False,0,2026-09-28 05:49:42.078546
4b17fe,SWR5CV  ,Switzerland,1790574574.0,1790574574,8.5631,47.4421,,True,0.0,64.69,,,,2000,False,0,2026-09-28 05:49:42.078546
a6d860,ERU40   ,United States,1790574574.0,1790574574,-112.3094,34.6168,2209.8,False,54.07,333.43,-3.58,,2263.14,,False,0,2026-09-28 05:49:42.078546
4caa15,MGL502  ,Ireland,1790574521.0,1790574525,140.3948,35.7635,,True,8.23,210.94,,,,,False,0,2026-09-28 05:49:42.078546
850fe7,,Japan,1790574536.0,1790574574,135.6634,34.8467,365.76,False,32.59,191.84,0.0,,388.62,,False,0,2026-09-28 05:49:42.078546
7114d7,KNE387  ,Saudi Arabia,1790574565.0,1790574568,38.8115,32.3981,10355.58,False,222.7,333.38,0.0,,10919.46,,False,0,2026-09-28 05:49:42.078546
4a81f4,SVF608  ,Sweden,1790574562.0,1790574563,19.9738,63.6613,6705.6,False,167.76,25.23,-3.25,,6865.62,1000,False,0,2026-09-28 05:49:42.078546
800cff,AIC2AP  ,India,1790574573.0,1790574574,73.2288,18.7985,6499.86,False,209.26,86.48,8.13,,6819.9,,False,0,2026-09-28 05:49:42.078546
86d607,APJ571  ,Japan,1790574568.0,1790574568,140.66,38.9603,11277.6,False,251.46,10.25,0.0,,11811.0,1711,False,0,2026-09-28 05:49:42.078546
ad5c33,AAL1036 ,United States,1790574574.0,1790574574,-95.8359,38.003,7414.26,False,239.13,33.86,-4.88,,7764.78,,False,0,2026-09-28 05:49:42.078546
ae59f6,EASY64  ,United States,1790574306.0,1790574306,25.0706,42.8419,1478.28,False,73.15,257.82,0.0,,1623.06,,False,0,2026-09-28 05:49:42.078546
a67527,N515MT  ,United States,1790574563.0,1790574567,-102.1805,34.7907,1950.72,False,63.04,27.19,-0.33,,1996.44,,False,0,2026-09-28 05:49:42.078546
458667,CAT771  ,Denmark,1790574574.0,1790574574,16.6511,49.6533,11277.6,False,237.22,133.95,0.0,,11673.84,1442,False,0,2026-09-28 05:49:42.078546
4caa41,EIN124  ,Ireland,1790574574.0,1790574575,-80.8467,46.5946,11887.2,False,247.77,54.89,0.0,,12260.58,1312,False,0,2026-09-28 05:49:42.078546
4caa40,EIN990  ,Ireland,1790574574.0,1790574574,-92.9281,46.649,11887.2,False,265.22,72.62,0.0,,12252.96,6732,False,0,2026-09-28 05:49:42.078546
398560,AFR87LQ ,France,1790574574.0,1790574575,2.7246,48.8447,4213.86,False,154.61,243.09,2.6,,4434.84,,False,0,2026-09-28 05:49:42.078546
398562,AFR53SP ,France,1790574574.0,1790574574,2.4457,49.1783,2887.98,False,139.49,268.1,-5.85,,3063.24,4165,False,0,2026-09-28 05:49:42.078546
4caa4a,,Ireland,1790574478.0,1790574504,19.5856,49.7823,11018.52,False,214.89,27.06,4.55,,11384.28,,False,0,2026-09-28 05:49:42.078546
398568,AFR28VV ,France,1790574574.0,1790574575,0.5441,46.4286,9281.16,False,243.87,354.67,-4.88,,9654.54,1000,False,0,2026-09-28 05:49:42.078546
398569,AFR1107 ,France,1790574575.0,1790574575,2.1631,48.9744,1470.66,False,124.9,113.29,-0.33,,1615.44,1000,False,0,2026-09-28 05:49:42.078546
398563,AFR83UK ,France,1790574574.0,1790574574,2.1661,49.1188,1676.4,False,127.11,249.88,-4.55,,1828.8,1000,False,0,2026-09-28 05:49:42.078546
398566,AFR1830 ,France,1790574574.0,1790574574,3.5884,48.9502,5334.0,False,207.13,96.56,8.78,,5585.46,1000,False,0,2026-09-28 05:49:42.078546
47bfb3,NOZ1BG  ,Norway,1790574575.0,1790574575,10.8601,61.7075,9159.24,False,191.28,194.48,-10.4,,9357.36,,False,0,2026-09-28 05:49:42.078546
4caa57,RYR34PP ,Ireland,1790574574.0,1790574574,-4.858,53.427,7901.94,False,243.34,93.76,9.43,,8001.0,1421,False,0,2026-09-28 05:49:42.078546
4caa58,RYR1CA  ,Ireland,1790574574.0,1790574574,3.0522,50.7076,11978.64,False,226.32,124.63,8.78,,12298.68,0562,False,0,2026-09-28 05:49:42.078546
4caa59,RYR78JJ ,Ireland,1790574574.0,1790574574,-8.7578,34.2844,10972.8,False,230.57,12.24,0.0,,11468.1,6401,False,0,2026-09-28 05:49:42.078546
04c390,JMA8712 ,Kenya,1790574471.0,1790574471,37.7175,-1.9386,6537.96,False,153.89,134.05,4.23,,6918.96,,False,0,2026-09-28 05:49:42.078546
c00714,H125V   ,Canada,1790574574.0,1790574574,-79.8083,43.7081,495.3,False,33.02,94.47,0.0,,487.68,3227,False,0,2026-09-28 05:49:42.078546
451cc1,ASL70J  ,Bulgaria,1790574574.0,1790574574,20.2915,44.8231,,True,8.23,300.94,,,,,False,0,2026-09-28 05:49:42.078546
4b1919,SWR41G  ,Switzerland,1790574574.0,1790574575,-95.5451,49.9458,10058.4,False,271.76,44.16,0.0,,10271.76,,False,0,2026-09-28 05:49:42.078546
7c4811,JST154  ,Australia,1790574574.0,1790574574,172.4713,-36.2096,10363.2,False,212.61,299.42,0.0,,10378.44,,False,0,2026-09-28 05:49:42.078546
abc0e4,SWA2225 ,United States,1790574574.0,1790574575,-122.0298,42.798,12192.0,False,241.91,1.83,0.0,,12466.32,3306,False,0,2026-09-28 05:49:42.078546
04c377,RNG931  ,Kenya,1790574574.0,1790574575,36.6191,-1.3843,3048.0,False,85.94,121.79,-2.93,,3223.26,,False,0,2026-09-28 05:49:42.078546
a0c7b3,ABX3104 ,United States,1790574574.0,1790574575,-116.2607,33.8559,6179.82,False,186.77,277.44,-10.73,,6446.52,6613,False,0,2026-09-28 05:49:42.078546
7c4803,OID     ,Australia,1790574574.0,1790574574,115.7752,-32.5218,426.72,False,88.31,185.01,-0.33,,457.2,1200,False,0,2026-09-28 05:49:42.078546
e94c88,BOV766  ,Bolivia,1790574574.0,1790574574,-69.2339,-4.7703,12192.0,False,237.98,336.43,0.0,,13014.96,,False,0,2026-09-28 05:49:42.078546
458664,CAT759  ,Denmark,1790574575.0,1790574575,16.9084,46.3936,11277.6,False,251.32,165.05,0.0,,11696.7,3517,False,0,2026-09-28 05:49:42.078546
458666,CAT741  ,Denmark,1790574574.0,1790574574,13.6962,43.7351,11277.6,False,235.49,159.94,0.0,,11719.56,3517,False,0,2026-09-28 05:49:42.078546
